query1,query2,车辆候选列表,app,车大类,车小类,标注人,Unnamed: 7,Unnamed: 8,Unnamed: 9,Unnamed: 10,Unnamed: 11,Unnamed: 12,Unnamed: 13,Unnamed: 14,Unnamed: 15,Unnamed: 16,Unnamed: 17,Unnamed: 18,Unnamed: 19,_vehicle_pairs,_gt_category,_gt_mode,_history,_query
打车到望京SOHO，用高德帮我叫辆豪华车。,到蓝色港湾，用滴滴帮我叫辆出租车。,"|序号id|应用名称|车型大类|车辆类型|价格|
|---|---|---|---|---|
|0|滴滴|推荐|花小猪正价版|14.93|
|1|滴滴|推荐|特惠快车|15.24|
|2|滴滴|推荐|滴滴快车|16.77|
|3|滴滴|推荐|特快出租车|17.25|
|4|滴滴|推荐|滴滴特快|18.90|
|5|滴滴|拼车|特价拼车|16.04-17.51|
|6|滴滴|拼车|极速拼车|13.37-14.98|
|7|滴滴|特价|花小猪外接版|20.56|
|8|滴滴|特价|惊喜特价|22.30|
|9|滴滴|快速|曹操出行|23.66|
|10|滴滴|快速|出租车|24.20|
|11|滴滴|快速|滴滴轻享|27.08|
|12|滴滴|快速|滴滴特快|27.52|
|13|滴滴|快速|滴滴优享|27.58|
|14|滴滴|快速|滴滴快车|27.67|
|15|滴滴|快速|宽敞好车|28.13|
|16|滴滴|快速|方舟行|28.26|
|17|滴滴|舒适|滴滴专车|38.02|
|18|滴滴|六座|六座专车|52.94|
|19|滴滴|六座|六座豪华车|53.51|
|20|滴滴|六座|六座快车|54.34|",滴滴,无,特快出租车，出租车,王笑,,,,,,,,,,,,,,"[{'六座': '六座专车'}, {'六座': '六座快车'}, {'六座': '六座豪华车'}, {'快速': '出租车'}, {'快速': '宽敞好车'}, {'快速': '方舟行'}, {'快速': '曹操出行'}, {'快速': '滴滴优享'}, {'快速': '滴滴快车'}, {'快速': '滴滴特快'}, {'快速': '滴滴轻享'}, {'拼车': '极速拼车'}, {'拼车': '特价拼车'}, {'推荐': '滴滴快车'}, {'推荐': '滴滴特快'}, {'推荐': '特快出租车'}, {'推荐': '特惠快车'}, {'推荐': '花小猪正价版'}, {'特价': '惊喜特价'}, {'特价': '花小猪外接版'}, {'舒适': '滴滴专车'}]",无,特快出租车，出租车,1. 打车到望京SOHO，用高德帮我叫辆豪华车。,到蓝色港湾，用滴滴帮我叫辆出租车。
我想去首都机场T3，用滴滴叫辆专车。,打车到颐和园东宫门，叫辆拼车。,"|序号id|应用名称|车型大类|车辆类型|价格|
|---|---|---|---|---|
|0|滴滴|推荐|花小猪正价版|23.96|
|1|滴滴|推荐|特惠快车|25.00|
|2|滴滴|推荐|滴滴快车|26.16|
|3|滴滴|推荐|特快出租车|27.82|
|4|滴滴|推荐|滴滴特快|29.16|
|5|滴滴|拼车|特价拼车|19.00-20.50|
|6|滴滴|拼车|极速拼车|22.62-23.72|
|7|滴滴|拼车|滴滴小巴|25.44-27.21|
|8|滴滴|特价|花小猪外接版|30.55|
|9|滴滴|快速|曹操出行|38.83|
|10|滴滴|快速|出租车|39.63|
|11|滴滴|快速|滴滴轻享|40.51|
|12|滴滴|快速|滴滴特快|41.69|
|13|滴滴|快速|滴滴优享|42.03|
|14|滴滴|快速|滴滴快车|42.91|
|15|滴滴|快速|宽敞好车|43.23|
|16|滴滴|舒适|滴滴专车|66.57|
|17|滴滴|六座|六座专车|92.84|
|18|滴滴|六座|六座豪华车|95.21|",无,拼车,无,王笑,,,,,,,,,,,,,,"[{'六座': '六座专车'}, {'六座': '六座豪华车'}, {'快速': '出租车'}, {'快速': '宽敞好车'}, {'快速': '曹操出行'}, {'快速': '滴滴优享'}, {'快速': '滴滴快车'}, {'快速': '滴滴特快'}, {'快速': '滴滴轻享'}, {'拼车': '极速拼车'}, {'拼车': '滴滴小巴'}, {'拼车': '特价拼车'}, {'推荐': '滴滴快车'}, {'推荐': '滴滴特快'}, {'推荐': '特快出租车'}, {'推荐': '特惠快车'}, {'推荐': '花小猪正价版'}, {'特价': '花小猪外接版'}, {'舒适': '滴滴专车'}]",拼车,无,1. 我想去首都机场T3，用滴滴叫辆专车。,打车到颐和园东宫门，叫辆拼车。
要去国贸三期，帮我叫辆出租车。,要去圆明园遗址公园，帮我叫辆特惠车。,"|序号id|应用名称|车型大类|车辆类型|价格|
|---|---|---|---|---|
|0|滴滴|推荐|花小猪正价版|22.83|
|1|滴滴|推荐|特惠快车|23.53|
|2|滴滴|推荐|滴滴快车|23.72|
|3|滴滴|推荐|特快出租车|24.78|
|4|滴滴|推荐|滴滴特快|26.23|
|5|滴滴|拼车|特价拼车|23.23-24.53|
|6|滴滴|拼车|极速拼车|26.07-27.08|
|7|滴滴|特价|花小猪外接版|30.00|
|8|滴滴|特价|惊喜特价|31.90|
|9|滴滴|快速|曹操出行|41.16|
|10|滴滴|快速|出租车|41.47|
|11|滴滴|快速|滴滴轻享|41.67|
|12|滴滴|快速|滴滴特快|42.01|
|13|滴滴|快速|滴滴优享|42.79|
|14|滴滴|快速|滴滴快车|44.72|
|15|滴滴|快速|宽敞好车|44.74|
|16|滴滴|快速|方舟行|45.48|
|17|滴滴|快速|长沙新出租|45.64|
|18|滴滴|快速|武汉新出租|46.43|
|19|滴滴|舒适|滴滴专车|54.76|
|20|滴滴|舒适|滴滴豪华车|55.61|
|21|滴滴|六座|六座专车|81.25|
|22|滴滴|六座|六座豪华车|85.85|",无,特价,特惠快车，特价拼车,王笑,,,,,,,,,,,,,,"[{'六座': '六座专车'}, {'六座': '六座豪华车'}, {'快速': '出租车'}, {'快速': '宽敞好车'}, {'快速': '方舟行'}, {'快速': '曹操出行'}, {'快速': '武汉新出租'}, {'快速': '滴滴优享'}, {'快速': '滴滴快车'}, {'快速': '滴滴特快'}, {'快速': '滴滴轻享'}, {'快速': '长沙新出租'}, {'拼车': '极速拼车'}, {'拼车': '特价拼车'}, {'推荐': '滴滴快车'}, {'推荐': '滴滴特快'}, {'推荐': '特快出租车'}, {'推荐': '特惠快车'}, {'推荐': '花小猪正价版'}, {'特价': '惊喜特价'}, {'特价': '花小猪外接版'}, {'舒适': '滴滴专车'}, {'舒适': '滴滴豪华车'}]",特价,特惠快车，特价拼车,1. 要去国贸三期，帮我叫辆出租车。,要去圆明园遗址公园，帮我叫辆特惠车。
到中关村创业大街，用滴滴叫辆拼车。,那边堵车吗,"|序号id|应用名称|车型大类|车辆类型|价格|
|---|---|---|---|---|
|0|滴滴|推荐|花小猪正价版|21.37|
|1|滴滴|推荐|特惠快车|26.72|
|2|滴滴|推荐|滴滴快车|27.05|
|3|滴滴|推荐|特快出租车|27.24|
|4|滴滴|拼车|特价拼车|24.20-25.62|
|5|滴滴|拼车|极速拼车|25.76-27.35|
|6|滴滴|特价|花小猪外接版|30.78|
|7|滴滴|特价|惊喜特价|31.44|
|8|滴滴|快速|曹操出行|37.72|
|9|滴滴|快速|出租车|37.77|
|10|滴滴|快速|滴滴轻享|38.19|
|11|滴滴|快速|滴滴特快|38.90|
|12|滴滴|快速|滴滴优享|39.59|
|13|滴滴|快速|滴滴快车|40.39|
|14|滴滴|快速|宽敞好车|40.55|
|15|滴滴|快速|方舟行|40.83|
|16|滴滴|快速|长沙新出租|40.99|
|17|滴滴|快速|武汉新出租|43.12|
|18|滴滴|舒适|滴滴专车|64.06|
|19|滴滴|舒适|滴滴豪华车|65.25|
|20|滴滴|六座|六座专车|97.68|",滴滴,拼车,无,王笑,,,,,,,,,,,,,,"[{'六座': '六座专车'}, {'快速': '出租车'}, {'快速': '宽敞好车'}, {'快速': '方舟行'}, {'快速': '曹操出行'}, {'快速': '武汉新出租'}, {'快速': '滴滴优享'}, {'快速': '滴滴快车'}, {'快速': '滴滴特快'}, {'快速': '滴滴轻享'}, {'快速': '长沙新出租'}, {'拼车': '极速拼车'}, {'拼车': '特价拼车'}, {'推荐': '滴滴快车'}, {'推荐': '特快出租车'}, {'推荐': '特惠快车'}, {'推荐': '花小猪正价版'}, {'特价': '惊喜特价'}, {'特价': '花小猪外接版'}, {'舒适': '滴滴专车'}, {'舒适': '滴滴豪华车'}]",拼车,无,1. 到中关村创业大街，用滴滴叫辆拼车。,那边堵车吗
打车到798艺术区，叫辆特惠车。,便宜就好,"|序号id|应用名称|车型大类|车辆类型|价格|
|---|---|---|---|---|
|0|滴滴|推荐|花小猪正价版|15.26|
|1|滴滴|推荐|特惠快车|15.46|
|2|滴滴|推荐|滴滴快车|17.00|
|3|滴滴|推荐|特快出租车|18.27|
|4|滴滴|推荐|滴滴特快|19.86|
|5|滴滴|拼车|特价拼车|22.40-24.22|
|6|滴滴|拼车|极速拼车|20.94-22.86|
|7|滴滴|拼车|滴滴小巴|19.76-21.24|
|8|滴滴|特价|花小猪外接版|26.18|
|9|滴滴|特价|惊喜特价|26.23|
|10|滴滴|快速|曹操出行|38.16|
|11|滴滴|快速|出租车|38.84|
|12|滴滴|快速|滴滴轻享|39.15|
|13|滴滴|快速|滴滴特快|39.39|
|14|滴滴|快速|滴滴优享|39.67|
|15|滴滴|快速|滴滴快车|41.49|
|16|滴滴|快速|宽敞好车|41.94|
|17|滴滴|快速|方舟行|41.96|
|18|滴滴|快速|长沙新出租|42.08|
|19|滴滴|舒适|滴滴专车|44.68|
|20|滴滴|舒适|滴滴豪华车|44.71|
|21|滴滴|六座|六座专车|86.12|
|22|滴滴|六座|六座豪华车|86.81|",无,特价,特惠快车，特价拼车,王笑,,,,,,,,,,,,,,"[{'六座': '六座专车'}, {'六座': '六座豪华车'}, {'快速': '出租车'}, {'快速': '宽敞好车'}, {'快速': '方舟行'}, {'快速': '曹操出行'}, {'快速': '滴滴优享'}, {'快速': '滴滴快车'}, {'快速': '滴滴特快'}, {'快速': '滴滴轻享'}, {'快速': '长沙新出租'}, {'拼车': '极速拼车'}, {'拼车': '滴滴小巴'}, {'拼车': '特价拼车'}, {'推荐': '滴滴快车'}, {'推荐': '滴滴特快'}, {'推荐': '特快出租车'}, {'推荐': '特惠快车'}, {'推荐': '花小猪正价版'}, {'特价': '惊喜特价'}, {'特价': '花小猪外接版'}, {'舒适': '滴滴专车'}, {'舒适': '滴滴豪华车'}]",特价,特惠快车，特价拼车,1. 打车到798艺术区，叫辆特惠车。,便宜就好
我要去三里屯太古里，用滴滴叫辆豪华车。,我想去鸟巢，用滴滴叫辆出租车。,"|序号id|应用名称|车型大类|车辆类型|价格|
|---|---|---|---|---|
|0|滴滴|推荐|花小猪正价版|17.23|
|1|滴滴|推荐|特惠快车|17.79|
|2|滴滴|推荐|滴滴快车|17.85|
|3|滴滴|推荐|特快出租车|20.01|
|4|滴滴|拼车|特价拼车|19.96-21.19|
|5|滴滴|特价|花小猪外接版|28.18|
|6|滴滴|特价|惊喜特价|31.23|
|7|滴滴|快速|曹操出行|39.58|
|8|滴滴|快速|出租车|39.96|
|9|滴滴|快速|滴滴轻享|40.67|
|10|滴滴|快速|滴滴特快|42.58|
|11|滴滴|快速|滴滴优享|43.54|
|12|滴滴|快速|滴滴快车|44.28|
|13|滴滴|快速|宽敞好车|44.54|
|14|滴滴|快速|方舟行|44.65|
|15|滴滴|舒适|滴滴专车|63.30|
|16|滴滴|舒适|滴滴豪华车|63.54|
|17|滴滴|六座|六座专车|78.68|",滴滴,无,特快出租车，出租车,王笑,,,,,,,,,,,,,,"[{'六座': '六座专车'}, {'快速': '出租车'}, {'快速': '宽敞好车'}, {'快速': '方舟行'}, {'快速': '曹操出行'}, {'快速': '滴滴优享'}, {'快速': '滴滴快车'}, {'快速': '滴滴特快'}, {'快速': '滴滴轻享'}, {'拼车': '特价拼车'}, {'推荐': '滴滴快车'}, {'推荐': '特快出租车'}, {'推荐': '特惠快车'}, {'推荐': '花小猪正价版'}, {'特价': '惊喜特价'}, {'特价': '花小猪外接版'}, {'舒适': '滴滴专车'}, {'舒适': '滴滴豪华车'}]",无,特快出租车，出租车,1. 我要去三里屯太古里，用滴滴叫辆豪华车。,我想去鸟巢，用滴滴叫辆出租车。
到五棵松体育馆，帮我叫辆专车。,到景山公园西门，帮我叫辆拼车。,"|序号id|应用名称|车型大类|车辆类型|价格|
|---|---|---|---|---|
|0|滴滴|推荐|花小猪正价版|14.93|
|1|滴滴|推荐|特惠快车|15.24|
|2|滴滴|推荐|滴滴快车|16.77|
|3|滴滴|推荐|特快出租车|17.25|
|4|滴滴|推荐|滴滴特快|18.90|
|5|滴滴|拼车|特价拼车|16.04-17.51|
|6|滴滴|拼车|极速拼车|13.37-14.98|
|7|滴滴|特价|花小猪外接版|20.56|
|8|滴滴|特价|惊喜特价|22.30|
|9|滴滴|快速|曹操出行|23.66|
|10|滴滴|快速|出租车|24.20|
|11|滴滴|快速|滴滴轻享|27.08|
|12|滴滴|快速|滴滴特快|27.52|
|13|滴滴|快速|滴滴优享|27.58|
|14|滴滴|快速|滴滴快车|27.67|
|15|滴滴|快速|宽敞好车|28.13|
|16|滴滴|快速|方舟行|28.26|
|17|滴滴|舒适|滴滴专车|38.02|
|18|滴滴|六座|六座专车|52.94|
|19|滴滴|六座|六座豪华车|53.51|
|20|滴滴|六座|六座快车|54.34|",无,拼车,无,王笑,,,,,,,,,,,,,,"[{'六座': '六座专车'}, {'六座': '六座快车'}, {'六座': '六座豪华车'}, {'快速': '出租车'}, {'快速': '宽敞好车'}, {'快速': '方舟行'}, {'快速': '曹操出行'}, {'快速': '滴滴优享'}, {'快速': '滴滴快车'}, {'快速': '滴滴特快'}, {'快速': '滴滴轻享'}, {'拼车': '极速拼车'}, {'拼车': '特价拼车'}, {'推荐': '滴滴快车'}, {'推荐': '滴滴特快'}, {'推荐': '特快出租车'}, {'推荐': '特惠快车'}, {'推荐': '花小猪正价版'}, {'特价': '惊喜特价'}, {'特价': '花小猪外接版'}, {'舒适': '滴滴专车'}]",拼车,无,1. 到五棵松体育馆，帮我叫辆专车。,到景山公园西门，帮我叫辆拼车。
打车到西单大悦城，用高德叫辆出租车。,打车到北海公园北门，叫辆特惠车。,"|序号id|应用名称|车型大类|车辆类型|价格|
|---|---|---|---|---|
|0|滴滴|推荐|花小猪正价版|17.23|
|1|滴滴|推荐|特惠快车|17.79|
|2|滴滴|推荐|滴滴快车|17.85|
|3|滴滴|推荐|特快出租车|20.01|
|4|滴滴|拼车|特价拼车|19.96-21.19|
|5|滴滴|特价|花小猪外接版|28.18|
|6|滴滴|特价|惊喜特价|31.23|
|7|滴滴|快速|曹操出行|39.58|
|8|滴滴|快速|出租车|39.96|
|9|滴滴|快速|滴滴轻享|40.67|
|10|滴滴|快速|滴滴特快|42.58|
|11|滴滴|快速|滴滴优享|43.54|
|12|滴滴|快速|滴滴快车|44.28|
|13|滴滴|快速|宽敞好车|44.54|
|14|滴滴|快速|方舟行|44.65|
|15|滴滴|舒适|滴滴专车|63.30|
|16|滴滴|舒适|滴滴豪华车|63.54|
|17|滴滴|六座|六座专车|78.68|",无,特价,特惠快车，特价拼车,王笑,,,,,,,,,,,,,,"[{'六座': '六座专车'}, {'快速': '出租车'}, {'快速': '宽敞好车'}, {'快速': '方舟行'}, {'快速': '曹操出行'}, {'快速': '滴滴优享'}, {'快速': '滴滴快车'}, {'快速': '滴滴特快'}, {'快速': '滴滴轻享'}, {'拼车': '特价拼车'}, {'推荐': '滴滴快车'}, {'推荐': '特快出租车'}, {'推荐': '特惠快车'}, {'推荐': '花小猪正价版'}, {'特价': '惊喜特价'}, {'特价': '花小猪外接版'}, {'舒适': '滴滴专车'}, {'舒适': '滴滴豪华车'}]",特价,特惠快车，特价拼车,1. 打车到西单大悦城，用高德叫辆出租车。,打车到北海公园北门，叫辆特惠车。
想去国家会议中心，叫辆拼车。,天气怎么样,"|序号id|应用名称|车型大类|车辆类型|价格|
|---|---|---|---|---|
|0|滴滴|推荐|花小猪正价版|24.65|
|1|滴滴|推荐|特惠快车|24.96|
|2|滴滴|推荐|滴滴快车|25.13|
|3|滴滴|推荐|特快出租车|25.32|
|4|滴滴|推荐|滴滴特快|25.36|
|5|滴滴|拼车|特价拼车|29.52-31.38|
|6|滴滴|拼车|极速拼车|29.89-31.79|
|7|滴滴|特价|花小猪外接版|37.76|
|8|滴滴|特价|惊喜特价|38.08|
|9|滴滴|特价|特惠快车|41.97|
|10|滴滴|快速|曹操出行|52.64|
|11|滴滴|快速|出租车|53.11|
|12|滴滴|快速|滴滴轻享|53.23|
|13|滴滴|快速|滴滴特快|53.37|
|14|滴滴|快速|滴滴优享|53.82|
|15|滴滴|快速|滴滴快车|54.66|
|16|滴滴|快速|宽敞好车|54.67|
|17|滴滴|快速|方舟行|55.78|
|18|滴滴|快速|长沙新出租|56.10|
|19|滴滴|快速|武汉新出租|56.84|
|20|滴滴|快速|丽江新出租|57.41|
|21|滴滴|舒适|滴滴专车|64.56|
|22|滴滴|六座|六座专车|101.20|",无,拼车,无,陆迎,,,,,,,,,,,,,,"[{'六座': '六座专车'}, {'快速': '丽江新出租'}, {'快速': '出租车'}, {'快速': '宽敞好车'}, {'快速': '方舟行'}, {'快速': '曹操出行'}, {'快速': '武汉新出租'}, {'快速': '滴滴优享'}, {'快速': '滴滴快车'}, {'快速': '滴滴特快'}, {'快速': '滴滴轻享'}, {'快速': '长沙新出租'}, {'拼车': '极速拼车'}, {'拼车': '特价拼车'}, {'推荐': '滴滴快车'}, {'推荐': '滴滴特快'}, {'推荐': '特快出租车'}, {'推荐': '特惠快车'}, {'推荐': '花小猪正价版'}, {'特价': '惊喜特价'}, {'特价': '特惠快车'}, {'特价': '花小猪外接版'}, {'舒适': '滴滴专车'}]",拼车,无,1. 想去国家会议中心，叫辆拼车。,天气怎么样
到北京南站，用滴滴帮我叫辆特惠车。,便宜就行,"|序号id|应用名称|车型大类|车辆类型|价格|
|---|---|---|---|---|
|0|滴滴|推荐|花小猪正价版|20.36|
|1|滴滴|推荐|特惠快车|20.69|
|2|滴滴|推荐|滴滴快车|21.55|
|3|滴滴|推荐|特快出租车|21.91|
|4|滴滴|推荐|滴滴特快|23.00|
|5|滴滴|拼车|特价拼车|20.39-21.71|
|6|滴滴|拼车|极速拼车|20.48-22.30|
|7|滴滴|特价|花小猪外接版|21.67|
|8|滴滴|特价|惊喜特价|23.28|
|9|滴滴|快速|曹操出行|28.91|
|10|滴滴|快速|出租车|29.09|
|11|滴滴|快速|滴滴轻享|30.17|
|12|滴滴|快速|滴滴特快|30.50|
|13|滴滴|快速|滴滴优享|31.07|
|14|滴滴|快速|滴滴快车|31.79|
|15|滴滴|快速|宽敞好车|32.31|
|16|滴滴|快速|方舟行|32.65|
|17|滴滴|快速|长沙新出租|33.35|
|18|滴滴|快速|武汉新出租|34.68|
|19|滴滴|舒适|滴滴专车|42.95|
|20|滴滴|六座|六座专车|77.10|
|21|滴滴|六座|六座豪华车|78.82|",滴滴,特价,特惠快车，特价拼车,陆迎,,,,,,,,,,,,,,"[{'六座': '六座专车'}, {'六座': '六座豪华车'}, {'快速': '出租车'}, {'快速': '宽敞好车'}, {'快速': '方舟行'}, {'快速': '曹操出行'}, {'快速': '武汉新出租'}, {'快速': '滴滴优享'}, {'快速': '滴滴快车'}, {'快速': '滴滴特快'}, {'快速': '滴滴轻享'}, {'快速': '长沙新出租'}, {'拼车': '极速拼车'}, {'拼车': '特价拼车'}, {'推荐': '滴滴快车'}, {'推荐': '滴滴特快'}, {'推荐': '特快出租车'}, {'推荐': '特惠快车'}, {'推荐': '花小猪正价版'}, {'特价': '惊喜特价'}, {'特价': '花小猪外接版'}, {'舒适': '滴滴专车'}]",特价,特惠快车，特价拼车,1. 到北京南站，用滴滴帮我叫辆特惠车。,便宜就行
打车到环球影城，叫辆豪华车。,到王府井百货大楼，用高德叫辆豪华车。,"|序号id|应用名称|车型大类|车辆类型|价格|
|---|---|---|---|---|
|0|高德地图|     |极速拼车|26-29|
|1|高德地图|     |特惠快车|27-29|
|2|高德地图|经济型|5U出行|29|
|3|高德地图|经济型|AA出行|29|
|4|高德地图|经济型|T3出行|29|
|5|高德地图|经济型|旗妙出行|29|
|6|高德地图|经济型|深圳出租|30|
|7|高德地图|经济型|星徽出行|30|
|8|高德地图|经济型|中交出行|30|
|9|高德地图|经济型|J刻出行|30|
|10|高德地图|经济型|飞嘀打车|30|
|11|高德地图|经济型|橄榄新出租|30|
|12|高德地图|经济型|享道出行|30|
|13|高德地图|经济型|聚的新出租|32|
|14|高德地图|经济型|妥妥E行|32|
|15|高德地图|经济型|及时用车|32|
|16|高德地图|经济型|K9用车|32|
|17|高德地图|经济型|斑马快跑|33|
|18|高德地图|经济型|阳光出行|33|
|19|高德地图|经济型|神州专车|33|
|20|高德地图|经济型|北京的士|33|
|21|高德地图|特快车|超值体验 更快上车|37|
|22|高德地图|出租车|车多应答快|39|
|23|高德地图|优享型|添猫出行|40|
|24|高德地图|优享型|旗妙出行|40|
|25|高德地图|优享型|全民GO|41|
|26|高德地图|优享型|及时用车|41|
|27|高德地图|优享型|优e出行特选|41|
|28|高德地图|优享型|AA出行|41|
|29|高德地图|优享型|曹操出行|41|
|30|高德地图|优享型|环旅出行|41|
|31|高德地图|优享型|首汽约车|42|
|32|高德地图|优享型|斑马快跑|42|
|33|高德地图|优享型|东潮出行|44|
|34|高德地图|优享型|T3出行|44|
|35|高德地图|优享型|神州专车|44|
|36|高德地图|优享型|星徽出行|44|
|37|高德地图|轻享专车|静音不打扰 整洁无异味|45|
|38|高德地图|品质专车|静音不打扰 整洁无异味|50|
|39|高德地图|六座商务|宽敞空间 商务体验|54|
|40|高德地图|豪华型|车型高端 服务专业|60|
|41|高德地图|经济|首汽约车|70|
|42|高德地图|拼车|出租车拼车|76|
|43|高德地图|特价出发|惊喜特价|81|
|44|高德地图|特价出发|更多特价|83|
|45|高德地图|快速出发|无|92|
|46|高德地图|惠享专车|及时用车|99|
|47|高德地图|推荐|推荐专车|111|
|48|高德地图|豪华型|undefined|78-80|",高德,豪华型,无,陆迎,,,,,,,,,,,,,,"[{'': '极速拼车'}, {'': '特惠快车'}, {'优享型': 'AA出行'}, {'优享型': 'T3出行'}, {'优享型': '东潮出行'}, {'优享型': '优e出行特选'}, {'优享型': '全民GO'}, {'优享型': '及时用车'}, {'优享型': '斑马快跑'}, {'优享型': '旗妙出行'}, {'优享型': '星徽出行'}, {'优享型': '曹操出行'}, {'优享型': '添猫出行'}, {'优享型': '环旅出行'}, {'优享型': '神州专车'}, {'优享型': '首汽约车'}, {'六座商务': '宽敞空间 商务体验'}, {'出租车': '车多应答快'}, {'品质专车': '静音不打扰 整洁无异味'}, {'快速出发': '无'}, {'惠享专车': '及时用车'}, {'拼车': '出租车拼车'}, {'推荐': '推荐专车'}, {'特价出发': '惊喜特价'}, {'特价出发': '更多特价'}, {'特快车': '超值体验 更快上车'}, {'经济': '首汽约车'}, {'经济型': '5U出行'}, {'经济型': 'AA出行'}, {'经济型': 'J刻出行'}, {'经济型': 'K9用车'}, {'经济型': 'T3出行'}, {'经济型': '中交出行'}, {'经济型': '享道出行'}, {'经济型': '北京的士'}, {'经济型': '及时用车'}, {'经济型': '妥妥E行'}, {'经济型': '斑马快跑'}, {'经济型': '旗妙出行'}, {'经济型': '星徽出行'}, {'经济型': '橄榄新出租'}, {'经济型': '深圳出租'}, {'经济型': '神州专车'}, {'经济型': '聚的新出租'}, {'经济型': '阳光出行'}, {'经济型': '飞嘀打车'}, {'豪华型': '车型高端 服务专业'}, {'轻享专车': '静音不打扰 整洁无异味'}]",豪华型,无,1. 打车到环球影城，叫辆豪华车。,到王府井百货大楼，用高德叫辆豪华车。
我想去协和医院东院，用高德叫辆专车,打车到南锣鼓巷，叫辆专车。,"|序号id|应用名称|车型大类|车辆类型|价格|
|---|---|---|---|---|
|0|高德地图|     |极速拼车|55-56|
|1|高德地图|     |特惠快车|58-58|
|2|高德地图|经济型|旅程出租|64|
|3|高德地图|经济型|旗妙出行|64|
|4|高德地图|经济型|J刻出行|66|
|5|高德地图|经济型|日初出行|66|
|6|高德地图|经济型|5U出行|66|
|7|高德地图|经济型|北京新出租|67|
|8|高德地图|经济型|AA出行|67|
|9|高德地图|经济型|国泰出租|67|
|10|高德地图|经济型|深圳出租|67|
|11|高德地图|经济型|900出行|67|
|12|高德地图|经济型|有序出行|68|
|13|高德地图|经济型|星徽出行|68|
|14|高德地图|经济型|365约车|68|
|15|高德地图|经济型|北京的士|68|
|16|高德地图|特快车|超值体验 更快上车|71|
|17|高德地图|出租车|车多应答快|81|
|18|高德地图|优享型|腾飞出行|86|
|19|高德地图|优享型|旗妙出行|86|
|20|高德地图|优享型|全民GO|86|
|21|高德地图|优享型|火箭出行|87|
|22|高德地图|优享型|风韵出行|87|
|23|高德地图|优享型|优e出行特选|87|
|24|高德地图|优享型|及时用车|88|
|25|高德地图|优享型|AA出行|88|
|26|高德地图|优享型|飞嘀打车|88|
|27|高德地图|优享型|阳光出行|89|
|28|高德地图|优享型|环旅出行|90|
|29|高德地图|优享型|中交出行|90|
|30|高德地图|轻享专车|静音不打扰 整洁无异味|99|
|31|高德地图|品质专车|静音不打扰 整洁无异味|106|
|32|高德地图|六座商务|宽敞空间 商务体验|118|
|33|高德地图|豪华型|车型高端 服务专业|128|
|34|高德地图|经济|首汽约车|141|
|35|高德地图|拼车|特惠快车|157|
|36|高德地图|特价出发|更多特价|171|
|37|高德地图|快速出发|无|188|
|38|高德地图|惠享专车|及时用车|206|
|39|高德地图|惠享专车|T3出行|208|
|40|高德地图|推荐|推荐专车|228|
|41|高德地图|豪华型|undefined|149-153|",无,轻享专车，品质专车，惠享专车,推荐专车,陆迎,,,,,,,,,,,,,,"[{'': '极速拼车'}, {'': '特惠快车'}, {'优享型': 'AA出行'}, {'优享型': '中交出行'}, {'优享型': '优e出行特选'}, {'优享型': '全民GO'}, {'优享型': '及时用车'}, {'优享型': '旗妙出行'}, {'优享型': '火箭出行'}, {'优享型': '环旅出行'}, {'优享型': '腾飞出行'}, {'优享型': '阳光出行'}, {'优享型': '风韵出行'}, {'优享型': '飞嘀打车'}, {'六座商务': '宽敞空间 商务体验'}, {'出租车': '车多应答快'}, {'品质专车': '静音不打扰 整洁无异味'}, {'快速出发': '无'}, {'惠享专车': 'T3出行'}, {'惠享专车': '及时用车'}, {'拼车': '特惠快车'}, {'推荐': '推荐专车'}, {'特价出发': '更多特价'}, {'特快车': '超值体验 更快上车'}, {'经济': '首汽约车'}, {'经济型': '365约车'}, {'经济型': '5U出行'}, {'经济型': '900出行'}, {'经济型': 'AA出行'}, {'经济型': 'J刻出行'}, {'经济型': '北京新出租'}, {'经济型': '北京的士'}, {'经济型': '国泰出租'}, {'经济型': '旅程出租'}, {'经济型': '旗妙出行'}, {'经济型': '日初出行'}, {'经济型': '星徽出行'}, {'经济型': '有序出行'}, {'经济型': '深圳出租'}, {'豪华型': '车型高端 服务专业'}, {'轻享专车': '静音不打扰 整洁无异味'}]",轻享专车，品质专车，惠享专车,推荐专车,1. 我想去协和医院东院，用高德叫辆专车,打车到南锣鼓巷，叫辆专车。
到丰台科技园，帮我叫辆豪华车。,我赶时间,"|序号id|应用名称|车型大类|车辆类型|价格|
|---|---|---|---|---|
|0|高德地图|     |极速拼车|46-48|
|1|高德地图|     |特惠快车|52-53|
|2|高德地图|经济型|日初出行|55|
|3|高德地图|经济型|及时用车|56|
|4|高德地图|经济型|5U出行|56|
|5|高德地图|经济型|北京新出租|56|
|6|高德地图|经济型|曹操出行|57|
|7|高德地图|经济型|中军出行|57|
|8|高德地图|经济型|深圳出租|57|
|9|高德地图|经济型|首汽约车|57|
|10|高德地图|经济型|神州专车|57|
|11|高德地图|经济型|方舟行|58|
|12|高德地图|经济型|北京的士|58|
|13|高德地图|经济型|T3出行|59|
|14|高德地图|经济型|有序出行|59|
|15|高德地图|经济型|渔阳出行|59|
|16|高德地图|经济型|橄榄新出租|59|
|17|高德地图|经济型|365约车|59|
|18|高德地图|经济型|国泰出租|59|
|19|高德地图|经济型|聚的新出租|59|
|20|高德地图|特快车|超值体验 更快上车|63|
|21|高德地图|出租车|车多应答快|67|
|22|高德地图|优享型|添猫出行|74|
|23|高德地图|优享型|腾飞出行|74|
|24|高德地图|优享型|全民GO|74|
|25|高德地图|优享型|妥妥E行|75|
|26|高德地图|优享型|风韵出行|75|
|27|高德地图|优享型|优e出行特选|75|
|28|高德地图|优享型|飞嘀打车|75|
|29|高德地图|优享型|首汽约车|77|
|30|高德地图|优享型|神州专车|77|
|31|高德地图|优享型|东潮出行|78|
|32|高德地图|优享型|T3出行|78|
|33|高德地图|优享型|环旅出行|78|
|34|高德地图|轻享专车|静音不打扰 整洁无异味|82|
|35|高德地图|品质专车|静音不打扰 整洁无异味|90|
|36|高德地图|六座商务|宽敞空间 商务体验|103|
|37|高德地图|豪华型|车型高端 服务专业|109|
|38|高德地图|经济|首汽约车|121|
|39|高德地图|拼车|特惠快车|136|
|40|高德地图|特价出发|更多特价|149|
|41|高德地图|快速出发|无|165|
|42|高德地图|惠享专车|添猫出行|180|
|43|高德地图|推荐|极速拼车|197|
|44|高德地图|推荐|推荐专车|198|
|45|高德地图|豪华型|undefined|130-134|",无,豪华型,无,陆迎,,,,,,,,,,,,,,"[{'': '极速拼车'}, {'': '特惠快车'}, {'优享型': 'T3出行'}, {'优享型': '东潮出行'}, {'优享型': '优e出行特选'}, {'优享型': '全民GO'}, {'优享型': '妥妥E行'}, {'优享型': '添猫出行'}, {'优享型': '环旅出行'}, {'优享型': '神州专车'}, {'优享型': '腾飞出行'}, {'优享型': '风韵出行'}, {'优享型': '飞嘀打车'}, {'优享型': '首汽约车'}, {'六座商务': '宽敞空间 商务体验'}, {'出租车': '车多应答快'}, {'品质专车': '静音不打扰 整洁无异味'}, {'快速出发': '无'}, {'惠享专车': '添猫出行'}, {'拼车': '特惠快车'}, {'推荐': '推荐专车'}, {'推荐': '极速拼车'}, {'特价出发': '更多特价'}, {'特快车': '超值体验 更快上车'}, {'经济': '首汽约车'}, {'经济型': '365约车'}, {'经济型': '5U出行'}, {'经济型': 'T3出行'}, {'经济型': '中军出行'}, {'经济型': '北京新出租'}, {'经济型': '北京的士'}, {'经济型': '及时用车'}, {'经济型': '国泰出租'}, {'经济型': '方舟行'}, {'经济型': '日初出行'}, {'经济型': '曹操出行'}, {'经济型': '有序出行'}, {'经济型': '橄榄新出租'}, {'经济型': '深圳出租'}, {'经济型': '渔阳出行'}, {'经济型': '神州专车'}, {'经济型': '聚的新出租'}, {'经济型': '首汽约车'}, {'豪华型': '车型高端 服务专业'}, {'轻享专车': '静音不打扰 整洁无异味'}]",豪华型,无,1. 到丰台科技园，帮我叫辆豪华车。,我赶时间
打个拼车去良乡大学城，价格在85元以内。,那边堵车吗,"|序号id|应用名称|车型大类|车辆类型|价格|
|---|---|---|---|---|
|0|高德地图|     |极速拼车|27-29|
|1|高德地图|     |特惠快车|31-34|
|2|高德地图|经济型|添猫出行|32|
|3|高德地图|经济型|旅程出租|32|
|4|高德地图|经济型|旗妙出行|32|
|5|高德地图|经济型|日初出行|32|
|6|高德地图|经济型|及时用车|33|
|7|高德地图|经济型|K9用车|33|
|8|高德地图|经济型|AA出行|33|
|9|高德地图|经济型|如祺出行|33|
|10|高德地图|经济型|900出行|34|
|11|高德地图|经济型|斑马快跑|34|
|12|高德地图|经济型|阳光出行|34|
|13|高德地图|经济型|奇华出行|35|
|14|高德地图|经济型|有序出行|35|
|15|高德地图|经济型|神州专车|35|
|16|高德地图|经济型|星徽出行|36|
|17|高德地图|经济型|中军出行|36|
|18|高德地图|经济型|国泰出租|36|
|19|高德地图|经济型|易至出行|36|
|20|高德地图|特快车|超值体验 更快上车|36|
|21|高德地图|出租车|车多应答快|40|
|22|高德地图|优享型|旗妙出行|44|
|23|高德地图|优享型|火箭出行|44|
|24|高德地图|优享型|AA出行|45|
|25|高德地图|优享型|飞嘀打车|45|
|26|高德地图|优享型|斑马快跑|46|
|27|高德地图|优享型|阳光出行|46|
|28|高德地图|优享型|T3出行|47|
|29|高德地图|优享型|星徽出行|47|
|30|高德地图|优享型|享道出行|48|
|31|高德地图|轻享专车|静音不打扰 整洁无异味|50|
|32|高德地图|品质专车|静音不打扰 整洁无异味|56|
|33|高德地图|六座商务|宽敞空间 商务体验|59|
|34|高德地图|豪华型|车型高端 服务专业|66|
|35|高德地图|经济|首汽约车|75|
|36|高德地图|拼车|特惠快车|83|
|37|高德地图|特价出发|更多特价|87|
|38|高德地图|快速出发|无|98|
|39|高德地图|惠享专车|添猫出行|106|
|40|高德地图|推荐|极速拼车|119|
|41|高德地图|豪华型|undefined|82-87|",无,拼车,极速拼车,陆迎,,,,,,,,,,,,,,"[{'': '极速拼车'}, {'': '特惠快车'}, {'优享型': 'AA出行'}, {'优享型': 'T3出行'}, {'优享型': '享道出行'}, {'优享型': '斑马快跑'}, {'优享型': '旗妙出行'}, {'优享型': '星徽出行'}, {'优享型': '火箭出行'}, {'优享型': '阳光出行'}, {'优享型': '飞嘀打车'}, {'六座商务': '宽敞空间 商务体验'}, {'出租车': '车多应答快'}, {'品质专车': '静音不打扰 整洁无异味'}, {'快速出发': '无'}, {'惠享专车': '添猫出行'}, {'拼车': '特惠快车'}, {'推荐': '极速拼车'}, {'特价出发': '更多特价'}, {'特快车': '超值体验 更快上车'}, {'经济': '首汽约车'}, {'经济型': '900出行'}, {'经济型': 'AA出行'}, {'经济型': 'K9用车'}, {'经济型': '中军出行'}, {'经济型': '及时用车'}, {'经济型': '国泰出租'}, {'经济型': '奇华出行'}, {'经济型': '如祺出行'}, {'经济型': '斑马快跑'}, {'经济型': '旅程出租'}, {'经济型': '旗妙出行'}, {'经济型': '日初出行'}, {'经济型': '易至出行'}, {'经济型': '星徽出行'}, {'经济型': '有序出行'}, {'经济型': '添猫出行'}, {'经济型': '神州专车'}, {'经济型': '阳光出行'}, {'豪华型': '车型高端 服务专业'}, {'轻享专车': '静音不打扰 整洁无异味'}]",拼车,极速拼车,1. 打个拼车去良乡大学城，价格在85元以内。,那边堵车吗
叫辆出租车去长阳万科广场，用滴滴，价格不限。,今天有雨才会打车,"|序号id|应用名称|车型大类|车辆类型|价格|
|---|---|---|---|---|
|0|滴滴|推荐|花小猪正价版|7.73|
|1|滴滴|推荐|特惠快车|10.41|
|2|滴滴|推荐|滴滴快车|10.70|
|3|滴滴|拼车|特价拼车|3.66-5.35|
|4|滴滴|拼车|极速拼车|3.42-4.92|
|5|滴滴|拼车|滴滴小巴|6.91-8.02|
|6|滴滴|特价|花小猪外接版|9.65|
|7|滴滴|特价|惊喜特价|9.90|
|8|滴滴|快速|曹操出行|11.36|
|9|滴滴|快速|出租车|11.71|
|10|滴滴|快速|滴滴轻享|12.11|
|11|滴滴|快速|滴滴特快|12.38|
|12|滴滴|快速|滴滴优享|12.49|
|13|滴滴|快速|滴滴快车|12.57|
|14|滴滴|快速|宽敞好车|13.69|
|15|滴滴|快速|方舟行|15.40|
|16|滴滴|快速|长沙新出租|15.94|
|17|滴滴|快速|武汉新出租|15.99|
|18|滴滴|快速|丽江新出租|17.23|
|19|滴滴|舒适|滴滴专车|23.22|
|20|滴滴|六座|六座专车|36.30|
|21|滴滴|六座|六座豪华车|37.16|",滴滴,无,出租车，长沙新出租，武汉新出租，丽江新出租,陆迎,,,,,,,,,,,,,,"[{'六座': '六座专车'}, {'六座': '六座豪华车'}, {'快速': '丽江新出租'}, {'快速': '出租车'}, {'快速': '宽敞好车'}, {'快速': '方舟行'}, {'快速': '曹操出行'}, {'快速': '武汉新出租'}, {'快速': '滴滴优享'}, {'快速': '滴滴快车'}, {'快速': '滴滴特快'}, {'快速': '滴滴轻享'}, {'快速': '长沙新出租'}, {'拼车': '极速拼车'}, {'拼车': '滴滴小巴'}, {'拼车': '特价拼车'}, {'推荐': '滴滴快车'}, {'推荐': '特惠快车'}, {'推荐': '花小猪正价版'}, {'特价': '惊喜特价'}, {'特价': '花小猪外接版'}, {'舒适': '滴滴专车'}]",无,出租车，长沙新出租，武汉新出租，丽江新出租,1. 叫辆出租车去长阳万科广场，用滴滴，价格不限。,今天有雨才会打车
打车到房山线苏庄站，叫辆特惠车。,是离我最近的地铁站吗,"|序号id|应用名称|车型大类|车辆类型|价格|
|---|---|---|---|---|
|0|高德地图|     |极速拼车|54-57|
|1|高德地图|     |特惠快车|58-58|
|2|高德地图|经济型|腾飞出行|64|
|3|高德地图|经济型|添猫出行|64|
|4|高德地图|经济型|日初出行|64|
|5|高德地图|经济型|妥妥E行|64|
|6|高德地图|经济型|及时用车|64|
|7|高德地图|经济型|AA出行|66|
|8|高德地图|经济型|中军出行|66|
|9|高德地图|经济型|365约车|66|
|10|高德地图|经济型|斑马快跑|67|
|11|高德地图|经济型|T3出行|67|
|12|高德地图|经济型|橄榄新出租|68|
|13|高德地图|经济型|中交出行|68|
|14|高德地图|经济型|享道出行|68|
|15|高德地图|特快车|超值体验 更快上车|72|
|16|高德地图|出租车|车多应答快|80|
|17|高德地图|优享型|火箭出行|86|
|18|高德地图|优享型|风韵出行|86|
|19|高德地图|优享型|优e出行特选|87|
|20|高德地图|优享型|飞嘀打车|88|
|21|高德地图|优享型|首汽约车|88|
|22|高德地图|优享型|斑马快跑|88|
|23|高德地图|优享型|东潮出行|90|
|24|高德地图|优享型|T3出行|90|
|25|高德地图|优享型|环旅出行|90|
|26|高德地图|优享型|享道出行|90|
|27|高德地图|轻享专车|静音不打扰 整洁无异味|96|
|28|高德地图|品质专车|静音不打扰 整洁无异味|107|
|29|高德地图|六座商务|宽敞空间 商务体验|116|
|30|高德地图|豪华型|车型高端 服务专业|127|
|31|高德地图|经济|首汽约车|143|
|32|高德地图|拼车|特惠快车|154|
|33|高德地图|拼车|出租车拼车|158|
|34|高德地图|特价出发|惊喜特价|173|
|35|高德地图|快速出发|无|190|
|36|高德地图|惠享专车|神州专车|207|
|37|高德地图|惠享专车|及时用车|207|
|38|高德地图|推荐|极速拼车|229|
|39|高德地图|推荐|推荐专车|230|
|40|高德地图|豪华型|undefined|147-150|",无,特价出发，经济型，经济,特惠快车,陆迎,,,,,,,,,,,,,,"[{'': '极速拼车'}, {'': '特惠快车'}, {'优享型': 'T3出行'}, {'优享型': '东潮出行'}, {'优享型': '享道出行'}, {'优享型': '优e出行特选'}, {'优享型': '斑马快跑'}, {'优享型': '火箭出行'}, {'优享型': '环旅出行'}, {'优享型': '风韵出行'}, {'优享型': '飞嘀打车'}, {'优享型': '首汽约车'}, {'六座商务': '宽敞空间 商务体验'}, {'出租车': '车多应答快'}, {'品质专车': '静音不打扰 整洁无异味'}, {'快速出发': '无'}, {'惠享专车': '及时用车'}, {'惠享专车': '神州专车'}, {'拼车': '出租车拼车'}, {'拼车': '特惠快车'}, {'推荐': '推荐专车'}, {'推荐': '极速拼车'}, {'特价出发': '惊喜特价'}, {'特快车': '超值体验 更快上车'}, {'经济': '首汽约车'}, {'经济型': '365约车'}, {'经济型': 'AA出行'}, {'经济型': 'T3出行'}, {'经济型': '中交出行'}, {'经济型': '中军出行'}, {'经济型': '享道出行'}, {'经济型': '及时用车'}, {'经济型': '妥妥E行'}, {'经济型': '斑马快跑'}, {'经济型': '日初出行'}, {'经济型': '橄榄新出租'}, {'经济型': '添猫出行'}, {'经济型': '腾飞出行'}, {'豪华型': '车型高端 服务专业'}, {'轻享专车': '静音不打扰 整洁无异味'}]",特价出发，经济型，经济,特惠快车,1. 打车到房山线苏庄站，叫辆特惠车。,是离我最近的地铁站吗
到通州运河商务区，用高德帮我叫辆豪华车。,价格怎么样,"|序号id|应用名称|车型大类|车辆类型|价格|
|---|---|---|---|---|
|0|高德地图|     |极速拼车|32-35|
|1|高德地图|     |特惠快车|34-36|
|2|高德地图|经济型|旅程出租|37|
|3|高德地图|经济型|J刻出行|37|
|4|高德地图|经济型|日初出行|37|
|5|高德地图|经济型|及时用车|37|
|6|高德地图|经济型|如祺出行|38|
|7|高德地图|经济型|国泰出租|38|
|8|高德地图|经济型|聚的新出租|38|
|9|高德地图|经济型|365约车|38|
|10|高德地图|经济型|深圳出租|39|
|11|高德地图|经济型|方舟行|40|
|12|高德地图|经济型|阳光出行|40|
|13|高德地图|经济型|神州专车|40|
|14|高德地图|经济型|星徽出行|40|
|15|高德地图|经济型|中军出行|41|
|16|高德地图|经济型|北京的士|41|
|17|高德地图|经济型|享道出行|41|
|18|高德地图|经济型|易至出行|41|
|19|高德地图|特快车|超值体验 更快上车|45|
|20|高德地图|出租车|车多应答快|49|
|21|高德地图|优享型|腾飞出行|51|
|22|高德地图|优享型|享道出行|52|
|23|高德地图|优享型|妥妥E行|52|
|24|高德地图|优享型|优e出行特选|53|
|25|高德地图|优享型|及时用车|53|
|26|高德地图|优享型|AA出行|53|
|27|高德地图|优享型|飞嘀打车|53|
|28|高德地图|优享型|环旅出行|54|
|29|高德地图|优享型|阳光出行|54|
|30|高德地图|优享型|神州专车|55|
|31|高德地图|优享型|中交出行|55|
|32|高德地图|轻享专车|静音不打扰 整洁无异味|59|
|33|高德地图|品质专车|静音不打扰 整洁无异味|66|
|34|高德地图|六座商务|宽敞空间 商务体验|72|
|35|高德地图|豪华型|车型高端 服务专业|79|
|36|高德地图|经济|首汽约车|87|
|37|高德地图|拼车|出租车拼车|96|
|38|高德地图|特价出发|更多特价|101|
|39|高德地图|快速出发|无|111|
|40|高德地图|惠享专车|好车好服务|127|
|41|高德地图|惠享专车|T3出行|127|
|42|高德地图|推荐|推荐专车|138|
|43|高德地图|豪华型|undefined|95-99|",高德,豪华型,无,杨丽丽,,,,,,,,,,,,,,"[{'': '极速拼车'}, {'': '特惠快车'}, {'优享型': 'AA出行'}, {'优享型': '中交出行'}, {'优享型': '享道出行'}, {'优享型': '优e出行特选'}, {'优享型': '及时用车'}, {'优享型': '妥妥E行'}, {'优享型': '环旅出行'}, {'优享型': '神州专车'}, {'优享型': '腾飞出行'}, {'优享型': '阳光出行'}, {'优享型': '飞嘀打车'}, {'六座商务': '宽敞空间 商务体验'}, {'出租车': '车多应答快'}, {'品质专车': '静音不打扰 整洁无异味'}, {'快速出发': '无'}, {'惠享专车': 'T3出行'}, {'惠享专车': '好车好服务'}, {'拼车': '出租车拼车'}, {'推荐': '推荐专车'}, {'特价出发': '更多特价'}, {'特快车': '超值体验 更快上车'}, {'经济': '首汽约车'}, {'经济型': '365约车'}, {'经济型': 'J刻出行'}, {'经济型': '中军出行'}, {'经济型': '享道出行'}, {'经济型': '北京的士'}, {'经济型': '及时用车'}, {'经济型': '国泰出租'}, {'经济型': '如祺出行'}, {'经济型': '方舟行'}, {'经济型': '旅程出租'}, {'经济型': '日初出行'}, {'经济型': '易至出行'}, {'经济型': '星徽出行'}, {'经济型': '深圳出租'}, {'经济型': '神州专车'}, {'经济型': '聚的新出租'}, {'经济型': '阳光出行'}, {'豪华型': '车型高端 服务专业'}, {'轻享专车': '静音不打扰 整洁无异味'}]",豪华型,无,1. 到通州运河商务区，用高德帮我叫辆豪华车。,价格怎么样
打个专车去环球度假区，价格在220元以内。,怎么开销大吗,"|序号id|应用名称|车型大类|车辆类型|价格|
|---|---|---|---|---|
|0|高德地图|     |极速拼车|45-47|
|1|高德地图|     |特惠快车|48-50|
|2|高德地图|经济型|5U出行|53|
|3|高德地图|经济型|AA出行|53|
|4|高德地图|经济型|曹操出行|53|
|5|高德地图|经济型|添猫出行|53|
|6|高德地图|经济型|深圳出租|53|
|7|高德地图|经济型|900出行|53|
|8|高德地图|经济型|365约车|53|
|9|高德地图|经济型|中交出行|53|
|10|高德地图|经济型|J刻出行|54|
|11|高德地图|经济型|飞嘀打车|54|
|12|高德地图|经济型|东潮出行|54|
|13|高德地图|经济型|橄榄新出租|55|
|14|高德地图|经济型|国泰出租|55|
|15|高德地图|经济型|享道出行|55|
|16|高德地图|经济型|旅程出租|56|
|17|高德地图|经济型|K9用车|56|
|18|高德地图|经济型|斑马快跑|57|
|19|高德地图|经济型|阳光出行|57|
|20|高德地图|经济型|神州专车|57|
|21|高德地图|特快车|超值体验 更快上车|61|
|22|高德地图|出租车|车多应答快|65|
|23|高德地图|优享型|添猫出行|72|
|24|高德地图|优享型|全民GO|72|
|25|高德地图|优享型|享道出行|72|
|26|高德地图|优享型|火箭出行|73|
|27|高德地图|优享型|优e出行特选|74|
|28|高德地图|优享型|妥妥E行|74|
|29|高德地图|优享型|曹操出行|74|
|30|高德地图|优享型|飞嘀打车|75|
|31|高德地图|优享型|首汽约车|75|
|32|高德地图|优享型|斑马快跑|75|
|33|高德地图|优享型|阳光出行|76|
|34|高德地图|优享型|神州专车|76|
|35|高德地图|优享型|中交出行|76|
|36|高德地图|轻享专车|静音不打扰 整洁无异味|79|
|37|高德地图|品质专车|静音不打扰 整洁无异味|91|
|38|高德地图|六座商务|宽敞空间 商务体验|97|
|39|高德地图|豪华型|车型高端 服务专业|106|
|40|高德地图|经济|首汽约车|120|
|41|高德地图|拼车|出租车拼车|131|
|42|高德地图|特价出发|惊喜特价|142|
|43|高德地图|快速出发|无|161|
|44|高德地图|惠享专车|好车好服务|177|
|45|高德地图|推荐|极速拼车|190|
|46|高德地图|豪华型|undefined|127-131|",无,轻享专车，品质专车，惠享专车,神州专车,杨丽丽,,,,,,,,,,,,,,"[{'': '极速拼车'}, {'': '特惠快车'}, {'优享型': '中交出行'}, {'优享型': '享道出行'}, {'优享型': '优e出行特选'}, {'优享型': '全民GO'}, {'优享型': '妥妥E行'}, {'优享型': '斑马快跑'}, {'优享型': '曹操出行'}, {'优享型': '添猫出行'}, {'优享型': '火箭出行'}, {'优享型': '神州专车'}, {'优享型': '阳光出行'}, {'优享型': '飞嘀打车'}, {'优享型': '首汽约车'}, {'六座商务': '宽敞空间 商务体验'}, {'出租车': '车多应答快'}, {'品质专车': '静音不打扰 整洁无异味'}, {'快速出发': '无'}, {'惠享专车': '好车好服务'}, {'拼车': '出租车拼车'}, {'推荐': '极速拼车'}, {'特价出发': '惊喜特价'}, {'特快车': '超值体验 更快上车'}, {'经济': '首汽约车'}, {'经济型': '365约车'}, {'经济型': '5U出行'}, {'经济型': '900出行'}, {'经济型': 'AA出行'}, {'经济型': 'J刻出行'}, {'经济型': 'K9用车'}, {'经济型': '东潮出行'}, {'经济型': '中交出行'}, {'经济型': '享道出行'}, {'经济型': '国泰出租'}, {'经济型': '斑马快跑'}, {'经济型': '旅程出租'}, {'经济型': '曹操出行'}, {'经济型': '橄榄新出租'}, {'经济型': '深圳出租'}, {'经济型': '添猫出行'}, {'经济型': '神州专车'}, {'经济型': '阳光出行'}, {'经济型': '飞嘀打车'}, {'豪华型': '车型高端 服务专业'}, {'轻享专车': '静音不打扰 整洁无异味'}]",轻享专车，品质专车，惠享专车,神州专车,1. 打个专车去环球度假区，价格在220元以内。,怎么开销大吗
叫辆拼车去台湖演艺小镇，不考虑价格。,那边有饭店吗,"|序号id|应用名称|车型大类|车辆类型|价格|
|---|---|---|---|---|
|0|高德地图|     |极速拼车|37-40|
|1|高德地图|     |特惠快车|43-44|
|2|高德地图|经济型|旗妙出行|45|
|3|高德地图|经济型|日初出行|45|
|4|高德地图|经济型|妥妥E行|46|
|5|高德地图|经济型|及时用车|46|
|6|高德地图|经济型|5U出行|47|
|7|高德地图|经济型|北京新出租|47|
|8|高德地图|经济型|中交出行|47|
|9|高德地图|经济型|飞嘀打车|47|
|10|高德地图|经济型|900出行|48|
|11|高德地图|经济型|首汽约车|48|
|12|高德地图|经济型|方舟行|48|
|13|高德地图|经济型|奇华出行|49|
|14|高德地图|经济型|东潮出行|49|
|15|高德地图|经济型|渔阳出行|49|
|16|高德地图|经济型|星徽出行|49|
|17|高德地图|经济型|365约车|49|
|18|高德地图|经济型|国泰出租|49|
|19|高德地图|经济型|享道出行|49|
|20|高德地图|特快车|超值体验 更快上车|51|
|21|高德地图|出租车|车多应答快|57|
|22|高德地图|优享型|添猫出行|61|
|23|高德地图|优享型|全民GO|62|
|24|高德地图|优享型|火箭出行|63|
|25|高德地图|优享型|飞嘀打车|63|
|26|高德地图|优享型|东潮出行|63|
|27|高德地图|优享型|神州专车|65|
|28|高德地图|优享型|中交出行|65|
|29|高德地图|轻享专车|静音不打扰 整洁无异味|72|
|30|高德地图|品质专车|静音不打扰 整洁无异味|78|
|31|高德地图|六座商务|宽敞空间 商务体验|82|
|32|高德地图|豪华型|车型高端 服务专业|93|
|33|高德地图|经济|首汽约车|101|
|34|高德地图|拼车|特惠快车|110|
|35|高德地图|特价出发|更多特价|122|
|36|高德地图|快速出发|无|134|
|37|高德地图|惠享专车|好车好服务|152|
|38|高德地图|推荐|极速拼车|164|
|39|高德地图|推荐|推荐专车|165|
|40|高德地图|豪华型|undefined|110-112|",无,拼车,极速拼车,杨丽丽,,,,,,,,,,,,,,"[{'': '极速拼车'}, {'': '特惠快车'}, {'优享型': '东潮出行'}, {'优享型': '中交出行'}, {'优享型': '全民GO'}, {'优享型': '添猫出行'}, {'优享型': '火箭出行'}, {'优享型': '神州专车'}, {'优享型': '飞嘀打车'}, {'六座商务': '宽敞空间 商务体验'}, {'出租车': '车多应答快'}, {'品质专车': '静音不打扰 整洁无异味'}, {'快速出发': '无'}, {'惠享专车': '好车好服务'}, {'拼车': '特惠快车'}, {'推荐': '推荐专车'}, {'推荐': '极速拼车'}, {'特价出发': '更多特价'}, {'特快车': '超值体验 更快上车'}, {'经济': '首汽约车'}, {'经济型': '365约车'}, {'经济型': '5U出行'}, {'经济型': '900出行'}, {'经济型': '东潮出行'}, {'经济型': '中交出行'}, {'经济型': '享道出行'}, {'经济型': '北京新出租'}, {'经济型': '及时用车'}, {'经济型': '国泰出租'}, {'经济型': '奇华出行'}, {'经济型': '妥妥E行'}, {'经济型': '方舟行'}, {'经济型': '旗妙出行'}, {'经济型': '日初出行'}, {'经济型': '星徽出行'}, {'经济型': '渔阳出行'}, {'经济型': '飞嘀打车'}, {'经济型': '首汽约车'}, {'豪华型': '车型高端 服务专业'}, {'轻享专车': '静音不打扰 整洁无异味'}]",拼车,极速拼车,1. 叫辆拼车去台湖演艺小镇，不考虑价格。,那边有饭店吗
到顺义新国展，用滴滴叫辆出租车。,有急事，要快,"|序号id|应用名称|车型大类|车辆类型|价格|
|---|---|---|---|---|
|0|滴滴|推荐|花小猪正价版|9.12|
|1|滴滴|推荐|特惠快车|9.95|
|2|滴滴|推荐|滴滴快车|10.94|
|3|滴滴|推荐|特快出租车|13.44|
|4|滴滴|推荐|滴滴特快|14.06|
|5|滴滴|拼车|特价拼车|5.24-6.72|
|6|滴滴|拼车|极速拼车|8.17-9.60|
|7|滴滴|特价|花小猪外接版|13.28|
|8|滴滴|特价|惊喜特价|16.27|
|9|滴滴|快速|曹操出行|19.16|
|10|滴滴|快速|出租车|19.23|
|11|滴滴|快速|滴滴轻享|20.16|
|12|滴滴|快速|滴滴特快|21.05|
|13|滴滴|快速|滴滴优享|21.84|
|14|滴滴|快速|滴滴快车|22.25|
|15|滴滴|快速|宽敞好车|24.39|
|16|滴滴|快速|方舟行|24.78|
|17|滴滴|快速|长沙新出租|24.93|
|18|滴滴|快速|武汉新出租|24.97|
|19|滴滴|舒适|滴滴专车|25.42|
|20|滴滴|舒适|滴滴豪华车|25.77|
|21|滴滴|六座|六座专车|39.48|",滴滴,无,特快出租车，出租车，长沙新出租，武汉新出租,杨丽丽,,,,,,,,,,,,,,"[{'六座': '六座专车'}, {'快速': '出租车'}, {'快速': '宽敞好车'}, {'快速': '方舟行'}, {'快速': '曹操出行'}, {'快速': '武汉新出租'}, {'快速': '滴滴优享'}, {'快速': '滴滴快车'}, {'快速': '滴滴特快'}, {'快速': '滴滴轻享'}, {'快速': '长沙新出租'}, {'拼车': '极速拼车'}, {'拼车': '特价拼车'}, {'推荐': '滴滴快车'}, {'推荐': '滴滴特快'}, {'推荐': '特快出租车'}, {'推荐': '特惠快车'}, {'推荐': '花小猪正价版'}, {'特价': '惊喜特价'}, {'特价': '花小猪外接版'}, {'舒适': '滴滴专车'}, {'舒适': '滴滴豪华车'}]",无,特快出租车，出租车，长沙新出租，武汉新出租,1. 到顺义新国展，用滴滴叫辆出租车。,有急事，要快
打车到后沙峪别墅区，叫辆特惠车。,便宜就好,"|序号id|应用名称|车型大类|车辆类型|价格|
|---|---|---|---|---|
|0|高德地图|     |极速拼车|50-53|
|1|高德地图|     |特惠快车|53-56|
|2|高德地图|经济型|日初出行|59|
|3|高德地图|经济型|AA出行|59|
|4|高德地图|经济型|如祺出行|60|
|5|高德地图|经济型|900出行|60|
|6|高德地图|经济型|腾飞出行|60|
|7|高德地图|经济型|J刻出行|60|
|8|高德地图|经济型|全民GO|60|
|9|高德地图|经济型|飞嘀打车|61|
|10|高德地图|经济型|方舟行|61|
|11|高德地图|经济型|东潮出行|61|
|12|高德地图|经济型|享道出行|61|
|13|高德地图|经济型|旅程出租|61|
|14|高德地图|经济型|及时用车|61|
|15|高德地图|经济型|北京新出租|62|
|16|高德地图|经济型|奇华出行|62|
|17|高德地图|经济型|阳光出行|62|
|18|高德地图|经济型|有序出行|62|
|19|高德地图|经济型|神州专车|63|
|20|高德地图|经济型|北京的士|63|
|21|高德地图|特快车|超值体验 更快上车|67|
|22|高德地图|出租车|车多应答快|74|
|23|高德地图|优享型|全民GO|79|
|24|高德地图|优享型|及时用车|80|
|25|高德地图|优享型|风韵出行|81|
|26|高德地图|优享型|AA出行|81|
|27|高德地图|优享型|曹操出行|81|
|28|高德地图|优享型|飞嘀打车|81|
|29|高德地图|优享型|首汽约车|81|
|30|高德地图|优享型|斑马快跑|82|
|31|高德地图|优享型|阳光出行|82|
|32|高德地图|优享型|东潮出行|82|
|33|高德地图|优享型|T3出行|82|
|34|高德地图|优享型|星徽出行|82|
|35|高德地图|优享型|享道出行|83|
|36|高德地图|轻享专车|静音不打扰 整洁无异味|88|
|37|高德地图|品质专车|静音不打扰 整洁无异味|99|
|38|高德地图|六座商务|宽敞空间 商务体验|107|
|39|高德地图|豪华型|车型高端 服务专业|118|
|40|高德地图|经济|首汽约车|131|
|41|高德地图|拼车|特惠快车|145|
|42|高德地图|特价出发|惊喜特价|157|
|43|高德地图|快速出发|无|174|
|44|高德地图|惠享专车|阳光出行|191|
|45|高德地图|推荐|极速拼车|210|
|46|高德地图|推荐|推荐专车|211|
|47|高德地图|豪华型|undefined|137-140|",无,拼车，特价出发，经济，经济型,特惠快车,杨丽丽,,,,,,,,,,,,,,"[{'': '极速拼车'}, {'': '特惠快车'}, {'优享型': 'AA出行'}, {'优享型': 'T3出行'}, {'优享型': '东潮出行'}, {'优享型': '享道出行'}, {'优享型': '全民GO'}, {'优享型': '及时用车'}, {'优享型': '斑马快跑'}, {'优享型': '星徽出行'}, {'优享型': '曹操出行'}, {'优享型': '阳光出行'}, {'优享型': '风韵出行'}, {'优享型': '飞嘀打车'}, {'优享型': '首汽约车'}, {'六座商务': '宽敞空间 商务体验'}, {'出租车': '车多应答快'}, {'品质专车': '静音不打扰 整洁无异味'}, {'快速出发': '无'}, {'惠享专车': '阳光出行'}, {'拼车': '特惠快车'}, {'推荐': '推荐专车'}, {'推荐': '极速拼车'}, {'特价出发': '惊喜特价'}, {'特快车': '超值体验 更快上车'}, {'经济': '首汽约车'}, {'经济型': '900出行'}, {'经济型': 'AA出行'}, {'经济型': 'J刻出行'}, {'经济型': '东潮出行'}, {'经济型': '享道出行'}, {'经济型': '全民GO'}, {'经济型': '北京新出租'}, {'经济型': '北京的士'}, {'经济型': '及时用车'}, {'经济型': '奇华出行'}, {'经济型': '如祺出行'}, {'经济型': '方舟行'}, {'经济型': '旅程出租'}, {'经济型': '日初出行'}, {'经济型': '有序出行'}, {'经济型': '神州专车'}, {'经济型': '腾飞出行'}, {'经济型': '阳光出行'}, {'经济型': '飞嘀打车'}, {'豪华型': '车型高端 服务专业'}, {'轻享专车': '静音不打扰 整洁无异味'}]",拼车，特价出发，经济，经济型,特惠快车,1. 打车到后沙峪别墅区，叫辆特惠车。,便宜就好
我想去首都机场T2，价格在180元以内。,我去接客户,"|序号id|应用名称|车型大类|车辆类型|价格|
|---|---|---|---|---|
|0|高德地图|     |极速拼车|43-45|
|1|高德地图|     |特惠快车|47-48|
|2|高德地图|经济型|5U出行|51|
|3|高德地图|经济型|AA出行|51|
|4|高德地图|经济型|曹操出行|51|
|5|高德地图|经济型|T3出行|51|
|6|高德地图|经济型|旗妙出行|51|
|7|高德地图|经济型|如祺出行|52|
|8|高德地图|经济型|900出行|53|
|9|高德地图|经济型|易至出行|53|
|10|高德地图|经济型|J刻出行|53|
|11|高德地图|经济型|全民GO|53|
|12|高德地图|经济型|飞嘀打车|53|
|13|高德地图|经济型|国泰出租|53|
|14|高德地图|经济型|聚的新出租|53|
|15|高德地图|经济型|妥妥E行|53|
|16|高德地图|经济型|及时用车|54|
|17|高德地图|经济型|北京新出租|54|
|18|高德地图|经济型|斑马快跑|54|
|19|高德地图|经济型|阳光出行|54|
|20|高德地图|经济型|奇华出行|55|
|21|高德地图|经济型|有序出行|55|
|22|高德地图|经济型|中军出行|55|
|23|高德地图|特快车|超值体验 更快上车|58|
|24|高德地图|出租车|车多应答快|62|
|25|高德地图|优享型|添猫出行|68|
|26|高德地图|优享型|腾飞出行|68|
|27|高德地图|优享型|全民GO|68|
|28|高德地图|优享型|妥妥E行|68|
|29|高德地图|优享型|优e出行特选|69|
|30|高德地图|优享型|及时用车|70|
|31|高德地图|优享型|AA出行|70|
|32|高德地图|优享型|风韵出行|70|
|33|高德地图|优享型|曹操出行|70|
|34|高德地图|优享型|首汽约车|70|
|35|高德地图|优享型|斑马快跑|70|
|36|高德地图|优享型|T3出行|70|
|37|高德地图|优享型|环旅出行|70|
|38|高德地图|优享型|星徽出行|71|
|39|高德地图|优享型|享道出行|72|
|40|高德地图|轻享专车|静音不打扰 整洁无异味|78|
|41|高德地图|品质专车|静音不打扰 整洁无异味|85|
|42|高德地图|六座商务|宽敞空间 商务体验|94|
|43|高德地图|豪华型|车型高端 服务专业|105|
|44|高德地图|经济|首汽约车|113|
|45|高德地图|拼车|出租车拼车|123|
|46|高德地图|特价出发|惊喜特价|138|
|47|高德地图|快速出发|无|149|
|48|高德地图|惠享专车|神州专车|167|
|49|高德地图|惠享专车|精选车型 优质司机|169|
|50|高德地图|推荐|推荐专车|183|
|51|高德地图|豪华型|undefined|119-123|",无,无,无,杨丽丽,,,,,,,,,,,,,,"[{'': '极速拼车'}, {'': '特惠快车'}, {'优享型': 'AA出行'}, {'优享型': 'T3出行'}, {'优享型': '享道出行'}, {'优享型': '优e出行特选'}, {'优享型': '全民GO'}, {'优享型': '及时用车'}, {'优享型': '妥妥E行'}, {'优享型': '斑马快跑'}, {'优享型': '星徽出行'}, {'优享型': '曹操出行'}, {'优享型': '添猫出行'}, {'优享型': '环旅出行'}, {'优享型': '腾飞出行'}, {'优享型': '风韵出行'}, {'优享型': '首汽约车'}, {'六座商务': '宽敞空间 商务体验'}, {'出租车': '车多应答快'}, {'品质专车': '静音不打扰 整洁无异味'}, {'快速出发': '无'}, {'惠享专车': '神州专车'}, {'惠享专车': '精选车型 优质司机'}, {'拼车': '出租车拼车'}, {'推荐': '推荐专车'}, {'特价出发': '惊喜特价'}, {'特快车': '超值体验 更快上车'}, {'经济': '首汽约车'}, {'经济型': '5U出行'}, {'经济型': '900出行'}, {'经济型': 'AA出行'}, {'经济型': 'J刻出行'}, {'经济型': 'T3出行'}, {'经济型': '中军出行'}, {'经济型': '全民GO'}, {'经济型': '北京新出租'}, {'经济型': '及时用车'}, {'经济型': '国泰出租'}, {'经济型': '奇华出行'}, {'经济型': '如祺出行'}, {'经济型': '妥妥E行'}, {'经济型': '斑马快跑'}, {'经济型': '旗妙出行'}, {'经济型': '易至出行'}, {'经济型': '曹操出行'}, {'经济型': '有序出行'}, {'经济型': '聚的新出租'}, {'经济型': '阳光出行'}, {'经济型': '飞嘀打车'}, {'豪华型': '车型高端 服务专业'}, {'轻享专车': '静音不打扰 整洁无异味'}]",无,无,1. 我想去首都机场T2，价格在180元以内。,我去接客户
到怀柔雁栖湖，用高德叫辆豪华车。,那边天气怎么样,"|序号id|应用名称|车型大类|车辆类型|价格|
|---|---|---|---|---|
|0|高德地图|     |极速拼车|20-23|
|1|高德地图|     |特惠快车|24-24|
|2|高德地图|经济型|日初出行|24|
|3|高德地图|经济型|5U出行|24|
|4|高德地图|经济型|AA出行|25|
|5|高德地图|经济型|曹操出行|25|
|6|高德地图|经济型|首汽约车|25|
|7|高德地图|经济型|渔阳出行|25|
|8|高德地图|经济型|如祺出行|25|
|9|高德地图|经济型|深圳出租|25|
|10|高德地图|经济型|900出行|26|
|11|高德地图|经济型|365约车|26|
|12|高德地图|经济型|橄榄新出租|26|
|13|高德地图|经济型|享道出行|26|
|14|高德地图|经济型|聚的新出租|26|
|15|高德地图|经济型|妥妥E行|27|
|16|高德地图|经济型|及时用车|27|
|17|高德地图|经济型|K9用车|27|
|18|高德地图|经济型|北京新出租|27|
|19|高德地图|经济型|斑马快跑|28|
|20|高德地图|经济型|阳光出行|28|
|21|高德地图|经济型|有序出行|28|
|22|高德地图|经济型|神州专车|28|
|23|高德地图|经济型|北京的士|28|
|24|高德地图|特快车|超值体验 更快上车|30|
|25|高德地图|出租车|车多应答快|33|
|26|高德地图|优享型|添猫出行|33|
|27|高德地图|优享型|火箭出行|33|
|28|高德地图|优享型|优e出行特选|34|
|29|高德地图|优享型|及时用车|34|
|30|高德地图|优享型|AA出行|34|
|31|高德地图|优享型|曹操出行|35|
|32|高德地图|优享型|风韵出行|36|
|33|高德地图|优享型|神州专车|37|
|34|高德地图|优享型|享道出行|37|
|35|高德地图|轻享专车|静音不打扰 整洁无异味|38|
|36|高德地图|品质专车|静音不打扰 整洁无异味|42|
|37|高德地图|六座商务|宽敞空间 商务体验|47|
|38|高德地图|豪华型|车型高端 服务专业|51|
|39|高德地图|经济|首汽约车|57|
|40|高德地图|拼车|特惠快车|61|
|41|高德地图|特价出发|更多特价|71|
|42|高德地图|快速出发|无|73|
|43|高德地图|惠享专车|及时用车|83|
|44|高德地图|推荐|特惠快车|92|
|45|高德地图|推荐|推荐专车|93|
|46|高德地图|豪华型|undefined|71-72|",高德,豪华型,无,杨丽丽,,,,,,,,,,,,,,"[{'': '极速拼车'}, {'': '特惠快车'}, {'优享型': 'AA出行'}, {'优享型': '享道出行'}, {'优享型': '优e出行特选'}, {'优享型': '及时用车'}, {'优享型': '曹操出行'}, {'优享型': '添猫出行'}, {'优享型': '火箭出行'}, {'优享型': '神州专车'}, {'优享型': '风韵出行'}, {'六座商务': '宽敞空间 商务体验'}, {'出租车': '车多应答快'}, {'品质专车': '静音不打扰 整洁无异味'}, {'快速出发': '无'}, {'惠享专车': '及时用车'}, {'拼车': '特惠快车'}, {'推荐': '推荐专车'}, {'推荐': '特惠快车'}, {'特价出发': '更多特价'}, {'特快车': '超值体验 更快上车'}, {'经济': '首汽约车'}, {'经济型': '365约车'}, {'经济型': '5U出行'}, {'经济型': '900出行'}, {'经济型': 'AA出行'}, {'经济型': 'K9用车'}, {'经济型': '享道出行'}, {'经济型': '北京新出租'}, {'经济型': '北京的士'}, {'经济型': '及时用车'}, {'经济型': '如祺出行'}, {'经济型': '妥妥E行'}, {'经济型': '斑马快跑'}, {'经济型': '日初出行'}, {'经济型': '曹操出行'}, {'经济型': '有序出行'}, {'经济型': '橄榄新出租'}, {'经济型': '深圳出租'}, {'经济型': '渔阳出行'}, {'经济型': '神州专车'}, {'经济型': '聚的新出租'}, {'经济型': '阳光出行'}, {'经济型': '首汽约车'}, {'豪华型': '车型高端 服务专业'}, {'轻享专车': '静音不打扰 整洁无异味'}]",豪华型,无,1. 到怀柔雁栖湖，用高德叫辆豪华车。,那边天气怎么样
今天天气不错,我想去北京动物园，用滴滴叫辆拼车。,"|序号id|应用名称|车型大类|车辆类型|价格|
|---|---|---|---|---|
|0|滴滴|推荐|花小猪正价版|24.65|
|1|滴滴|推荐|特惠快车|24.96|
|2|滴滴|推荐|滴滴快车|25.13|
|3|滴滴|推荐|特快出租车|25.32|
|4|滴滴|推荐|滴滴特快|25.36|
|5|滴滴|拼车|特价拼车|29.52-31.38|
|6|滴滴|拼车|极速拼车|29.89-31.79|
|7|滴滴|特价|花小猪外接版|37.76|
|8|滴滴|特价|惊喜特价|38.08|
|9|滴滴|特价|特惠快车|41.97|
|10|滴滴|快速|曹操出行|52.64|
|11|滴滴|快速|出租车|53.11|
|12|滴滴|快速|滴滴轻享|53.23|
|13|滴滴|快速|滴滴特快|53.37|
|14|滴滴|快速|滴滴优享|53.82|
|15|滴滴|快速|滴滴快车|54.66|
|16|滴滴|快速|宽敞好车|54.67|
|17|滴滴|快速|方舟行|55.78|
|18|滴滴|快速|长沙新出租|56.10|
|19|滴滴|快速|武汉新出租|56.84|
|20|滴滴|快速|丽江新出租|57.41|
|21|滴滴|舒适|滴滴专车|64.56|
|22|滴滴|六座|六座专车|101.20|",滴滴,拼车,无,杨丽丽,,,,,,,,,,,,,,"[{'六座': '六座专车'}, {'快速': '丽江新出租'}, {'快速': '出租车'}, {'快速': '宽敞好车'}, {'快速': '方舟行'}, {'快速': '曹操出行'}, {'快速': '武汉新出租'}, {'快速': '滴滴优享'}, {'快速': '滴滴快车'}, {'快速': '滴滴特快'}, {'快速': '滴滴轻享'}, {'快速': '长沙新出租'}, {'拼车': '极速拼车'}, {'拼车': '特价拼车'}, {'推荐': '滴滴快车'}, {'推荐': '滴滴特快'}, {'推荐': '特快出租车'}, {'推荐': '特惠快车'}, {'推荐': '花小猪正价版'}, {'特价': '惊喜特价'}, {'特价': '特惠快车'}, {'特价': '花小猪外接版'}, {'舒适': '滴滴专车'}]",拼车,无,1. 今天天气不错,我想去北京动物园，用滴滴叫辆拼车。
图书馆离这里远吗,到国家图书馆，帮我叫辆特惠车。,"|序号id|应用名称|车型大类|车辆类型|价格|
|---|---|---|---|---|
|0|高德地图|     |极速拼车|55-55|
|1|高德地图|     |特惠快车|58-58|
|2|高德地图|经济型|旗妙出行|64|
|3|高德地图|经济型|J刻出行|64|
|4|高德地图|经济型|妥妥E行|64|
|5|高德地图|经济型|AA出行|65|
|6|高德地图|经济型|900出行|65|
|7|高德地图|经济型|斑马快跑|66|
|8|高德地图|经济型|奇华出行|66|
|9|高德地图|经济型|阳光出行|67|
|10|高德地图|经济型|渔阳出行|67|
|11|高德地图|经济型|橄榄新出租|67|
|12|高德地图|经济型|中军出行|68|
|13|高德地图|经济型|北京的士|68|
|14|高德地图|经济型|聚的新出租|68|
|15|高德地图|特快车|超值体验 更快上车|74|
|16|高德地图|出租车|车多应答快|79|
|17|高德地图|优享型|添猫出行|86|
|18|高德地图|优享型|旗妙出行|87|
|19|高德地图|优享型|及时用车|87|
|20|高德地图|优享型|优e出行特选|88|
|21|高德地图|优享型|风韵出行|88|
|22|高德地图|优享型|曹操出行|89|
|23|高德地图|优享型|飞嘀打车|89|
|24|高德地图|优享型|环旅出行|89|
|25|高德地图|优享型|东潮出行|89|
|26|高德地图|优享型|神州专车|90|
|27|高德地图|优享型|星徽出行|90|
|28|高德地图|轻享专车|静音不打扰 整洁无异味|96|
|29|高德地图|品质专车|静音不打扰 整洁无异味|105|
|30|高德地图|六座商务|宽敞空间 商务体验|119|
|31|高德地图|豪华型|车型高端 服务专业|130|
|32|高德地图|经济|首汽约车|142|
|33|高德地图|拼车|出租车拼车|154|
|34|高德地图|特价出发|惊喜特价|173|
|35|高德地图|快速出发|无|190|
|36|高德地图|惠享专车|神州专车|208|
|37|高德地图|推荐|特惠快车|228|
|38|高德地图|豪华型|undefined|148-150|",无,"经济型,经济,特价出发","特惠快车,特惠快车",顾存虹,,,,,,,,,,,,,,"[{'': '极速拼车'}, {'': '特惠快车'}, {'优享型': '东潮出行'}, {'优享型': '优e出行特选'}, {'优享型': '及时用车'}, {'优享型': '旗妙出行'}, {'优享型': '星徽出行'}, {'优享型': '曹操出行'}, {'优享型': '添猫出行'}, {'优享型': '环旅出行'}, {'优享型': '神州专车'}, {'优享型': '风韵出行'}, {'优享型': '飞嘀打车'}, {'六座商务': '宽敞空间 商务体验'}, {'出租车': '车多应答快'}, {'品质专车': '静音不打扰 整洁无异味'}, {'快速出发': '无'}, {'惠享专车': '神州专车'}, {'拼车': '出租车拼车'}, {'推荐': '特惠快车'}, {'特价出发': '惊喜特价'}, {'特快车': '超值体验 更快上车'}, {'经济': '首汽约车'}, {'经济型': '900出行'}, {'经济型': 'AA出行'}, {'经济型': 'J刻出行'}, {'经济型': '中军出行'}, {'经济型': '北京的士'}, {'经济型': '奇华出行'}, {'经济型': '妥妥E行'}, {'经济型': '斑马快跑'}, {'经济型': '旗妙出行'}, {'经济型': '橄榄新出租'}, {'经济型': '渔阳出行'}, {'经济型': '聚的新出租'}, {'经济型': '阳光出行'}, {'豪华型': '车型高端 服务专业'}, {'轻享专车': '静音不打扰 整洁无异味'}]","经济型,经济,特价出发","特惠快车,特惠快车",1. 图书馆离这里远吗,到国家图书馆，帮我叫辆特惠车。
打车到海淀文化艺术中心。,用滴滴叫辆豪华车。,"|序号id|应用名称|车型大类|车辆类型|价格|
|---|---|---|---|---|
|0|滴滴|推荐|花小猪正价版|34.60|
|1|滴滴|推荐|特惠快车|34.72|
|2|滴滴|推荐|滴滴快车|35.78|
|3|滴滴|推荐|特快出租车|38.51|
|4|滴滴|拼车|特价拼车|37.48-38.65|
|5|滴滴|拼车|极速拼车|38.03-39.68|
|6|滴滴|特价|花小猪外接版|44.29|
|7|滴滴|特价|惊喜特价|45.89|
|8|滴滴|快速|曹操出行|55.05|
|9|滴滴|快速|出租车|55.81|
|10|滴滴|快速|滴滴轻享|57.08|
|11|滴滴|快速|滴滴特快|57.31|
|12|滴滴|快速|滴滴优享|57.41|
|13|滴滴|快速|滴滴快车|59.37|
|14|滴滴|快速|宽敞好车|59.46|
|15|滴滴|快速|方舟行|60.18|
|16|滴滴|快速|长沙新出租|60.24|
|17|滴滴|舒适|滴滴专车|95.15|
|18|滴滴|六座|六座专车|125.03|
|19|滴滴|六座|六座豪华车|127.00|",滴滴,无,六座豪华车,顾存虹,,,,,,,,,,,,,,"[{'六座': '六座专车'}, {'六座': '六座豪华车'}, {'快速': '出租车'}, {'快速': '宽敞好车'}, {'快速': '方舟行'}, {'快速': '曹操出行'}, {'快速': '滴滴优享'}, {'快速': '滴滴快车'}, {'快速': '滴滴特快'}, {'快速': '滴滴轻享'}, {'快速': '长沙新出租'}, {'拼车': '极速拼车'}, {'拼车': '特价拼车'}, {'推荐': '滴滴快车'}, {'推荐': '特快出租车'}, {'推荐': '特惠快车'}, {'推荐': '花小猪正价版'}, {'特价': '惊喜特价'}, {'特价': '花小猪外接版'}, {'舒适': '滴滴专车'}]",无,六座豪华车,1. 打车到海淀文化艺术中心。,用滴滴叫辆豪华车。
叫辆特惠车。,我想去朝阳门地铁站。,"|序号id|应用名称|车型大类|车辆类型|价格|
|---|---|---|---|---|
|0|高德地图|     |极速拼车|32-34|
|1|高德地图|     |特惠快车|35-35|
|2|高德地图|经济型|添猫出行|39|
|3|高德地图|经济型|全民GO|39|
|4|高德地图|经济型|北京新出租|39|
|5|高德地图|经济型|AA出行|40|
|6|高德地图|经济型|飞嘀打车|40|
|7|高德地图|经济型|神州专车|41|
|8|高德地图|经济型|橄榄新出租|42|
|9|高德地图|经济型|中军出行|42|
|10|高德地图|经济型|国泰出租|43|
|11|高德地图|经济型|聚的新出租|43|
|12|高德地图|特快车|超值体验 更快上车|46|
|13|高德地图|出租车|车多应答快|47|
|14|高德地图|优享型|添猫出行|52|
|15|高德地图|优享型|腾飞出行|52|
|16|高德地图|优享型|旗妙出行|52|
|17|高德地图|优享型|火箭出行|53|
|18|高德地图|优享型|及时用车|53|
|19|高德地图|优享型|风韵出行|53|
|20|高德地图|优享型|妥妥E行|54|
|21|高德地图|优享型|AA出行|54|
|22|高德地图|优享型|飞嘀打车|54|
|23|高德地图|优享型|阳光出行|54|
|24|高德地图|优享型|东潮出行|55|
|25|高德地图|优享型|T3出行|56|
|26|高德地图|优享型|神州专车|56|
|27|高德地图|优享型|中交出行|56|
|28|高德地图|轻享专车|静音不打扰 整洁无异味|59|
|29|高德地图|品质专车|静音不打扰 整洁无异味|67|
|30|高德地图|六座商务|宽敞空间 商务体验|72|
|31|高德地图|豪华型|车型高端 服务专业|78|
|32|高德地图|经济|首汽约车|87|
|33|高德地图|拼车|出租车拼车|99|
|34|高德地图|特价出发|更多特价|106|
|35|高德地图|快速出发|无|119|
|36|高德地图|惠享专车|曹操出行|128|
|37|高德地图|惠享专车|神州专车|130|
|38|高德地图|推荐|特惠快车|141|
|39|高德地图|推荐|推荐专车|142|
|40|高德地图|豪华型|undefined|99-104|",无,"经济型,经济,特价出发","特惠快车,特惠快车",顾存虹,,,,,,,,,,,,,,"[{'': '极速拼车'}, {'': '特惠快车'}, {'优享型': 'AA出行'}, {'优享型': 'T3出行'}, {'优享型': '东潮出行'}, {'优享型': '中交出行'}, {'优享型': '及时用车'}, {'优享型': '妥妥E行'}, {'优享型': '旗妙出行'}, {'优享型': '添猫出行'}, {'优享型': '火箭出行'}, {'优享型': '神州专车'}, {'优享型': '腾飞出行'}, {'优享型': '阳光出行'}, {'优享型': '风韵出行'}, {'优享型': '飞嘀打车'}, {'六座商务': '宽敞空间 商务体验'}, {'出租车': '车多应答快'}, {'品质专车': '静音不打扰 整洁无异味'}, {'快速出发': '无'}, {'惠享专车': '曹操出行'}, {'惠享专车': '神州专车'}, {'拼车': '出租车拼车'}, {'推荐': '推荐专车'}, {'推荐': '特惠快车'}, {'特价出发': '更多特价'}, {'特快车': '超值体验 更快上车'}, {'经济': '首汽约车'}, {'经济型': 'AA出行'}, {'经济型': '中军出行'}, {'经济型': '全民GO'}, {'经济型': '北京新出租'}, {'经济型': '国泰出租'}, {'经济型': '橄榄新出租'}, {'经济型': '添猫出行'}, {'经济型': '神州专车'}, {'经济型': '聚的新出租'}, {'经济型': '飞嘀打车'}, {'豪华型': '车型高端 服务专业'}, {'轻享专车': '静音不打扰 整洁无异味'}]","经济型,经济,特价出发","特惠快车,特惠快车",1. 叫辆特惠车。,我想去朝阳门地铁站。
要到通州万达广场。,用高德帮我叫辆出租车。,"|序号id|应用名称|车型大类|车辆类型|价格|
|---|---|---|---|---|
|0|高德地图|     |极速拼车|52-54|
|1|高德地图|     |特惠快车|58-58|
|2|高德地图|经济型|旗妙出行|63|
|3|高德地图|经济型|妥妥E行|63|
|4|高德地图|经济型|及时用车|63|
|5|高德地图|经济型|K9用车|64|
|6|高德地图|经济型|AA出行|64|
|7|高德地图|经济型|如祺出行|65|
|8|高德地图|经济型|飞嘀打车|65|
|9|高德地图|经济型|方舟行|66|
|10|高德地图|经济型|奇华出行|66|
|11|高德地图|经济型|东潮出行|66|
|12|高德地图|经济型|T3出行|67|
|13|高德地图|经济型|橄榄新出租|67|
|14|高德地图|经济型|星徽出行|67|
|15|高德地图|特快车|超值体验 更快上车|73|
|16|高德地图|出租车|车多应答快|77|
|17|高德地图|优享型|旗妙出行|85|
|18|高德地图|优享型|妥妥E行|85|
|19|高德地图|优享型|及时用车|87|
|20|高德地图|优享型|曹操出行|87|
|21|高德地图|优享型|首汽约车|87|
|22|高德地图|优享型|斑马快跑|87|
|23|高德地图|优享型|阳光出行|88|
|24|高德地图|优享型|神州专车|88|
|25|高德地图|轻享专车|静音不打扰 整洁无异味|96|
|26|高德地图|品质专车|静音不打扰 整洁无异味|103|
|27|高德地图|六座商务|宽敞空间 商务体验|117|
|28|高德地图|豪华型|车型高端 服务专业|129|
|29|高德地图|经济|首汽约车|140|
|30|高德地图|拼车|特惠快车|152|
|31|高德地图|特价出发|惊喜特价|168|
|32|高德地图|快速出发|无|186|
|33|高德地图|惠享专车|添猫出行|202|
|34|高德地图|推荐|特惠快车|224|
|35|高德地图|推荐|推荐专车|224|
|36|高德地图|豪华型|undefined|144-149|",高德,出租车,橄榄新出租,顾存虹,,,,,,,,,,,,,,"[{'': '极速拼车'}, {'': '特惠快车'}, {'优享型': '及时用车'}, {'优享型': '妥妥E行'}, {'优享型': '斑马快跑'}, {'优享型': '旗妙出行'}, {'优享型': '曹操出行'}, {'优享型': '神州专车'}, {'优享型': '阳光出行'}, {'优享型': '首汽约车'}, {'六座商务': '宽敞空间 商务体验'}, {'出租车': '车多应答快'}, {'品质专车': '静音不打扰 整洁无异味'}, {'快速出发': '无'}, {'惠享专车': '添猫出行'}, {'拼车': '特惠快车'}, {'推荐': '推荐专车'}, {'推荐': '特惠快车'}, {'特价出发': '惊喜特价'}, {'特快车': '超值体验 更快上车'}, {'经济': '首汽约车'}, {'经济型': 'AA出行'}, {'经济型': 'K9用车'}, {'经济型': 'T3出行'}, {'经济型': '东潮出行'}, {'经济型': '及时用车'}, {'经济型': '奇华出行'}, {'经济型': '如祺出行'}, {'经济型': '妥妥E行'}, {'经济型': '方舟行'}, {'经济型': '旗妙出行'}, {'经济型': '星徽出行'}, {'经济型': '橄榄新出租'}, {'经济型': '飞嘀打车'}, {'豪华型': '车型高端 服务专业'}, {'轻享专车': '静音不打扰 整洁无异味'}]",出租车,橄榄新出租,1. 要到通州万达广场。,用高德帮我叫辆出租车。
到中关村软件园，叫辆拼车。,把特惠车也选上。,"|序号id|应用名称|车型大类|车辆类型|价格|
|---|---|---|---|---|
|0|高德地图|     |极速拼车|27-28|
|1|高德地图|     |特惠快车|31-32|
|2|高德地图|经济型|旅程出租|33|
|3|高德地图|经济型|旗妙出行|33|
|4|高德地图|经济型|腾飞出行|33|
|5|高德地图|经济型|添猫出行|34|
|6|高德地图|经济型|全民GO|34|
|7|高德地图|经济型|及时用车|34|
|8|高德地图|经济型|K9用车|35|
|9|高德地图|经济型|如祺出行|36|
|10|高德地图|经济型|飞嘀打车|36|
|11|高德地图|经济型|深圳出租|37|
|12|高德地图|经济型|奇华出行|37|
|13|高德地图|经济型|阳光出行|37|
|14|高德地图|经济型|东潮出行|37|
|15|高德地图|经济型|T3出行|37|
|16|高德地图|经济型|星徽出行|37|
|17|高德地图|特快车|超值体验 更快上车|39|
|18|高德地图|出租车|车多应答快|44|
|19|高德地图|优享型|火箭出行|45|
|20|高德地图|优享型|AA出行|45|
|21|高德地图|优享型|飞嘀打车|46|
|22|高德地图|优享型|阳光出行|46|
|23|高德地图|优享型|T3出行|46|
|24|高德地图|优享型|环旅出行|46|
|25|高德地图|优享型|中交出行|46|
|26|高德地图|优享型|享道出行|48|
|27|高德地图|轻享专车|静音不打扰 整洁无异味|51|
|28|高德地图|品质专车|静音不打扰 整洁无异味|55|
|29|高德地图|六座商务|宽敞空间 商务体验|62|
|30|高德地图|豪华型|车型高端 服务专业|68|
|31|高德地图|经济|首汽约车|79|
|32|高德地图|拼车|特惠快车|82|
|33|高德地图|拼车|出租车拼车|86|
|34|高德地图|特价出发|更多特价|95|
|35|高德地图|快速出发|无|102|
|36|高德地图|惠享专车|曹操出行|110|
|37|高德地图|惠享专车|阳光出行|114|
|38|高德地图|推荐|极速拼车|122|
|39|高德地图|豪华型|undefined|87-91|",无,"经济型,经济,拼车,特价出发","极速拼车,特惠快车,极速拼车",顾存虹,,,,,,,,,,,,,,"[{'': '极速拼车'}, {'': '特惠快车'}, {'优享型': 'AA出行'}, {'优享型': 'T3出行'}, {'优享型': '中交出行'}, {'优享型': '享道出行'}, {'优享型': '火箭出行'}, {'优享型': '环旅出行'}, {'优享型': '阳光出行'}, {'优享型': '飞嘀打车'}, {'六座商务': '宽敞空间 商务体验'}, {'出租车': '车多应答快'}, {'品质专车': '静音不打扰 整洁无异味'}, {'快速出发': '无'}, {'惠享专车': '曹操出行'}, {'惠享专车': '阳光出行'}, {'拼车': '出租车拼车'}, {'拼车': '特惠快车'}, {'推荐': '极速拼车'}, {'特价出发': '更多特价'}, {'特快车': '超值体验 更快上车'}, {'经济': '首汽约车'}, {'经济型': 'K9用车'}, {'经济型': 'T3出行'}, {'经济型': '东潮出行'}, {'经济型': '全民GO'}, {'经济型': '及时用车'}, {'经济型': '奇华出行'}, {'经济型': '如祺出行'}, {'经济型': '旅程出租'}, {'经济型': '旗妙出行'}, {'经济型': '星徽出行'}, {'经济型': '深圳出租'}, {'经济型': '添猫出行'}, {'经济型': '腾飞出行'}, {'经济型': '阳光出行'}, {'经济型': '飞嘀打车'}, {'豪华型': '车型高端 服务专业'}, {'轻享专车': '静音不打扰 整洁无异味'}]","经济型,经济,拼车,特价出发","极速拼车,特惠快车,极速拼车",1. 到中关村软件园，叫辆拼车。,把特惠车也选上。
打车到丽泽商务区。,用滴滴叫辆专车。,"|序号id|应用名称|车型大类|车辆类型|价格|
|---|---|---|---|---|
|0|滴滴|推荐|花小猪正价版|7.45|
|1|滴滴|推荐|特惠快车|8.80|
|2|滴滴|推荐|滴滴快车|11.08|
|3|滴滴|推荐|特快出租车|12.16|
|4|滴滴|推荐|滴滴特快|12.38|
|5|滴滴|拼车|特价拼车|4.99-6.01|
|6|滴滴|拼车|极速拼车|9.69-11.26|
|7|滴滴|拼车|滴滴小巴|9.11-10.15|
|8|滴滴|特价|花小猪外接版|10.10|
|9|滴滴|特价|惊喜特价|14.06|
|10|滴滴|快速|曹操出行|16.44|
|11|滴滴|快速|出租车|16.59|
|12|滴滴|快速|滴滴轻享|17.55|
|13|滴滴|快速|滴滴特快|17.96|
|14|滴滴|快速|滴滴优享|19.12|
|15|滴滴|快速|滴滴快车|19.34|
|16|滴滴|快速|宽敞好车|19.73|
|17|滴滴|快速|方舟行|20.02|
|18|滴滴|舒适|滴滴专车|26.02|
|19|滴滴|舒适|滴滴豪华车|29.26|
|20|滴滴|六座|六座专车|35.31|
|21|滴滴|六座|六座豪华车|35.51|",滴滴,无,"滴滴专车,六座专车",顾存虹,,,,,,,,,,,,,,"[{'六座': '六座专车'}, {'六座': '六座豪华车'}, {'快速': '出租车'}, {'快速': '宽敞好车'}, {'快速': '方舟行'}, {'快速': '曹操出行'}, {'快速': '滴滴优享'}, {'快速': '滴滴快车'}, {'快速': '滴滴特快'}, {'快速': '滴滴轻享'}, {'拼车': '极速拼车'}, {'拼车': '滴滴小巴'}, {'拼车': '特价拼车'}, {'推荐': '滴滴快车'}, {'推荐': '滴滴特快'}, {'推荐': '特快出租车'}, {'推荐': '特惠快车'}, {'推荐': '花小猪正价版'}, {'特价': '惊喜特价'}, {'特价': '花小猪外接版'}, {'舒适': '滴滴专车'}, {'舒适': '滴滴豪华车'}]",无,"滴滴专车,六座专车",1. 打车到丽泽商务区。,用滴滴叫辆专车。
叫辆豪华车去北京西站南广场。,价格不超过220元,"|序号id|应用名称|车型大类|车辆类型|价格|
|---|---|---|---|---|
|0|高德地图|     |极速拼车|31-33|
|1|高德地图|     |特惠快车|33-34|
|2|高德地图|经济型|添猫出行|36|
|3|高德地图|经济型|旗妙出行|36|
|4|高德地图|经济型|妥妥E行|36|
|5|高德地图|经济型|及时用车|37|
|6|高德地图|经济型|AA出行|37|
|7|高德地图|经济型|曹操出行|37|
|8|高德地图|经济型|900出行|38|
|9|高德地图|经济型|方舟行|38|
|10|高德地图|经济型|奇华出行|38|
|11|高德地图|经济型|有序出行|39|
|12|高德地图|经济型|渔阳出行|39|
|13|高德地图|经济型|橄榄新出租|40|
|14|高德地图|经济型|中军出行|40|
|15|高德地图|特快车|超值体验 更快上车|40|
|16|高德地图|出租车|车多应答快|44|
|17|高德地图|优享型|添猫出行|49|
|18|高德地图|优享型|旗妙出行|49|
|19|高德地图|优享型|及时用车|50|
|20|高德地图|优享型|AA出行|50|
|21|高德地图|优享型|曹操出行|51|
|22|高德地图|优享型|环旅出行|51|
|23|高德地图|优享型|阳光出行|52|
|24|高德地图|优享型|T3出行|52|
|25|高德地图|优享型|神州专车|52|
|26|高德地图|优享型|中交出行|53|
|27|高德地图|轻享专车|静音不打扰 整洁无异味|56|
|28|高德地图|品质专车|静音不打扰 整洁无异味|63|
|29|高德地图|六座商务|宽敞空间 商务体验|70|
|30|高德地图|豪华型|车型高端 服务专业|77|
|31|高德地图|经济|首汽约车|81|
|32|高德地图|拼车|特惠快车|91|
|33|高德地图|拼车|出租车拼车|91|
|34|高德地图|特价出发|更多特价|101|
|35|高德地图|快速出发|无|112|
|36|高德地图|惠享专车|好车好服务|119|
|37|高德地图|推荐|极速拼车|131|
|38|高德地图|豪华型|undefined|94-96|",无,豪华型,无,顾存虹,,,,,,,,,,,,,,"[{'': '极速拼车'}, {'': '特惠快车'}, {'优享型': 'AA出行'}, {'优享型': 'T3出行'}, {'优享型': '中交出行'}, {'优享型': '及时用车'}, {'优享型': '旗妙出行'}, {'优享型': '曹操出行'}, {'优享型': '添猫出行'}, {'优享型': '环旅出行'}, {'优享型': '神州专车'}, {'优享型': '阳光出行'}, {'六座商务': '宽敞空间 商务体验'}, {'出租车': '车多应答快'}, {'品质专车': '静音不打扰 整洁无异味'}, {'快速出发': '无'}, {'惠享专车': '好车好服务'}, {'拼车': '出租车拼车'}, {'拼车': '特惠快车'}, {'推荐': '极速拼车'}, {'特价出发': '更多特价'}, {'特快车': '超值体验 更快上车'}, {'经济': '首汽约车'}, {'经济型': '900出行'}, {'经济型': 'AA出行'}, {'经济型': '中军出行'}, {'经济型': '及时用车'}, {'经济型': '奇华出行'}, {'经济型': '妥妥E行'}, {'经济型': '方舟行'}, {'经济型': '旗妙出行'}, {'经济型': '曹操出行'}, {'经济型': '有序出行'}, {'经济型': '橄榄新出租'}, {'经济型': '添猫出行'}, {'经济型': '渔阳出行'}, {'豪华型': '车型高端 服务专业'}, {'轻享专车': '静音不打扰 整洁无异味'}]",豪华型,无,1. 叫辆豪华车去北京西站南广场。,价格不超过220元
打个专车去玉渊潭公园东门。,用高德，价格在120元以内,"|序号id|应用名称|车型大类|车辆类型|价格|
|---|---|---|---|---|
|0|高德地图|     |极速拼车|22-24|
|1|高德地图|     |特惠快车|25-28|
|2|高德地图|经济型|旅程出租|27|
|3|高德地图|经济型|J刻出行|27|
|4|高德地图|经济型|日初出行|28|
|5|高德地图|经济型|妥妥E行|28|
|6|高德地图|经济型|5U出行|29|
|7|高德地图|经济型|如祺出行|30|
|8|高德地图|经济型|北京新出租|30|
|9|高德地图|经济型|首汽约车|31|
|10|高德地图|经济型|奇华出行|31|
|11|高德地图|经济型|东潮出行|31|
|12|高德地图|经济型|有序出行|31|
|13|高德地图|经济型|渔阳出行|31|
|14|高德地图|经济型|国泰出租|31|
|15|高德地图|经济型|聚的新出租|31|
|16|高德地图|特快车|超值体验 更快上车|31|
|17|高德地图|出租车|车多应答快|35|
|18|高德地图|优享型|添猫出行|36|
|19|高德地图|优享型|全民GO|36|
|20|高德地图|优享型|妥妥E行|37|
|21|高德地图|优享型|及时用车|37|
|22|高德地图|优享型|火箭出行|38|
|23|高德地图|优享型|曹操出行|38|
|24|高德地图|优享型|首汽约车|39|
|25|高德地图|优享型|神州专车|39|
|26|高德地图|优享型|东潮出行|39|
|27|高德地图|优享型|环旅出行|40|
|28|高德地图|优享型|星徽出行|40|
|29|高德地图|轻享专车|静音不打扰 整洁无异味|43|
|30|高德地图|品质专车|静音不打扰 整洁无异味|46|
|31|高德地图|六座商务|宽敞空间 商务体验|52|
|32|高德地图|豪华型|车型高端 服务专业|58|
|33|高德地图|经济|首汽约车|63|
|34|高德地图|拼车|出租车拼车|69|
|35|高德地图|特价出发|惊喜特价|75|
|36|高德地图|快速出发|无|83|
|37|高德地图|惠享专车|神州专车|90|
|38|高德地图|惠享专车|T3出行|93|
|39|高德地图|推荐|特惠快车|99|
|40|高德地图|推荐|推荐专车|101|
|41|高德地图|豪华型|undefined|73-75|",高德,"轻享专车,品质专车,惠享专车","神州专车,推荐专车",顾存虹,,,,,,,,,,,,,,"[{'': '极速拼车'}, {'': '特惠快车'}, {'优享型': '东潮出行'}, {'优享型': '全民GO'}, {'优享型': '及时用车'}, {'优享型': '妥妥E行'}, {'优享型': '星徽出行'}, {'优享型': '曹操出行'}, {'优享型': '添猫出行'}, {'优享型': '火箭出行'}, {'优享型': '环旅出行'}, {'优享型': '神州专车'}, {'优享型': '首汽约车'}, {'六座商务': '宽敞空间 商务体验'}, {'出租车': '车多应答快'}, {'品质专车': '静音不打扰 整洁无异味'}, {'快速出发': '无'}, {'惠享专车': 'T3出行'}, {'惠享专车': '神州专车'}, {'拼车': '出租车拼车'}, {'推荐': '推荐专车'}, {'推荐': '特惠快车'}, {'特价出发': '惊喜特价'}, {'特快车': '超值体验 更快上车'}, {'经济': '首汽约车'}, {'经济型': '5U出行'}, {'经济型': 'J刻出行'}, {'经济型': '东潮出行'}, {'经济型': '北京新出租'}, {'经济型': '国泰出租'}, {'经济型': '奇华出行'}, {'经济型': '如祺出行'}, {'经济型': '妥妥E行'}, {'经济型': '旅程出租'}, {'经济型': '日初出行'}, {'经济型': '有序出行'}, {'经济型': '渔阳出行'}, {'经济型': '聚的新出租'}, {'经济型': '首汽约车'}, {'豪华型': '车型高端 服务专业'}, {'轻享专车': '静音不打扰 整洁无异味'}]","轻享专车,品质专车,惠享专车","神州专车,推荐专车",1. 打个专车去玉渊潭公园东门。,用高德，价格在120元以内
叫辆出租车去协和医院西院。,价格不限,"|序号id|应用名称|车型大类|车辆类型|价格|
|---|---|---|---|---|
|0|高德地图|     |极速拼车|42-43|
|1|高德地图|     |特惠快车|45-45|
|2|高德地图|经济型|旅程出租|49|
|3|高德地图|经济型|腾飞出行|49|
|4|高德地图|经济型|J刻出行|49|
|5|高德地图|经济型|及时用车|50|
|6|高德地图|经济型|中军出行|50|
|7|高德地图|经济型|聚的新出租|50|
|8|高德地图|经济型|斑马快跑|50|
|9|高德地图|经济型|奇华出行|50|
|10|高德地图|经济型|阳光出行|51|
|11|高德地图|经济型|T3出行|51|
|12|高德地图|经济型|有序出行|52|
|13|高德地图|经济型|东潮出行|52|
|14|高德地图|经济型|渔阳出行|52|
|15|高德地图|经济型|星徽出行|53|
|16|高德地图|经济型|365约车|53|
|17|高德地图|经济型|北京的士|53|
|18|高德地图|经济型|易至出行|53|
|19|高德地图|特快车|超值体验 更快上车|56|
|20|高德地图|出租车|车多应答快|60|
|21|高德地图|优享型|添猫出行|67|
|22|高德地图|优享型|全民GO|68|
|23|高德地图|优享型|火箭出行|68|
|24|高德地图|优享型|风韵出行|69|
|25|高德地图|优享型|及时用车|70|
|26|高德地图|优享型|AA出行|70|
|27|高德地图|优享型|曹操出行|70|
|28|高德地图|优享型|飞嘀打车|70|
|29|高德地图|优享型|妥妥E行|70|
|30|高德地图|优享型|阳光出行|70|
|31|高德地图|优享型|东潮出行|71|
|32|高德地图|优享型|环旅出行|71|
|33|高德地图|优享型|星徽出行|71|
|34|高德地图|优享型|中交出行|71|
|35|高德地图|轻享专车|静音不打扰 整洁无异味|73|
|36|高德地图|品质专车|静音不打扰 整洁无异味|83|
|37|高德地图|六座商务|宽敞空间 商务体验|90|
|38|高德地图|豪华型|车型高端 服务专业|99|
|39|高德地图|经济|首汽约车|112|
|40|高德地图|拼车|特惠快车|120|
|41|高德地图|拼车|出租车拼车|121|
|42|高德地图|特价出发|惊喜特价|132|
|43|高德地图|特价出发|更多特价|134|
|44|高德地图|快速出发|无|150|
|45|高德地图|惠享专车|添猫出行|161|
|46|高德地图|推荐|推荐专车|179|
|47|高德地图|豪华型|undefined|116-117|",无,出租车,旅程出租，出租车拼车,万晓蓉,,,,,,,,,,,,,,"[{'': '极速拼车'}, {'': '特惠快车'}, {'优享型': 'AA出行'}, {'优享型': '东潮出行'}, {'优享型': '中交出行'}, {'优享型': '全民GO'}, {'优享型': '及时用车'}, {'优享型': '妥妥E行'}, {'优享型': '星徽出行'}, {'优享型': '曹操出行'}, {'优享型': '添猫出行'}, {'优享型': '火箭出行'}, {'优享型': '环旅出行'}, {'优享型': '阳光出行'}, {'优享型': '风韵出行'}, {'优享型': '飞嘀打车'}, {'六座商务': '宽敞空间 商务体验'}, {'出租车': '车多应答快'}, {'品质专车': '静音不打扰 整洁无异味'}, {'快速出发': '无'}, {'惠享专车': '添猫出行'}, {'拼车': '出租车拼车'}, {'拼车': '特惠快车'}, {'推荐': '推荐专车'}, {'特价出发': '惊喜特价'}, {'特价出发': '更多特价'}, {'特快车': '超值体验 更快上车'}, {'经济': '首汽约车'}, {'经济型': '365约车'}, {'经济型': 'J刻出行'}, {'经济型': 'T3出行'}, {'经济型': '东潮出行'}, {'经济型': '中军出行'}, {'经济型': '北京的士'}, {'经济型': '及时用车'}, {'经济型': '奇华出行'}, {'经济型': '斑马快跑'}, {'经济型': '旅程出租'}, {'经济型': '易至出行'}, {'经济型': '星徽出行'}, {'经济型': '有序出行'}, {'经济型': '渔阳出行'}, {'经济型': '聚的新出租'}, {'经济型': '腾飞出行'}, {'经济型': '阳光出行'}, {'豪华型': '车型高端 服务专业'}, {'轻享专车': '静音不打扰 整洁无异味'}]",出租车,旅程出租，出租车拼车,1. 叫辆出租车去协和医院西院。,价格不限
打个拼车去天通苑龙德广场。,费用不超过50 ,"|序号id|应用名称|车型大类|车辆类型|价格|
|---|---|---|---|---|
|0|高德地图|     |极速拼车|24-26|
|1|高德地图|     |特惠快车|24-26|
|2|高德地图|经济型|腾飞出行|27|
|3|高德地图|经济型|旗妙出行|27|
|4|高德地图|经济型|全民GO|27|
|5|高德地图|经济型|妥妥E行|28|
|6|高德地图|经济型|及时用车|28|
|7|高德地图|经济型|K9用车|28|
|8|高德地图|经济型|AA出行|28|
|9|高德地图|经济型|曹操出行|28|
|10|高德地图|经济型|中军出行|29|
|11|高德地图|经济型|深圳出租|29|
|12|高德地图|经济型|首汽约车|29|
|13|高德地图|经济型|斑马快跑|29|
|14|高德地图|经济型|阳光出行|30|
|15|高德地图|经济型|有序出行|30|
|16|高德地图|经济型|橄榄新出租|31|
|17|高德地图|经济型|365约车|31|
|18|高德地图|特快车|超值体验 更快上车|31|
|19|高德地图|出租车|车多应答快|36|
|20|高德地图|优享型|腾飞出行|36|
|21|高德地图|优享型|添猫出行|36|
|22|高德地图|优享型|全民GO|36|
|23|高德地图|优享型|火箭出行|37|
|24|高德地图|优享型|风韵出行|37|
|25|高德地图|优享型|及时用车|37|
|26|高德地图|优享型|AA出行|39|
|27|高德地图|优享型|优e出行特选|39|
|28|高德地图|优享型|首汽约车|39|
|29|高德地图|优享型|神州专车|40|
|30|高德地图|优享型|东潮出行|40|
|31|高德地图|优享型|环旅出行|40|
|32|高德地图|优享型|星徽出行|40|
|33|高德地图|优享型|享道出行|40|
|34|高德地图|轻享专车|静音不打扰 整洁无异味|44|
|35|高德地图|品质专车|静音不打扰 整洁无异味|47|
|36|高德地图|六座商务|宽敞空间 商务体验|50|
|37|高德地图|豪华型|车型高端 服务专业|56|
|38|高德地图|经济|首汽约车|62|
|39|高德地图|拼车|出租车拼车|70|
|40|高德地图|特价出发|更多特价|76|
|41|高德地图|快速出发|无|84|
|42|高德地图|惠享专车|及时用车|89|
|43|高德地图|惠享专车|T3出行|89|
|44|高德地图|推荐|特惠快车|102|
|45|高德地图|推荐|推荐专车|103|
|46|高德地图|豪华型|undefined|74-78|",无,拼车,"极速拼车,出租车拼车",万晓蓉,,,,,,,,,,,,,,"[{'': '极速拼车'}, {'': '特惠快车'}, {'优享型': 'AA出行'}, {'优享型': '东潮出行'}, {'优享型': '享道出行'}, {'优享型': '优e出行特选'}, {'优享型': '全民GO'}, {'优享型': '及时用车'}, {'优享型': '星徽出行'}, {'优享型': '添猫出行'}, {'优享型': '火箭出行'}, {'优享型': '环旅出行'}, {'优享型': '神州专车'}, {'优享型': '腾飞出行'}, {'优享型': '风韵出行'}, {'优享型': '首汽约车'}, {'六座商务': '宽敞空间 商务体验'}, {'出租车': '车多应答快'}, {'品质专车': '静音不打扰 整洁无异味'}, {'快速出发': '无'}, {'惠享专车': 'T3出行'}, {'惠享专车': '及时用车'}, {'拼车': '出租车拼车'}, {'推荐': '推荐专车'}, {'推荐': '特惠快车'}, {'特价出发': '更多特价'}, {'特快车': '超值体验 更快上车'}, {'经济': '首汽约车'}, {'经济型': '365约车'}, {'经济型': 'AA出行'}, {'经济型': 'K9用车'}, {'经济型': '中军出行'}, {'经济型': '全民GO'}, {'经济型': '及时用车'}, {'经济型': '妥妥E行'}, {'经济型': '斑马快跑'}, {'经济型': '旗妙出行'}, {'经济型': '曹操出行'}, {'经济型': '有序出行'}, {'经济型': '橄榄新出租'}, {'经济型': '深圳出租'}, {'经济型': '腾飞出行'}, {'经济型': '阳光出行'}, {'经济型': '首汽约车'}, {'豪华型': '车型高端 服务专业'}, {'轻享专车': '静音不打扰 整洁无异味'}]",拼车,"极速拼车,出租车拼车",1. 打个拼车去天通苑龙德广场。,费用不超过50
去北京大学东门，用滴滴，不超过40元。,叫辆特惠车,"|序号id|应用名称|车型大类|车辆类型|价格|
|---|---|---|---|---|
|0|滴滴|推荐|花小猪正价版|9.12|
|1|滴滴|推荐|特惠快车|9.95|
|2|滴滴|推荐|滴滴快车|10.94|
|3|滴滴|推荐|特快出租车|13.44|
|4|滴滴|推荐|滴滴特快|14.06|
|5|滴滴|拼车|特价拼车|5.24-6.72|
|6|滴滴|拼车|极速拼车|8.17-9.60|
|7|滴滴|特价|花小猪外接版|13.28|
|8|滴滴|特价|惊喜特价|16.27|
|9|滴滴|快速|曹操出行|19.16|
|10|滴滴|快速|出租车|19.23|
|11|滴滴|快速|滴滴轻享|20.16|
|12|滴滴|快速|滴滴特快|21.05|
|13|滴滴|快速|滴滴优享|21.84|
|14|滴滴|快速|滴滴快车|22.25|
|15|滴滴|快速|宽敞好车|24.39|
|16|滴滴|快速|方舟行|24.78|
|17|滴滴|快速|长沙新出租|24.93|
|18|滴滴|快速|武汉新出租|24.97|
|19|滴滴|舒适|滴滴专车|25.42|
|20|滴滴|舒适|滴滴豪华车|25.77|
|21|滴滴|六座|六座专车|39.48|",滴滴,特价,特惠快车，特价拼车,万晓蓉,,,,,,,,,,,,,,"[{'六座': '六座专车'}, {'快速': '出租车'}, {'快速': '宽敞好车'}, {'快速': '方舟行'}, {'快速': '曹操出行'}, {'快速': '武汉新出租'}, {'快速': '滴滴优享'}, {'快速': '滴滴快车'}, {'快速': '滴滴特快'}, {'快速': '滴滴轻享'}, {'快速': '长沙新出租'}, {'拼车': '极速拼车'}, {'拼车': '特价拼车'}, {'推荐': '滴滴快车'}, {'推荐': '滴滴特快'}, {'推荐': '特快出租车'}, {'推荐': '特惠快车'}, {'推荐': '花小猪正价版'}, {'特价': '惊喜特价'}, {'特价': '花小猪外接版'}, {'舒适': '滴滴专车'}, {'舒适': '滴滴豪华车'}]",特价,特惠快车，特价拼车,1. 去北京大学东门，用滴滴，不超过40元。,叫辆特惠车
打车到亦庄金茂府。,帮我叫辆豪华车。,"|序号id|应用名称|车型大类|车辆类型|价格|
|---|---|---|---|---|
|0|高德地图|     |极速拼车|8-11|
|1|高德地图|     |特惠快车|8-11|
|2|高德地图|经济型|旅程出租|9|
|3|高德地图|经济型|旗妙出行|9|
|4|高德地图|经济型|添猫出行|9|
|5|高德地图|经济型|享道出行|9|
|6|高德地图|经济型|及时用车|10|
|7|高德地图|经济型|曹操出行|10|
|8|高德地图|经济型|飞嘀打车|10|
|9|高德地图|经济型|深圳出租|10|
|10|高德地图|经济型|首汽约车|10|
|11|高德地图|经济型|900出行|11|
|12|高德地图|经济型|斑马快跑|11|
|13|高德地图|经济型|渔阳出行|11|
|14|高德地图|经济型|东潮出行|11|
|15|高德地图|经济型|神州专车|12|
|16|高德地图|经济型|橄榄新出租|12|
|17|高德地图|经济型|365约车|12|
|18|高德地图|经济型|北京的士|13|
|19|高德地图|经济型|聚的新出租|13|
|20|高德地图|特快车|超值体验 更快上车|12|
|21|高德地图|出租车|车多应答快|13|
|22|高德地图|优享型|腾飞出行|13|
|23|高德地图|优享型|旗妙出行|14|
|24|高德地图|优享型|全民GO|14|
|25|高德地图|优享型|火箭出行|14|
|26|高德地图|优享型|优e出行特选|15|
|27|高德地图|优享型|AA出行|15|
|28|高德地图|优享型|曹操出行|15|
|29|高德地图|优享型|T3出行|16|
|30|高德地图|优享型|东潮出行|16|
|31|高德地图|优享型|环旅出行|17|
|32|高德地图|优享型|享道出行|17|
|33|高德地图|轻享专车|静音不打扰 整洁无异味|18|
|34|高德地图|品质专车|静音不打扰 整洁无异味|18|
|35|高德地图|六座商务|宽敞空间 商务体验|21|
|36|高德地图|豪华型|车型高端 服务专业|22|
|37|高德地图|经济|首汽约车|25|
|38|高德地图|拼车|特惠快车|29|
|39|高德地图|特价出发|惊喜特价|30|
|40|高德地图|特价出发|更多特价|31|
|41|高德地图|快速出发|无|33|
|42|高德地图|惠享专车|T3出行|38|
|43|高德地图|推荐|极速拼车|39|
|44|高德地图|豪华型|undefined|42-45|",无,豪华型,无,万晓蓉,,,,,,,,,,,,,,"[{'': '极速拼车'}, {'': '特惠快车'}, {'优享型': 'AA出行'}, {'优享型': 'T3出行'}, {'优享型': '东潮出行'}, {'优享型': '享道出行'}, {'优享型': '优e出行特选'}, {'优享型': '全民GO'}, {'优享型': '旗妙出行'}, {'优享型': '曹操出行'}, {'优享型': '火箭出行'}, {'优享型': '环旅出行'}, {'优享型': '腾飞出行'}, {'六座商务': '宽敞空间 商务体验'}, {'出租车': '车多应答快'}, {'品质专车': '静音不打扰 整洁无异味'}, {'快速出发': '无'}, {'惠享专车': 'T3出行'}, {'拼车': '特惠快车'}, {'推荐': '极速拼车'}, {'特价出发': '惊喜特价'}, {'特价出发': '更多特价'}, {'特快车': '超值体验 更快上车'}, {'经济': '首汽约车'}, {'经济型': '365约车'}, {'经济型': '900出行'}, {'经济型': '东潮出行'}, {'经济型': '享道出行'}, {'经济型': '北京的士'}, {'经济型': '及时用车'}, {'经济型': '斑马快跑'}, {'经济型': '旅程出租'}, {'经济型': '旗妙出行'}, {'经济型': '曹操出行'}, {'经济型': '橄榄新出租'}, {'经济型': '深圳出租'}, {'经济型': '添猫出行'}, {'经济型': '渔阳出行'}, {'经济型': '神州专车'}, {'经济型': '聚的新出租'}, {'经济型': '飞嘀打车'}, {'经济型': '首汽约车'}, {'豪华型': '车型高端 服务专业'}, {'轻享专车': '静音不打扰 整洁无异味'}]",豪华型,无,1. 打车到亦庄金茂府。,帮我叫辆豪华车。
我想去西二旗地铁站。,用高德叫辆专车,"|序号id|应用名称|车型大类|车辆类型|价格|
|---|---|---|---|---|
|0|高德地图|     |极速拼车|33-36|
|1|高德地图|     |特惠快车|36-38|
|2|高德地图|经济型|腾飞出行|40|
|3|高德地图|经济型|全民GO|40|
|4|高德地图|经济型|享道出行|40|
|5|高德地图|经济型|及时用车|40|
|6|高德地图|经济型|K9用车|42|
|7|高德地图|经济型|北京新出租|42|
|8|高德地图|经济型|如祺出行|42|
|9|高德地图|经济型|曹操出行|42|
|10|高德地图|经济型|飞嘀打车|43|
|11|高德地图|经济型|AA出行|43|
|12|高德地图|经济型|深圳出租|43|
|13|高德地图|经济型|斑马快跑|43|
|14|高德地图|经济型|东潮出行|43|
|15|高德地图|经济型|T3出行|43|
|16|高德地图|经济型|神州专车|44|
|17|高德地图|经济型|星徽出行|44|
|18|高德地图|经济型|易至出行|44|
|19|高德地图|特快车|超值体验 更快上车|46|
|20|高德地图|出租车|车多应答快|51|
|21|高德地图|优享型|腾飞出行|56|
|22|高德地图|优享型|添猫出行|56|
|23|高德地图|优享型|妥妥E行|56|
|24|高德地图|优享型|及时用车|57|
|25|高德地图|优享型|优e出行特选|57|
|26|高德地图|优享型|斑马快跑|57|
|27|高德地图|优享型|T3出行|57|
|28|高德地图|优享型|神州专车|58|
|29|高德地图|优享型|中交出行|58|
|30|高德地图|轻享专车|静音不打扰 整洁无异味|64|
|31|高德地图|品质专车|静音不打扰 整洁无异味|67|
|32|高德地图|六座商务|宽敞空间 商务体验|77|
|33|高德地图|豪华型|车型高端 服务专业|82|
|34|高德地图|经济|首汽约车|89|
|35|高德地图|拼车|特惠快车|102|
|36|高德地图|特价出发|更多特价|108|
|37|高德地图|快速出发|无|121|
|38|高德地图|惠享专车|及时用车|132|
|39|高德地图|推荐|特惠快车|146|
|40|高德地图|推荐|推荐专车|146|
|41|高德地图|豪华型|undefined|99-103|",高德,轻享专车，品质专车，惠享专车,神州专车，推荐专车,万晓蓉,,,,,,,,,,,,,,"[{'': '极速拼车'}, {'': '特惠快车'}, {'优享型': 'T3出行'}, {'优享型': '中交出行'}, {'优享型': '优e出行特选'}, {'优享型': '及时用车'}, {'优享型': '妥妥E行'}, {'优享型': '斑马快跑'}, {'优享型': '添猫出行'}, {'优享型': '神州专车'}, {'优享型': '腾飞出行'}, {'六座商务': '宽敞空间 商务体验'}, {'出租车': '车多应答快'}, {'品质专车': '静音不打扰 整洁无异味'}, {'快速出发': '无'}, {'惠享专车': '及时用车'}, {'拼车': '特惠快车'}, {'推荐': '推荐专车'}, {'推荐': '特惠快车'}, {'特价出发': '更多特价'}, {'特快车': '超值体验 更快上车'}, {'经济': '首汽约车'}, {'经济型': 'AA出行'}, {'经济型': 'K9用车'}, {'经济型': 'T3出行'}, {'经济型': '东潮出行'}, {'经济型': '享道出行'}, {'经济型': '全民GO'}, {'经济型': '北京新出租'}, {'经济型': '及时用车'}, {'经济型': '如祺出行'}, {'经济型': '斑马快跑'}, {'经济型': '易至出行'}, {'经济型': '星徽出行'}, {'经济型': '曹操出行'}, {'经济型': '深圳出租'}, {'经济型': '神州专车'}, {'经济型': '腾飞出行'}, {'经济型': '飞嘀打车'}, {'豪华型': '车型高端 服务专业'}, {'轻享专车': '静音不打扰 整洁无异味'}]",轻享专车，品质专车，惠享专车,神州专车，推荐专车,1. 我想去西二旗地铁站。,用高德叫辆专车
到东直门枢纽，叫辆出租车。,越便宜越好。,"|序号id|应用名称|车型大类|车辆类型|价格|
|---|---|---|---|---|
|0|高德地图|     |极速拼车|20-21|
|1|高德地图|     |特惠快车|23-24|
|2|高德地图|经济型|日初出行|24|
|3|高德地图|经济型|首汽约车|24|
|4|高德地图|经济型|渔阳出行|24|
|5|高德地图|经济型|旗妙出行|24|
|6|高德地图|经济型|深圳出租|24|
|7|高德地图|经济型|900出行|24|
|8|高德地图|经济型|星徽出行|25|
|9|高德地图|经济型|365约车|25|
|10|高德地图|经济型|易至出行|25|
|11|高德地图|经济型|腾飞出行|26|
|12|高德地图|经济型|全民GO|26|
|13|高德地图|经济型|飞嘀打车|26|
|14|高德地图|经济型|东潮出行|26|
|15|高德地图|经济型|橄榄新出租|26|
|16|高德地图|经济型|国泰出租|26|
|17|高德地图|经济型|享道出行|27|
|18|高德地图|经济型|旅程出租|27|
|19|高德地图|经济型|妥妥E行|27|
|20|高德地图|经济型|及时用车|27|
|21|高德地图|经济型|K9用车|27|
|22|高德地图|经济型|奇华出行|28|
|23|高德地图|经济型|神州专车|28|
|24|高德地图|经济型|中军出行|28|
|25|高德地图|特快车|超值体验 更快上车|31|
|26|高德地图|出租车|车多应答快|33|
|27|高德地图|优享型|添猫出行|33|
|28|高德地图|优享型|腾飞出行|33|
|29|高德地图|优享型|全民GO|33|
|30|高德地图|优享型|火箭出行|34|
|31|高德地图|优享型|风韵出行|35|
|32|高德地图|优享型|及时用车|36|
|33|高德地图|优享型|环旅出行|36|
|34|高德地图|优享型|神州专车|36|
|35|高德地图|轻享专车|静音不打扰 整洁无异味|40|
|36|高德地图|品质专车|静音不打扰 整洁无异味|42|
|37|高德地图|六座商务|宽敞空间 商务体验|49|
|38|高德地图|豪华型|车型高端 服务专业|53|
|39|高德地图|经济|首汽约车|58|
|40|高德地图|拼车|特惠快车|64|
|41|高德地图|特价出发|惊喜特价|67|
|42|高德地图|特价出发|更多特价|68|
|43|高德地图|快速出发|无|74|
|44|高德地图|惠享专车|精选车型 优质司机|84|
|45|高德地图|推荐|特惠快车|91|
|46|高德地图|豪华型|undefined|68-72|",无,出租车,深圳出租，橄榄新出租，国泰出租，旅程出租,万晓蓉,,,,,,,,,,,,,,"[{'': '极速拼车'}, {'': '特惠快车'}, {'优享型': '全民GO'}, {'优享型': '及时用车'}, {'优享型': '添猫出行'}, {'优享型': '火箭出行'}, {'优享型': '环旅出行'}, {'优享型': '神州专车'}, {'优享型': '腾飞出行'}, {'优享型': '风韵出行'}, {'六座商务': '宽敞空间 商务体验'}, {'出租车': '车多应答快'}, {'品质专车': '静音不打扰 整洁无异味'}, {'快速出发': '无'}, {'惠享专车': '精选车型 优质司机'}, {'拼车': '特惠快车'}, {'推荐': '特惠快车'}, {'特价出发': '惊喜特价'}, {'特价出发': '更多特价'}, {'特快车': '超值体验 更快上车'}, {'经济': '首汽约车'}, {'经济型': '365约车'}, {'经济型': '900出行'}, {'经济型': 'K9用车'}, {'经济型': '东潮出行'}, {'经济型': '中军出行'}, {'经济型': '享道出行'}, {'经济型': '全民GO'}, {'经济型': '及时用车'}, {'经济型': '国泰出租'}, {'经济型': '奇华出行'}, {'经济型': '妥妥E行'}, {'经济型': '旅程出租'}, {'经济型': '旗妙出行'}, {'经济型': '日初出行'}, {'经济型': '易至出行'}, {'经济型': '星徽出行'}, {'经济型': '橄榄新出租'}, {'经济型': '深圳出租'}, {'经济型': '渔阳出行'}, {'经济型': '神州专车'}, {'经济型': '腾飞出行'}, {'经济型': '飞嘀打车'}, {'经济型': '首汽约车'}, {'豪华型': '车型高端 服务专业'}, {'轻享专车': '静音不打扰 整洁无异味'}]",出租车,深圳出租，橄榄新出租，国泰出租，旅程出租,1. 到东直门枢纽，叫辆出租车。,越便宜越好。
打车到国贸地铁站A口,用滴滴叫辆拼车。,"|序号id|应用名称|车型大类|车辆类型|价格|
|---|---|---|---|---|
|0|滴滴|推荐|花小猪正价版|10.78|
|1|滴滴|推荐|特惠快车|11.71|
|2|滴滴|推荐|滴滴快车|16.18|
|3|滴滴|推荐|特快出租车|16.22|
|4|滴滴|拼车|特价拼车|8.53-10.14|
|5|滴滴|特价|花小猪外接版|17.95|
|6|滴滴|快速|曹操出行|21.81|
|7|滴滴|快速|出租车|22.00|
|8|滴滴|快速|滴滴轻享|22.07|
|9|滴滴|快速|滴滴特快|23.77|
|10|滴滴|快速|滴滴优享|24.38|
|11|滴滴|快速|滴滴快车|26.00|
|12|滴滴|快速|宽敞好车|26.24|
|13|滴滴|快速|方舟行|26.52|
|14|滴滴|舒适|滴滴专车|32.12|
|15|滴滴|舒适|滴滴豪华车|34.67|
|16|滴滴|六座|六座专车|55.50|",滴滴,拼车,无,万晓蓉,,,,,,,,,,,,,,"[{'六座': '六座专车'}, {'快速': '出租车'}, {'快速': '宽敞好车'}, {'快速': '方舟行'}, {'快速': '曹操出行'}, {'快速': '滴滴优享'}, {'快速': '滴滴快车'}, {'快速': '滴滴特快'}, {'快速': '滴滴轻享'}, {'拼车': '特价拼车'}, {'推荐': '滴滴快车'}, {'推荐': '特快出租车'}, {'推荐': '特惠快车'}, {'推荐': '花小猪正价版'}, {'特价': '花小猪外接版'}, {'舒适': '滴滴专车'}, {'舒适': '滴滴豪华车'}]",拼车,无,1. 打车到国贸地铁站A口,用滴滴叫辆拼车。
到香山公园北门,叫辆特惠车。,"|序号id|应用名称|车型大类|车辆类型|价格|
|---|---|---|---|---|
|0|滴滴|推荐|花小猪正价版|19.02|
|1|滴滴|推荐|特惠快车|19.30|
|2|滴滴|推荐|滴滴快车|19.66|
|3|滴滴|推荐|特快出租车|21.05|
|4|滴滴|拼车|特价拼车|12.78-14.54|
|5|滴滴|拼车|极速拼车|14.52-15.65|
|6|滴滴|特价|花小猪外接版|18.04|
|7|滴滴|特价|惊喜特价|18.95|
|8|滴滴|快速|曹操出行|25.32|
|9|滴滴|快速|出租车|25.58|
|10|滴滴|快速|滴滴轻享|26.57|
|11|滴滴|快速|滴滴特快|27.10|
|12|滴滴|快速|滴滴优享|27.37|
|13|滴滴|快速|滴滴快车|28.23|
|14|滴滴|快速|宽敞好车|28.37|
|15|滴滴|快速|方舟行|28.62|
|16|滴滴|快速|长沙新出租|29.72|
|17|滴滴|快速|武汉新出租|29.76|
|18|滴滴|快速|丽江新出租|30.87|
|19|滴滴|舒适|滴滴专车|43.66|
|20|滴滴|舒适|滴滴豪华车|44.48|
|21|滴滴|六座|六座专车|55.18|
|22|滴滴|六座|六座豪华车|57.91|",无,特价,特惠快车，特价拼车,万晓蓉,,,,,,,,,,,,,,"[{'六座': '六座专车'}, {'六座': '六座豪华车'}, {'快速': '丽江新出租'}, {'快速': '出租车'}, {'快速': '宽敞好车'}, {'快速': '方舟行'}, {'快速': '曹操出行'}, {'快速': '武汉新出租'}, {'快速': '滴滴优享'}, {'快速': '滴滴快车'}, {'快速': '滴滴特快'}, {'快速': '滴滴轻享'}, {'快速': '长沙新出租'}, {'拼车': '极速拼车'}, {'拼车': '特价拼车'}, {'推荐': '滴滴快车'}, {'推荐': '特快出租车'}, {'推荐': '特惠快车'}, {'推荐': '花小猪正价版'}, {'特价': '惊喜特价'}, {'特价': '花小猪外接版'}, {'舒适': '滴滴专车'}, {'舒适': '滴滴豪华车'}]",特价,特惠快车，特价拼车,1. 到香山公园北门,叫辆特惠车。
叫辆豪华车去昌平未来科学城,价格在250元以内。,"|序号id|应用名称|车型大类|车辆类型|价格|
|---|---|---|---|---|
|0|滴滴|推荐|花小猪正价版|14.22|
|1|滴滴|推荐|特惠快车|15.78|
|2|滴滴|推荐|滴滴快车|16.04|
|3|滴滴|推荐|特快出租车|16.11|
|4|滴滴|拼车|特价拼车|8.12-9.51|
|5|滴滴|拼车|极速拼车|15.30-17.06|
|6|滴滴|特价|花小猪外接版|12.06|
|7|滴滴|特价|惊喜特价|14.63|
|8|滴滴|特价|特惠快车|15.39|
|9|滴滴|快速|曹操出行|21.82|
|10|滴滴|快速|出租车|23.18|
|11|滴滴|快速|滴滴轻享|23.97|
|12|滴滴|快速|滴滴特快|24.01|
|13|滴滴|快速|滴滴优享|24.11|
|14|滴滴|快速|滴滴快车|25.13|
|15|滴滴|快速|宽敞好车|25.28|
|16|滴滴|快速|方舟行|26.34|
|17|滴滴|快速|长沙新出租|26.41|
|18|滴滴|快速|武汉新出租|26.74|
|19|滴滴|舒适|滴滴专车|33.53|
|20|滴滴|舒适|滴滴豪华车|36.33|
|21|滴滴|六座|六座专车|49.63|
|22|滴滴|六座|六座豪华车|53.67|",无,无,滴滴豪华车，六座豪华车,唐楠,,,,,,,,,,,,,,"[{'六座': '六座专车'}, {'六座': '六座豪华车'}, {'快速': '出租车'}, {'快速': '宽敞好车'}, {'快速': '方舟行'}, {'快速': '曹操出行'}, {'快速': '武汉新出租'}, {'快速': '滴滴优享'}, {'快速': '滴滴快车'}, {'快速': '滴滴特快'}, {'快速': '滴滴轻享'}, {'快速': '长沙新出租'}, {'拼车': '极速拼车'}, {'拼车': '特价拼车'}, {'推荐': '滴滴快车'}, {'推荐': '特快出租车'}, {'推荐': '特惠快车'}, {'推荐': '花小猪正价版'}, {'特价': '惊喜特价'}, {'特价': '特惠快车'}, {'特价': '花小猪外接版'}, {'舒适': '滴滴专车'}, {'舒适': '滴滴豪华车'}]",无,滴滴豪华车，六座豪华车,1. 叫辆豪华车去昌平未来科学城,价格在250元以内。
用滴滴打个车去顺义山姆会员店,用专车，不考虑价格。,"|序号id|应用名称|车型大类|车辆类型|价格|
|---|---|---|---|---|
|0|滴滴|推荐|花小猪正价版|11.15|
|1|滴滴|推荐|特惠快车|12.74|
|2|滴滴|推荐|滴滴快车|14.44|
|3|滴滴|推荐|特快出租车|14.86|
|4|滴滴|推荐|滴滴特快|15.25|
|5|滴滴|拼车|特价拼车|13.77-15.34|
|6|滴滴|拼车|极速拼车|16.03-17.62|
|7|滴滴|拼车|滴滴小巴|14.77-16.36|
|8|滴滴|特价|花小猪外接版|17.28|
|9|滴滴|特价|惊喜特价|18.95|
|10|滴滴|快速|曹操出行|23.54|
|11|滴滴|快速|出租车|25.16|
|12|滴滴|快速|滴滴轻享|25.21|
|13|滴滴|快速|滴滴特快|26.44|
|14|滴滴|快速|滴滴优享|27.13|
|15|滴滴|快速|滴滴快车|27.22|
|16|滴滴|舒适|滴滴专车|29.91|
|17|滴滴|六座|六座专车|39.98|
|18|滴滴|六座|六座豪华车|42.43|",滴滴,无,滴滴专车，六座专车,唐楠,,,,,,,,,,,,,,"[{'六座': '六座专车'}, {'六座': '六座豪华车'}, {'快速': '出租车'}, {'快速': '曹操出行'}, {'快速': '滴滴优享'}, {'快速': '滴滴快车'}, {'快速': '滴滴特快'}, {'快速': '滴滴轻享'}, {'拼车': '极速拼车'}, {'拼车': '滴滴小巴'}, {'拼车': '特价拼车'}, {'推荐': '滴滴快车'}, {'推荐': '滴滴特快'}, {'推荐': '特快出租车'}, {'推荐': '特惠快车'}, {'推荐': '花小猪正价版'}, {'特价': '惊喜特价'}, {'特价': '花小猪外接版'}, {'舒适': '滴滴专车'}]",无,滴滴专车，六座专车,1. 用滴滴打个车去顺义山姆会员店,用专车，不考虑价格。
叫辆出租车去萧山国际机场,不超过180元。,"|序号id|应用名称|车型大类|车辆类型|价格|
|---|---|---|---|---|
|0|滴滴|推荐|花小猪正价版|27.44|
|1|滴滴|推荐|特惠快车|28.79|
|2|滴滴|推荐|滴滴快车|29.41|
|3|滴滴|推荐|特快出租车|30.95|
|4|滴滴|推荐|滴滴特快|31.17|
|5|滴滴|拼车|特价拼车|27.57-28.78|
|6|滴滴|拼车|极速拼车|31.18-32.93|
|7|滴滴|特价|花小猪外接版|36.64|
|8|滴滴|特价|惊喜特价|38.16|
|9|滴滴|快速|曹操出行|56.80|
|10|滴滴|快速|出租车|57.25|
|11|滴滴|快速|滴滴轻享|57.96|
|12|滴滴|快速|滴滴特快|59.00|
|13|滴滴|快速|滴滴优享|59.28|
|14|滴滴|快速|滴滴快车|59.99|
|15|滴滴|快速|宽敞好车|61.56|
|16|滴滴|快速|方舟行|61.63|
|17|滴滴|快速|长沙新出租|61.75|
|18|滴滴|快速|武汉新出租|61.90|
|19|滴滴|快速|丽江新出租|62.26|
|20|滴滴|舒适|滴滴专车|84.88|
|21|滴滴|舒适|滴滴豪华车|86.80|
|22|滴滴|六座|六座专车|134.64|
|23|滴滴|六座|六座豪华车|135.14|
|24|滴滴|六座|六座快车|135.96|",无,无,特快出租车，出租车，长沙新出租，武汉新出租，丽江新出租,唐楠,,,,,,,,,,,,,,"[{'六座': '六座专车'}, {'六座': '六座快车'}, {'六座': '六座豪华车'}, {'快速': '丽江新出租'}, {'快速': '出租车'}, {'快速': '宽敞好车'}, {'快速': '方舟行'}, {'快速': '曹操出行'}, {'快速': '武汉新出租'}, {'快速': '滴滴优享'}, {'快速': '滴滴快车'}, {'快速': '滴滴特快'}, {'快速': '滴滴轻享'}, {'快速': '长沙新出租'}, {'拼车': '极速拼车'}, {'拼车': '特价拼车'}, {'推荐': '滴滴快车'}, {'推荐': '滴滴特快'}, {'推荐': '特快出租车'}, {'推荐': '特惠快车'}, {'推荐': '花小猪正价版'}, {'特价': '惊喜特价'}, {'特价': '花小猪外接版'}, {'舒适': '滴滴专车'}, {'舒适': '滴滴豪华车'}]",无,特快出租车，出租车，长沙新出租，武汉新出租，丽江新出租,1. 叫辆出租车去萧山国际机场,不超过180元。
打个拼车去华南城奥特莱斯。,价格在90元以内,"|序号id|应用名称|车型大类|车辆类型|价格|
|---|---|---|---|---|
|0|滴滴|推荐|花小猪正价版|4.69|
|1|滴滴|推荐|特惠快车|6.33|
|2|滴滴|推荐|滴滴快车|7.11|
|3|滴滴|推荐|特快出租车|7.21|
|4|滴滴|拼车|特价拼车|2.32-3.53|
|5|滴滴|拼车|极速拼车|2.16-3.33|
|6|滴滴|特价|花小猪外接版|3.98|
|7|滴滴|特价|惊喜特价|4.32|
|8|滴滴|快速|曹操出行|9.61|
|9|滴滴|快速|出租车|10.69|
|10|滴滴|快速|滴滴轻享|10.82|
|11|滴滴|快速|滴滴特快|11.30|
|12|滴滴|快速|滴滴优享|11.62|
|13|滴滴|快速|滴滴快车|11.70|
|14|滴滴|快速|宽敞好车|11.92|
|15|滴滴|快速|方舟行|11.96|
|16|滴滴|快速|长沙新出租|12.17|
|17|滴滴|舒适|滴滴专车|13.84|
|18|滴滴|六座|六座专车|19.78|
|19|滴滴|六座|六座豪华车|21.04|",无,拼车,无,唐楠,,,,,,,,,,,,,,"[{'六座': '六座专车'}, {'六座': '六座豪华车'}, {'快速': '出租车'}, {'快速': '宽敞好车'}, {'快速': '方舟行'}, {'快速': '曹操出行'}, {'快速': '滴滴优享'}, {'快速': '滴滴快车'}, {'快速': '滴滴特快'}, {'快速': '滴滴轻享'}, {'快速': '长沙新出租'}, {'拼车': '极速拼车'}, {'拼车': '特价拼车'}, {'推荐': '滴滴快车'}, {'推荐': '特快出租车'}, {'推荐': '特惠快车'}, {'推荐': '花小猪正价版'}, {'特价': '惊喜特价'}, {'特价': '花小猪外接版'}, {'舒适': '滴滴专车'}]",拼车,无,1. 打个拼车去华南城奥特莱斯。,价格在90元以内
用滴滴叫辆车去海淀黄庄,只要经济车型。,"|序号id|应用名称|车型大类|车辆类型|价格|
|---|---|---|---|---|
|0|滴滴|推荐|花小猪正价版|10.49|
|1|滴滴|推荐|特惠快车|10.52|
|2|滴滴|推荐|滴滴快车|12.28|
|3|滴滴|推荐|特快出租车|12.83|
|4|滴滴|拼车|特价拼车|5.64-7.40|
|5|滴滴|拼车|极速拼车|3.63-4.84|
|6|滴滴|特价|花小猪外接版|9.64|
|7|滴滴|特价|惊喜特价|12.02|
|8|滴滴|快速|曹操出行|14.85|
|9|滴滴|快速|出租车|16.54|
|10|滴滴|快速|滴滴轻享|16.92|
|11|滴滴|快速|滴滴特快|17.32|
|12|滴滴|快速|滴滴优享|18.96|
|13|滴滴|快速|滴滴快车|19.63|
|14|滴滴|快速|宽敞好车|19.83|
|15|滴滴|舒适|滴滴专车|30.42|
|16|滴滴|六座|六座专车|39.78|
|17|滴滴|六座|六座豪华车|40.55|
|18|滴滴|六座|六座快车|42.79|",滴滴,拼车，特价,特惠快车,唐楠,,,,,,,,,,,,,,"[{'六座': '六座专车'}, {'六座': '六座快车'}, {'六座': '六座豪华车'}, {'快速': '出租车'}, {'快速': '宽敞好车'}, {'快速': '曹操出行'}, {'快速': '滴滴优享'}, {'快速': '滴滴快车'}, {'快速': '滴滴特快'}, {'快速': '滴滴轻享'}, {'拼车': '极速拼车'}, {'拼车': '特价拼车'}, {'推荐': '滴滴快车'}, {'推荐': '特快出租车'}, {'推荐': '特惠快车'}, {'推荐': '花小猪正价版'}, {'特价': '惊喜特价'}, {'特价': '花小猪外接版'}, {'舒适': '滴滴专车'}]",拼车，特价,特惠快车,1. 用滴滴叫辆车去海淀黄庄,只要经济车型。
帮我叫辆专车,到望京国际大厦。,"|序号id|应用名称|车型大类|车辆类型|价格|
|---|---|---|---|---|
|0|滴滴|推荐|花小猪正价版|34.60|
|1|滴滴|推荐|特惠快车|34.72|
|2|滴滴|推荐|滴滴快车|35.78|
|3|滴滴|推荐|特快出租车|38.51|
|4|滴滴|拼车|特价拼车|37.48-38.65|
|5|滴滴|拼车|极速拼车|38.03-39.68|
|6|滴滴|特价|花小猪外接版|44.29|
|7|滴滴|特价|惊喜特价|45.89|
|8|滴滴|快速|曹操出行|55.05|
|9|滴滴|快速|出租车|55.81|
|10|滴滴|快速|滴滴轻享|57.08|
|11|滴滴|快速|滴滴特快|57.31|
|12|滴滴|快速|滴滴优享|57.41|
|13|滴滴|快速|滴滴快车|59.37|
|14|滴滴|快速|宽敞好车|59.46|
|15|滴滴|快速|方舟行|60.18|
|16|滴滴|快速|长沙新出租|60.24|
|17|滴滴|舒适|滴滴专车|95.15|
|18|滴滴|六座|六座专车|125.03|
|19|滴滴|六座|六座豪华车|127.00|",无,无,滴滴专车，六座专车,唐楠,,,,,,,,,,,,,,"[{'六座': '六座专车'}, {'六座': '六座豪华车'}, {'快速': '出租车'}, {'快速': '宽敞好车'}, {'快速': '方舟行'}, {'快速': '曹操出行'}, {'快速': '滴滴优享'}, {'快速': '滴滴快车'}, {'快速': '滴滴特快'}, {'快速': '滴滴轻享'}, {'快速': '长沙新出租'}, {'拼车': '极速拼车'}, {'拼车': '特价拼车'}, {'推荐': '滴滴快车'}, {'推荐': '特快出租车'}, {'推荐': '特惠快车'}, {'推荐': '花小猪正价版'}, {'特价': '惊喜特价'}, {'特价': '花小猪外接版'}, {'舒适': '滴滴专车'}]",无,滴滴专车，六座专车,1. 帮我叫辆专车,到望京国际大厦。
用滴滴叫辆出租车,要到奥林匹克森林公园南门。,"|序号id|应用名称|车型大类|车辆类型|价格|
|---|---|---|---|---|
|0|滴滴|推荐|花小猪正价版|7.45|
|1|滴滴|推荐|特惠快车|8.80|
|2|滴滴|推荐|滴滴快车|11.08|
|3|滴滴|推荐|特快出租车|12.16|
|4|滴滴|推荐|滴滴特快|12.38|
|5|滴滴|拼车|特价拼车|4.99-6.01|
|6|滴滴|拼车|极速拼车|9.69-11.26|
|7|滴滴|拼车|滴滴小巴|9.11-10.15|
|8|滴滴|特价|花小猪外接版|10.10|
|9|滴滴|特价|惊喜特价|14.06|
|10|滴滴|快速|曹操出行|16.44|
|11|滴滴|快速|出租车|16.59|
|12|滴滴|快速|滴滴轻享|17.55|
|13|滴滴|快速|滴滴特快|17.96|
|14|滴滴|快速|滴滴优享|19.12|
|15|滴滴|快速|滴滴快车|19.34|
|16|滴滴|快速|宽敞好车|19.73|
|17|滴滴|快速|方舟行|20.02|
|18|滴滴|舒适|滴滴专车|26.02|
|19|滴滴|舒适|滴滴豪华车|29.26|
|20|滴滴|六座|六座专车|35.31|
|21|滴滴|六座|六座豪华车|35.51|",滴滴,无,特快出租车，出租车,唐楠,,,,,,,,,,,,,,"[{'六座': '六座专车'}, {'六座': '六座豪华车'}, {'快速': '出租车'}, {'快速': '宽敞好车'}, {'快速': '方舟行'}, {'快速': '曹操出行'}, {'快速': '滴滴优享'}, {'快速': '滴滴快车'}, {'快速': '滴滴特快'}, {'快速': '滴滴轻享'}, {'拼车': '极速拼车'}, {'拼车': '滴滴小巴'}, {'拼车': '特价拼车'}, {'推荐': '滴滴快车'}, {'推荐': '滴滴特快'}, {'推荐': '特快出租车'}, {'推荐': '特惠快车'}, {'推荐': '花小猪正价版'}, {'特价': '惊喜特价'}, {'特价': '花小猪外接版'}, {'舒适': '滴滴专车'}, {'舒适': '滴滴豪华车'}]",无,特快出租车，出租车,1. 用滴滴叫辆出租车,要到奥林匹克森林公园南门。
到朝阳大悦城北门,叫辆豪华车。,"|序号id|应用名称|车型大类|车辆类型|价格|
|---|---|---|---|---|
|0|滴滴|推荐|花小猪正价版|10.78|
|1|滴滴|推荐|特惠快车|11.71|
|2|滴滴|推荐|滴滴快车|16.18|
|3|滴滴|推荐|特快出租车|16.22|
|4|滴滴|拼车|特价拼车|8.53-10.14|
|5|滴滴|特价|花小猪外接版|17.95|
|6|滴滴|快速|曹操出行|21.81|
|7|滴滴|快速|出租车|22.00|
|8|滴滴|快速|滴滴轻享|22.07|
|9|滴滴|快速|滴滴特快|23.77|
|10|滴滴|快速|滴滴优享|24.38|
|11|滴滴|快速|滴滴快车|26.00|
|12|滴滴|快速|宽敞好车|26.24|
|13|滴滴|快速|方舟行|26.52|
|14|滴滴|舒适|滴滴专车|32.12|
|15|滴滴|舒适|滴滴豪华车|34.67|
|16|滴滴|六座|六座专车|55.50|",无,无,滴滴豪华车,唐楠,,,,,,,,,,,,,,"[{'六座': '六座专车'}, {'快速': '出租车'}, {'快速': '宽敞好车'}, {'快速': '方舟行'}, {'快速': '曹操出行'}, {'快速': '滴滴优享'}, {'快速': '滴滴快车'}, {'快速': '滴滴特快'}, {'快速': '滴滴轻享'}, {'拼车': '特价拼车'}, {'推荐': '滴滴快车'}, {'推荐': '特快出租车'}, {'推荐': '特惠快车'}, {'推荐': '花小猪正价版'}, {'特价': '花小猪外接版'}, {'舒适': '滴滴专车'}, {'舒适': '滴滴豪华车'}]",无,滴滴豪华车,1. 到朝阳大悦城北门,叫辆豪华车。
打个拼车去金证科技园,价格在75元以内。,"|序号id|应用名称|车型大类|车辆类型|价格|
|---|---|---|---|---|
|0|滴滴|推荐|花小猪正价版|8.36|
|1|滴滴|推荐|特惠快车|8.98|
|2|滴滴|推荐|滴滴快车|9.86|
|3|滴滴|推荐|特快出租车|12.13|
|4|滴滴|推荐|滴滴特快|12.14|
|5|滴滴|拼车|特价拼车|8.00-9.67|
|6|滴滴|拼车|极速拼车|4.41-6.25|
|7|滴滴|特价|花小猪外接版|9.43|
|8|滴滴|特价|惊喜特价|13.26|
|9|滴滴|快速|曹操出行|15.20|
|10|滴滴|快速|出租车|16.04|
|11|滴滴|快速|滴滴轻享|17.21|
|12|滴滴|快速|滴滴特快|17.90|
|13|滴滴|快速|滴滴优享|18.49|
|14|滴滴|快速|滴滴快车|19.86|
|15|滴滴|快速|宽敞好车|19.95|
|16|滴滴|快速|方舟行|20.25|
|17|滴滴|快速|长沙新出租|20.38|
|18|滴滴|舒适|滴滴专车|26.02|
|19|滴滴|舒适|滴滴豪华车|27.52|
|20|滴滴|六座|六座专车|34.74|
|21|滴滴|六座|六座豪华车|36.11|
|22|滴滴|六座|六座快车|36.56|",无,拼车,无,唐楠,,,,,,,,,,,,,,"[{'六座': '六座专车'}, {'六座': '六座快车'}, {'六座': '六座豪华车'}, {'快速': '出租车'}, {'快速': '宽敞好车'}, {'快速': '方舟行'}, {'快速': '曹操出行'}, {'快速': '滴滴优享'}, {'快速': '滴滴快车'}, {'快速': '滴滴特快'}, {'快速': '滴滴轻享'}, {'快速': '长沙新出租'}, {'拼车': '极速拼车'}, {'拼车': '特价拼车'}, {'推荐': '滴滴快车'}, {'推荐': '滴滴特快'}, {'推荐': '特快出租车'}, {'推荐': '特惠快车'}, {'推荐': '花小猪正价版'}, {'特价': '惊喜特价'}, {'特价': '花小猪外接版'}, {'舒适': '滴滴专车'}, {'舒适': '滴滴豪华车'}]",拼车,无,1. 打个拼车去金证科技园,价格在75元以内。
叫辆特惠车去回龙观地铁站,用滴滴，不超过30元。,"|序号id|应用名称|车型大类|车辆类型|价格|
|---|---|---|---|---|
|0|滴滴|推荐|花小猪正价版|8.36|
|1|滴滴|推荐|特惠快车|8.98|
|2|滴滴|推荐|滴滴快车|9.86|
|3|滴滴|推荐|特快出租车|12.13|
|4|滴滴|推荐|滴滴特快|12.14|
|5|滴滴|拼车|特价拼车|8.00-9.67|
|6|滴滴|拼车|极速拼车|4.41-6.25|
|7|滴滴|特价|花小猪外接版|9.43|
|8|滴滴|特价|惊喜特价|13.26|
|9|滴滴|快速|曹操出行|15.20|
|10|滴滴|快速|出租车|16.04|
|11|滴滴|快速|滴滴轻享|17.21|
|12|滴滴|快速|滴滴特快|17.90|
|13|滴滴|快速|滴滴优享|18.49|
|14|滴滴|快速|滴滴快车|19.86|
|15|滴滴|快速|宽敞好车|19.95|
|16|滴滴|快速|方舟行|20.25|
|17|滴滴|快速|长沙新出租|20.38|
|18|滴滴|舒适|滴滴专车|26.02|
|19|滴滴|舒适|滴滴豪华车|27.52|
|20|滴滴|六座|六座专车|34.74|
|21|滴滴|六座|六座豪华车|36.11|
|22|滴滴|六座|六座快车|36.56|",滴滴,拼车，特价,特惠快车,唐楠,,,,,,,,,,,,,,"[{'六座': '六座专车'}, {'六座': '六座快车'}, {'六座': '六座豪华车'}, {'快速': '出租车'}, {'快速': '宽敞好车'}, {'快速': '方舟行'}, {'快速': '曹操出行'}, {'快速': '滴滴优享'}, {'快速': '滴滴快车'}, {'快速': '滴滴特快'}, {'快速': '滴滴轻享'}, {'快速': '长沙新出租'}, {'拼车': '极速拼车'}, {'拼车': '特价拼车'}, {'推荐': '滴滴快车'}, {'推荐': '滴滴特快'}, {'推荐': '特快出租车'}, {'推荐': '特惠快车'}, {'推荐': '花小猪正价版'}, {'特价': '惊喜特价'}, {'特价': '花小猪外接版'}, {'舒适': '滴滴专车'}, {'舒适': '滴滴豪华车'}]",拼车，特价,特惠快车,1. 叫辆特惠车去回龙观地铁站,用滴滴，不超过30元。
