大类,app,function_name,包含指令数量,包含的指令
签到,抖音,"sign_in(app, page_type)",1,"[""在抖音中签到领积分""]"
签到,抖音极速版,"sign_in(app, page_type)",2,"[""在抖音极速版中打开赚钱任务签到领金币"",""在抖音极速版中签到领积分""]"
签到,快手,"sign_in(app, page_type)",1,"[""在快手中打开任务中心签到领红包""]"
签到,快手极速版,"sign_in(app, page_type)",1,"[""在快手极速版中打开去赚钱签到领金币""]"
签到,拼多多,"sign_in(app, page_type)",1,"[""在拼多多中进行签到""]"
签到,淘宝,"sign_in(app, page_type)",2,"[""在淘宝中签到领淘金币"",""在淘宝中进行红包签到""]"
签到,京东,"sign_in(app, page_type)",1,"[""在京东中签到领取京豆""]"
签到,天猫,"sign_in(app, page_type)",2,"[""在天猫中领取现金"",""在天猫中领取福气红包""]"
签到,闲鱼,"sign_in(app, page_type)",1,"[""在闲鱼中签到领闲鱼币""]"
签到,抖音火山版,"sign_in(app, page_type)",1,"[""在抖音火山版中签到领火苗""]"
签到,阿里巴巴,"sign_in(app, page_type)",1,"[""在阿里巴巴中签到领元宝""]"
签到,唯品会,"sign_in(app, page_type)",1,"[""在唯品会中进行签到""]"
签到,得物,"sign_in(app, page_type)",1,"[""在得物中购买页面进行每日签到""]"
收藏,抖音,"search_in_favorite_stores(app, search_info) ",1,"[""在抖音中搜索商城关注店铺中的<搜索内容>""]"
收藏,抖音,"open_favorite_goods(app, filter_type, order_type)",1,"[""在抖音中查看收藏的商品""]"
收藏,抖音极速版,"search_in_favorite_stores(app, search_info) ",1,"[""在抖音极速版中搜索商城关注店铺中的<搜索内容>""]"
收藏,抖音极速版,"open_favorite_goods(app, filter_type, order_type)",1,"[""在抖音极速版中查看收藏的商品""]"
收藏,快手,"open_favorite_goods(app, filter_type, order_type)",1,"[""在快手中查看我的商品收藏""]"
收藏,快手极速版,"open_favorite_goods(app, filter_type, order_type)",1,"[""在快手极速版中查看我收藏的商品""]"
收藏,拼多多,"search_in_favorite_stores(app, search_info) ",1,"[""在拼多多中搜索商品收藏中的<搜索内容>""]"
收藏,拼多多,"open_favorite_goods(app, filter_type, order_type)",1,"[""在拼多多中查看商品收藏""]"
收藏,拼多多,"open_favorite_stores(app, filter_type)",1,"[""在拼多多中查看店铺关注""]"
收藏,淘宝,"search_in_favorite_goods(app, search_info) ",1,"[""在淘宝中搜索收藏中的<搜索内容>""]"
收藏,淘宝,"search_in_favorite_stores(app, search_info) ",1,"[""在淘宝中搜索关注店铺中的<搜索内容>""]"
收藏,淘宝,"open_favorite_stores(app, filter_type)",4,"[""在淘宝中查看我关注的店铺"",""在淘宝中查看特别关注的店铺"",""在淘宝中查看关注店铺的直播"",""在淘宝中查看关注店铺的上新商品""]"
收藏,淘宝,"open_favorite_goods(app, filter_type, order_type)",12,"[""在淘宝中查看我的收藏"",""在淘宝中查看我的收藏中的降价商品"",""在淘宝中查看我的收藏中的已买过商品"",""在淘宝中查看我的收藏中的低库存商品"",""在淘宝中查看我的收藏中的已失效商品"",""在淘宝中查看我的收藏中7天内收藏的商品"",""在淘宝中查看我的收藏中30天内收藏的商品"",""在淘宝中查看我的收藏中90天内收藏的商品"",""在淘宝中查看我的收藏中半年前收藏的商品"",""在淘宝中查看我的收藏中一年前收藏的商品"",""在淘宝中查看我的收藏按最近收藏排序"",""在淘宝中查看我的收藏按最早收藏排序""]"
收藏,京东,"search_in_favorite_goods(app, search_info) ",1,"[""在京东中搜索商品收藏中的<搜索内容>""]"
收藏,京东,"search_in_favorite_stores(app, search_info) ",1,"[""在京东中搜索店铺关注中的<搜索内容>""]"
收藏,京东,"open_favorite_goods(app, filter_type, order_type)",5,"[""在京东中查看商品收藏"", ""在京东中查看商品收藏中降价商品"", ""在京东中查看商品收藏中促销商品"", ""在京东中查看商品收藏中有货商品"", ""在京东中查看商品收藏中下架商品""]"
收藏,京东,"open_favorite_stores(app, filter_type)",1,"[""在京东中查看店铺关注""]"
收藏,天猫,"search_in_favorite_goods(app, search_info) ",1,"[""在天猫中搜索收藏夹中的<搜索内容>""]"
收藏,天猫,"open_favorite_goods(app, filter_type, order_type)",12,"[""在天猫中查看收藏夹"",""在天猫中查看收藏夹中降价商品"",""在天猫中查看收藏夹中的已买过商品"",""在天猫中查看收藏夹中的低库存商品"",""在天猫中查看收藏夹中的已失效商品"",""在天猫中查看收藏夹中7天内收藏的商品"",""在天猫中查看收藏夹中30天内收藏的商品"",""在天猫中查看收藏夹中90天内收藏的商品"",""在天猫中查看收藏夹中半年前收藏的商品"",""在天猫中查看收藏夹中一年前收藏的商品"",""在天猫中查看收藏夹按最近收藏排序"",""在天猫中查看收藏夹按最早收藏排序""]"
收藏,天猫,"open_favorite_stores(app, filter_type)",1,"[""在天猫中查看我关注的店铺""]"
收藏,闲鱼,"search_in_favorite_goods(app, search_info) ",1,"[""在闲鱼中搜索我的收藏中的<搜索内容>""]"
收藏,闲鱼,"open_favorite_goods(app, filter_type, order_type)",4,"[""在闲鱼中查看我的收藏"",""在闲鱼中查看降价宝贝"",""在闲鱼中查看我收藏的有效宝贝"",""在闲鱼中查看我收藏的失效宝贝""]"
收藏,抖音火山版,"open_favorite_goods(app, filter_type, order_type)",1,"[""在抖音火山版中查看收藏的商品""]"
收藏,阿里巴巴,"search_in_favorite_goods(app, search_info)",1,"[""在阿里巴巴中搜索收藏中的<搜索内容>""]"
收藏,阿里巴巴,"search_in_favorite_stores(app, search_info) ",1,"[""在阿里巴巴中搜索关注店铺中的<搜索内容>""]"
收藏,阿里巴巴,"open_favorite_stores(app, filter_type)",1,"[""在阿里巴巴中查看关注的店铺""]"
收藏,阿里巴巴,"open_favorite_goods(app, filter_type, order_type)",4,"[""在阿里巴巴中查看收藏"",""在阿里巴巴中查看收藏中降价商品"",""在阿里巴巴中查看收藏中低价补货商品"",""在阿里巴巴中查看收藏中买过商品""]"
收藏,唯品会,"search_in_favorite_goods(app, search_info)",1,"[""在唯品会中搜索收藏中的<搜索内容>""]"
收藏,唯品会,"open_favorite_goods(app, filter_type, order_type)",8,"[""在唯品会中查看我的收藏"",""在唯品会中查看我的收藏中降价商品"",""在唯品会中查看我的收藏中有货商品"",""在唯品会中查看我的收藏中已失效商品"",""在唯品会中查看我的收藏中7天内收藏商品"",""在唯品会中查看我的收藏中1个月内收藏商品"",""在唯品会中查看我的收藏中3个月内收藏商品"",""在唯品会中查看我的收藏中半年前收藏商品""]"
收藏,得物,"search_in_favorite_goods(app, search_info) ",1,"[""在得物中搜索想要中的<搜索内容>""]"
搜索,抖音,"search_goods(app, search_info, order_type)",5,"[""在抖音的商城中搜索<搜索内容>"",""在抖音中搜索商城中的<搜索内容>按综合排序"",""在抖音中搜索商城中的<搜索内容>按销量排序"",""在抖音中搜索商城中的<搜索内容>按价格从低到高排序"",""在抖音中搜索商城中的<搜索内容>按价格从高到低排序""]"
搜索,抖音,"search_stores(app, search_info, filter_type, order_type)",4,"[""在抖音中搜索商城店铺<搜索内容>"",""在抖音中搜索商城店铺<搜索内容>按综合排序"",""在抖音中搜索商城店铺<搜索内容>按销量排序"",""在抖音中搜索商城店铺<搜索内容>按人气排序""]"
搜索,抖音,open_search_history(app) ,1,"[""在抖音中查看商城搜索历史""]"
搜索,抖音,delete_search_history(app) ,1,"[""在抖音中清除商城搜索历史""]"
搜索,抖音,open_camera_search(app),1,"[""在抖音的商城中使用拍照找同款""]"
搜索,抖音极速版,"search_goods(app, search_info, order_type)",5,"[""在抖音极速版的商城中搜索<搜索内容>"",""在抖音极速版中搜索商城中的<搜索内容>按综合排序"",""在抖音极速版中搜索商城中的<搜索内容>按销量排序"",""在抖音极速版中搜索商城中的<搜索内容>按价格从低到高排序"",""在抖音极速版中搜索商城中的<搜索内容>按价格从高到低排序""]"
搜索,抖音极速版,"search_stores(app, search_info, filter_type, order_type)",4,"[""在抖音极速版中搜索商城店铺<搜索内容>"",""在抖音极速版中搜索商城店铺<搜索内容>按综合排序"",""在抖音极速版中搜索商城店铺<搜索内容>按销量排序"",""在抖音极速版中搜索商城店铺<搜索内容>按人气排序""]"
搜索,抖音极速版,open_search_history(app) ,1,"[""在抖音极速版中查看商城搜索历史""]"
搜索,抖音极速版,delete_search_history(app) ,1,"[""在抖音极速版中清除商城搜索历史""]"
搜索,抖音极速版,open_camera_search(app),1,"[""在抖音极速版的商城中使用拍照找同款""]"
搜索,快手,"search_goods(app, search_info, order_type)",5,"[""在快手中搜索商城中的<搜索内容>"",""在快手中搜索商城中的<搜索内容>按综合排序"",""在快手中搜索商城中的<搜索内容>按销量排序"",""在快手中搜索商城中的<搜索内容>按价格从低到高排序"",""在快手中搜索商城中的<搜索内容>按价格从高到低排序""]"
搜索,快手,"search_stores(app, search_info, filter_type, order_type)",1,"[""在快手中搜索商城店铺<搜索内容>""]"
搜索,快手,open_search_history(app) ,1,"[""在快手中查看商城搜索历史""]"
搜索,快手,delete_search_history(app) ,1,"[""在快手中清除商城搜索历史""]"
搜索,快手,open_camera_search(app),1,"[""在快手中使用拍照找相似功能""]"
搜索,快手极速版,"search_goods(app, search_info, order_type)",5,"[""在快手极速版中搜索商城中的<搜索内容>"",""在快手极速版中搜索商城中的<搜索内容>按综合排序"",""在快手极速版中搜索商城中的<搜索内容>按销量排序"",""在快手极速版中搜索商城中的<搜索内容>按价格从低到高排序"",""在快手极速版中搜索商城中的<搜索内容>按价格从高到低排序""]"
搜索,快手极速版,"search_stores(app, search_info, filter_type, order_type)",1,"[""在快手极速版中搜索商城店铺<搜索内容>""]"
搜索,快手极速版,open_search_history(app) ,1,"[""在快手极速版中查看商城搜索历史""]"
搜索,快手极速版,delete_search_history(app) ,1,"[""在快手极速版中清除商城搜索历史""]"
搜索,快手极速版,open_camera_search(app),1,"[""在快手极速版中使用拍照找相似功能""]"
搜索,拼多多,"search_goods(app, search_info, order_type)",6,"[""在拼多多中搜索<搜索内容>"",""在拼多多中搜索<搜索内容>按综合排序"",""在拼多多中搜索<搜索内容>按销量排序"",""在拼多多中搜索<搜索内容>按好评排序"",""在拼多多中搜索<搜索内容>按价格从低到高排序"",""在拼多多中搜索<搜索内容>按价格从高到低排序""]"
搜索,拼多多,"search_stores(app, search_info, filter_type, order_type)",4,"[""在拼多多的店铺中搜索<搜索内容>"",""在拼多多中搜索<搜索内容>店铺按综合排序"",""在拼多多中搜索<搜索内容>店铺按销量排序"",""在拼多多中搜索<搜索内容>店铺按评分排序""]"
搜索,拼多多,open_search_history(app) ,1,"[""在拼多多中查看搜索历史""]"
搜索,拼多多,delete_search_history(app) ,1,"[""在拼多多中清除最近搜索记录""]"
搜索,拼多多,open_camera_search(app),1,"[""在拼多多中使用拍照搜索功能""]"
搜索,淘宝,"search_goods(app, search_info, order_type)",5,"[""在淘宝中搜索<搜索内容>"",""在淘宝中搜索<搜索内容>按综合排序"",""在淘宝中搜索<搜索内容>按销量排序"",""在淘宝中搜索<搜索内容>按价格从高到低排序"",""在淘宝中搜索<搜索内容>按价格从低到高排序""]"
搜索,淘宝,"search_stores(app, search_info, filter_type, order_type)",8,"[""在淘宝中搜索店铺<搜索内容>"",""在淘宝中搜索店铺<搜索内容>按综合排序"",""在淘宝中搜索店铺<搜索内容>按销量排序"",""在淘宝中搜索店铺<搜索内容>按信用排序"",""在淘宝中搜索店铺<搜索内容>筛选好评率100%"",""在淘宝中搜索店铺<搜索内容>筛选好评率99%以上"",""在淘宝中搜索店铺<搜索内容>筛选好评率98%以上"",""在淘宝中搜索店铺<搜索内容>筛选好评率97%以上""]"
搜索,淘宝,open_search_history(app) ,1,"[""在淘宝中查看搜索历史""]"
搜索,淘宝,delete_search_history(app) ,1,"[""在淘宝中清除搜索历史""]"
搜索,淘宝,open_camera_search(app),1,"[""在淘宝中使用拍照搜索功能""]"
搜索,京东,"search_goods(app, search_info, order_type)",6,"[""在京东中搜索<搜索内容>"",""在京东中搜索商品<搜索内容>按综合排序"",""在京东中搜索商品<搜索内容>按销量排序"",""在京东中搜索商品<搜索内容>按价格从高到低排序"",""在京东中搜索商品<搜索内容>按价格从低到高排序"",""在京东中搜索商品<搜索内容>按评论数从高到低排序""]"
搜索,京东,"search_stores(app, search_info, filter_type, order_type)",1,"[""在京东中搜索店铺<搜索内容>""]"
搜索,京东,open_search_history(app) ,1,"[""在京东中查看搜索历史""]"
搜索,京东,delete_search_history(app) ,1,"[""在京东中清除搜索记录""]"
搜索,京东,open_camera_search(app) ,1,"[""在京东中打开相机功能""]"
搜索,天猫,"search_goods(app, search_info, order_type)",5,"[""在天猫中搜索<搜索内容>"",""在天猫中搜索<搜索内容>按综合排序"",""在天猫中搜索<搜索内容>按销量排序"",""在天猫中搜索<搜索内容>按价格从低到高排序"",""在天猫中搜索<搜索内容>按价格从高到低排序""]"
搜索,天猫,"search_stores(app, search_info, filter_type, order_type)",1,"[""在天猫中搜索店铺<搜索内容>""]"
搜索,天猫,open_search_history(app) ,1,"[""在天猫中查看搜索历史""]"
搜索,天猫,delete_search_history(app) ,1,"[""在天猫中清除搜索记录""]"
搜索,天猫,open_camera_search(app) ,1,"[""在天猫中使用拍照搜索""]"
搜索,闲鱼,"search_goods(app, search_info, order_type)",7,"[""在闲鱼中搜索<搜索内容>"",""在闲鱼中搜索<搜索内容>按综合排序"",""在闲鱼中搜索<搜索内容>按最近活跃排序"",""在闲鱼中搜索<搜索内容>按离我最近排序"",""在闲鱼中搜索<搜索内容>按信用排序"",""在闲鱼中搜索<搜索内容>按价格从低到高排序"",""在闲鱼中搜索<搜索内容>按价格从高到低排序""]"
搜索,闲鱼,open_search_history(app) ,1,"[""在闲鱼中查看搜索历史""]"
搜索,闲鱼,delete_search_history(app) ,1,"[""在闲鱼中清除搜索历史""]"
搜索,闲鱼,open_camera_search(app) ,1,"[""打开闲鱼的拍照搜索功能""]"
搜索,抖音火山版,"search_goods(app, search_info, order_type)",5,"[""在抖音火山版中搜索商城的<搜索内容>"",""在抖音火山版中搜索商城中的<搜索内容>按综合排序"",""在抖音火山版中搜索商城中的<搜索内容>按销量排序"",""在抖音火山版中搜索商城中的<搜索内容>按价格从低到高排序"",""在抖音火山版中搜索商城中的<搜索内容>按价格从高到低排序""]"
搜索,抖音火山版,"search_stores(app, search_info, filter_type, order_type)",1,"[""在抖音火山版中搜索商城的<搜索内容>店铺""]"
搜索,抖音火山版,open_search_history(app) ,1,"[""在抖音火山版中查看商城搜索历史""]"
搜索,抖音火山版,delete_search_history(app) ,1,"[""在抖音火山版中清除商城搜索历史""]"
搜索,抖音火山版,open_camera_search(app) ,1,"[""在抖音火山版中打开商城的相机功能""]"
搜索,阿里巴巴,"search_goods(app, search_info, order_type)",6,"[""在阿里巴巴中搜索<搜索内容>"",""在阿里巴巴中搜索<搜索内容>按综合排序"",""在阿里巴巴中搜索<搜索内容>按销量排序"",""在阿里巴巴中搜索<搜索内容>按价格从低到高排序"",""在阿里巴巴中搜索<搜索内容> 按价格从高到低排序"",""在阿里巴巴中搜索<搜索内容>按回头率从高到低排序""]"
搜索,阿里巴巴,"search_stores(app, search_info, filter_type, order_type)",4,"[""在阿里巴巴中搜索店铺<搜索内容>"",""在阿里巴巴中搜索店铺<搜索内容>按综合排序"",""在阿里巴巴中搜索店铺<搜索内容>按销量排序"",""在阿里巴巴中搜索店铺<搜索内容>按回头率排序""]"
搜索,阿里巴巴,open_search_history(app) ,1,"[""在阿里巴巴中查看搜索历史""]"
搜索,阿里巴巴,delete_search_history(app) ,1,"[""在阿里巴巴中清除搜索历史""]"
搜索,阿里巴巴,open_camera_search(app) ,1,"[""在阿里巴巴中使用拍照功能""]"
搜索,唯品会,"search_goods(app, search_info, order_type)",5,"[""在唯品会中搜索<搜索内容>"",""在唯品会中搜索<搜索内容>按综合排序"",""在唯品会中搜索<搜索内容>按销量排序"",""在唯品会中搜索<搜索内容>按价格从低到高排序"",""在唯品会中搜索<搜索内容>按价格从高 到低排序""]"
搜索,唯品会,open_search_history(app) ,1,"[""在唯品会中查看搜索历史""]"
搜索,唯品会,delete_search_history(app) ,1,"[""在唯品会中清除搜索历史""]"
搜索,唯品会,open_camera_search(app) ,1,"[""在唯品会中打开相机功能""]"
搜索,得物,"search_goods(app, search_info, order_type)",6,"[""在得物中搜索<搜索内容>"",""在得物中搜索商品<搜索内容>"",""在得物中搜索商品<搜索内容>按综合排序"",""在得物中搜索商品<搜索内容>按销量排序"",""在得物中搜索商品<搜索内容>按价格从低到高排序"",""在得物中搜索商品<搜索内容>按价格从高到低排序""]"
搜索,得物,open_search_history(app) ,1,"[""在得物中查看搜索历史""]"
搜索,得物,delete_search_history(app) ,1,"[""在得物中清除搜索框内容""]"
搜索,得物,open_camera_search(app),1,"[""在得物中打开相机功能""]"
搜索,转转,"search_goods(app, search_info, order_type)",5,"[""在转转中搜索<搜索内容>"",""在转转中搜索<搜索内容>按综合排序"",""在转转中搜索<搜索内容>按最新上架排序"",""在转转中搜索<搜索内容>按价格从低到高排序"",""在转转中搜索<搜索内容>按价格从高到低排序""]"
搜索,转转,open_search_history(app) ,1,"[""在转转中查看搜索历史""]"
搜索,转转,delete_search_history(app) ,1,"[""在转转中清除搜索历史""]"
物流,抖音,"open_logistics_receive(app, filter_type)",5,"[""在抖音中查看商城订单物流"",""在抖音中查看商城订单已签收物流"",""在抖音中查看商城订单待取件物流"",""在抖音中查看商城订单派送中物流"",""在抖音中查看商城订单运送中物流""]"
物流,抖音极速版,"open_logistics_receive(app, filter_type)",5,"[""在抖音极速版中查看商城订单物流"",""在抖音极速版中查看商城订单已签收物流"",""在抖音极速版中查看商城订单待取件物流"",""在抖音极速版中查看商城订单派送中物流"",""在抖音极速版中查看商城订单运送中物流""]"
物流,快手,"open_logistics_receive(app, filter_type)",1,"[""在快手中查看商城物流""]"
物流,快手极速版,"open_logistics_receive(app, filter_type)",1,"[""在快手极速版中查看商城物流""]"
物流,拼多多,"open_logistics_receive(app, filter_type)",11,"[""在拼多多中联系官方客服进行查物流"",""在拼多多中联系官方客服查我的收件物流"",""在拼多多中联系官方客服查待发货物流"",""在拼多多中联系官方客服查运输中物流"",""在拼多多中联系官方客服查派件中物流"",""在拼多多中联系官方客服查待取件物流"",""在拼多多中联系官方客服查已签收物流"",""在拼多多中联系官方客服查我的寄件物流"",""在拼多多中联系官方客服查待寄出物流"",""在拼多多中联系官方客服查已寄出物流"",""在拼多多中联系官方客服查已取消物流""]"
物流,淘宝,"open_logistics_receive(app, filter_type)",7,"[""在淘宝中查看我的快递"",""在淘宝中查看查取件信息"",""在淘宝中查看查待取件的快递"",""在淘宝中查看查派送中的快递"",""在淘宝中查看查运输中的快递"",""在淘宝中查看查待发货的快递"",""在淘宝中查看已签收的快递""]"
物流,淘宝,"open_logistics_send(app, filter_type)",7,"[""在淘宝中查看查寄件信息"",""在淘宝中查看查待寄出的寄件"",""在淘宝中查看查待支付的寄件"",""在淘宝中查看查待取件的寄件"",""在淘宝中查看派送中的寄件"",""在淘宝中查看运输中的寄件"",""在淘宝中查看已签收的寄件""]"
物流,京东,"open_logistics_receive(app, filter_type)",9,"[""在京东中查快递"",""在京东中查我收快递"",""在京东中查待揽件我收快递"",""在京东中查运输中我收快递"",""在京东中查派送中我收快递"",""在京东中查已签收我收快递"",""在京东中查已取消我收快递"",""在京东中查已拒收我收快递"",""在京东中查已揽件我收快递""]"
物流,京东,"open_logistics_send(app, filter_type)",8,"[""在京东中查我寄快递"",""在京东中查待揽件我寄快递"",""在京东中查运输中我寄快递"",""在京东中查派送中我寄快递"",""在京东中查已签收我寄快递"",""在京东中查已取消我寄快递"",""在京东中查已拒收我寄快递"",""在京东中查已揽件我寄快递""]"
物流,京东,open_express_delivery(app) ,1,"[""在京东中寄快递""]"
物流,天猫,"open_logistics_receive(app, filter_type)",1,"[""在天猫中查看物流""]"
物流,闲鱼,"open_logistics_receive(app, filter_type)",1,"[""在闲鱼中查看我买到的商品的物流""]"
物流,闲鱼,"open_logistics_send(app, filter_type)",1,"[""在闲鱼中查看我卖出的商品的物流""]"
物流,抖音火山版,"open_logistics_receive(app, filter_type)",5,"[""在抖音火山版中查看商城订单物流"",""在抖音火山版中查看商城订单已签收物流"",""在抖音火山版中查看商城订单待取件物流"",""在抖音火山版中查看商城订单派送中物流"",""在抖音火山版中查看商城订单运送中物流""]"
物流,阿里巴巴,"open_logistics_receive(app, filter_type)",1,"[""在阿里巴巴中查看物流""]"
物流,唯品会,"open_logistics_receive(app, filter_type)",1,"[""在唯品会中查看物流""]"
物流,得物,"open_logistics_receive(app, filter_type)",1,"[""在得物中查看物流""]"
物流,转转,"open_logistics_receive(app, filter_type)",1,"[""在转转中查看我的购买订单物流""]"
物流,转转,"open_logistics_send(app, filter_type)",1,"[""在转转中查看我卖的商品物流""]"
订单,阿里巴巴,"open_orders(app, order_status)",6,"[""在阿里巴巴中查看待发货订单"", ""在阿里巴巴中查看待付款订单"", ""在阿里巴巴中查看待评价订单"", ""在阿里巴巴中查看待收货订单"", ""在阿里巴巴中查看全部订单"", ""在阿里巴巴中查看退款-售后页面""]"
订单,阿里巴巴,"search_order(app, search_info, order_status)",1,"[""在阿里巴巴中搜索<搜索内容>订单""]"
订单,得物,"open_orders(app, order_status)",4,"[""在得物中查看订单"", ""在得物中查看待付款订单"", ""在得物中查看待发货订单"", ""在得物中查看待收货""]"
订单,得物,"search_order(app, search_info, order_status)",1,"[""在得物中搜索<搜索内容>订单""]"
订单,得物,"open_orders(app, order_status)",1,"[""在得物中查看我的评价""]"
订单,得物,apply_after_sales(app),1,"[""在得物中申请退款或售后""]"
订单,抖音,"open_orders(app, order_status)",6,"[""在抖音中查看我的订单"", ""在抖音中查看商城中待支付订单"", ""在抖音中查看商城中待发货订单"", ""在抖音中查看商城中待收货订单"", ""在抖音中查看商城中待评价订单"", ""在抖音中查看商城中售后订单""]"
订单,抖音,"search_order(app, search_info, order_status)",1,"[""在抖音中搜索<搜索内容>订单""]"
订单,抖音火山版,"open_orders(app, order_status)",6,"[""在抖音火山版中查看我的订单"",""在抖音火山版中查看商城中待支付订单"",""在抖音火山版中查看商城中待发货订单"",""在抖音火山版中查看商城中待收货订单"",""在抖音火山版中查看商城中待评价订单"",""在抖音火山版中查看商城中售后订单""]"
订单,抖音火山版,"search_order(app, search_info, order_status)",1,"[""在抖音火山版中搜索<搜索内容>订单""]"
订单,抖音极速版,"open_orders(app, order_status)",6,"[""在抖音极速版中查看我的订单"",""在抖音极速版中查看商城中待支付订单"",""在抖音极速版中查看商城中待发货订单"",""在抖音极速版中查看商城中待收货订单"",""在抖音极速版中查看商城中待评价订单"",""在抖音极速版中查看商城中售后订单""]"
订单,抖音极速版,"search_order(app, search_info, order_status)",1,"[""在抖音极速版中搜索<搜索内容>订单""]"
订单,京东,"open_orders(app, order_status)",6,"[""在京东中查看待付款订单"",""在京东中查看待收货订单"",""在京东中查看待服务订单"",""在京东中查看待评价订单"",""在京东中查看退换/售后"",""在京东中查看全部订单""]"
订单,京东,"search_order(app, search_info, order_status)",1,"[""在京东中搜索<搜索内容>订单""]"
订单,快手,"open_orders(app, order_status)",6,"[""在快手中查看我的订单"",""在快手中查看商城中待支付订单"",""在快手中查看商城中待发货订单"",""在快手中查看商城中待收货订单"",""在快手中查看商城中待评价订单"",""在快手中查看商城中售后订单""]"
订单,快手,"search_order(app, search_info, order_status)",1,"[""在快手中搜索<搜索内容>订单""]"
订单,快手极速版,"open_orders(app, order_status)",6,"[""在快手极速版中查看商城中我的订单"",""在快手极速版中查看商城中待支付订单"",""在快手极速版中查看商城中待发货订单"",""在快手极速版中查看商城中待收货订单"",""在快手极速版中查看商城中待评价订单"",""在快手极速版中查看商城中售后订单""]"
订单,快手极速版,"search_order(app, search_info, order_status)",1,"[""在快手极速版中搜索<搜索内容>订单""]"
订单,拼多多,"open_orders(app, order_status)",6,"[""在拼多多中查看我的订单"",""在拼多多中查看待付款订单"",""在拼多多中查看待收货订单"",""在拼多多中查看退款售后"",""在拼多多中查看待分享"",""在拼多多中查看待发货的订单""]"
订单,拼多多,"search_order(app, search_info, order_status)",1,"[""在拼多多的订单中搜索<搜索内容>""]"
订单,拼多多,open_reviews(app),1,"[""在拼多多中查看我的评价""]"
订单,淘宝,"open_orders(app, order_status)",6,"[""在淘宝中查看我的订单"",""在淘宝中查看待付款订单"",""在淘宝中查看待发货订单"",""在淘宝中查看待收货订单"",""在淘宝中查看待评价订单"",""在淘宝中查看退款/售后""]"
订单,淘宝,"search_order(app, search_info, order_status)",1,"[""在淘宝中搜索<搜索内容>订单""]"
订单,天猫,"open_orders(app, order_status)",6,"[""在天猫中查看待付款订单"",""在天猫中查看待发货订单"",""在天猫中查看待收货订单"",""在天猫中查看退款和售后订单"",""在天猫中查看全部订单"",""在天猫中查看待评价订单""]"
订单,天猫,"search_order(app, search_info, order_status)",1,"[""在天猫中搜索<搜索内容>订单""]"
订单,唯品会,"open_orders(app, order_status)",7,"[""在唯品会中查看已取消的待付款订单"",""在唯品会中查看已完成的待付款订单"",""在唯品会中查看待付款订单"",""在唯品会中查看待评价订单"",""在唯品会中查看待收货订单"",""在唯品会中查看全部订单"",""在唯品会中查看退换售后页面""]"
订单,唯品会,"search_order(app, search_info, order_status)",2,"[""在唯品会中搜索<搜索内容>订单"",""在唯品会中搜索<搜索内容>退换售后订单""]"
订单,闲鱼,"open_second_hand_orders(app, order_status, product_status, transaction_type)",19,"[""在闲鱼中查看我发布的商品"",""在闲鱼中查看我发布的在卖商品"",""在闲鱼中查看我发布的草稿"",""在闲鱼中查看我已下架的商品"",""在闲鱼中查看我卖出的商品"",""在闲鱼中查看我卖出的全部商品"",""在闲鱼中查看卖出商品的待付款订单"",""在闲鱼中查看卖出商品的待发货的商品"",""在闲鱼中查看我卖出的待收货商品"",""在闲鱼中查看我卖出的待评价商品"",""在闲鱼中查看退款中的商品"",""在闲鱼中查看我买到的商品"",""在闲鱼中查看我买到的全部商品"",""在闲鱼中查看我买到商品的待付款订单"",""在闲鱼中查看我买到商品的待发货订单"",""在闲鱼中查看我买到商品的待收货订单"",""在闲鱼中查看我买到商品的待评价订单"",""在闲鱼中查看我买到商品的退款中订单"",""在闲鱼中查看待评价订单""]"
订单,闲鱼,"search_order(app, search_info, order_status)",3,"[""在闲鱼中搜索我发布的<搜索内容>商品"",""在闲鱼中搜索我卖出的<搜索内容>商品"",""在闲鱼中搜索我买到的<搜索内容>商品""]"
订单,转转,"open_second_hand_orders(app, order_status, product_status, transaction_type)",13,"[""在转转中查看我的购买记录"",""在转转中查看待付款订单"",""在转转中查看待发货的订单"",""在转转中查看待收货订单"",""在转转中查看待评价的订单"",""在转转中查看退款售后页面"",""在转转中查看未完结的退款售后"",""在转转中查看待评价的退款售后"",""在转转中查看我发布的内容"",""在转转中查看我卖的商品"",""在转转中查看我卖的进行中的物品"",""在转转中查看我卖的已完成订单"",""在转转中查看已关闭的我卖的商品""]"
订单,转转,"search_order(app, search_info, order_status)",2,"[""在转转中搜索我购买的<搜索内容>订单"",""在转转中搜索我卖出的<搜索内容>订单""]"
发票,得物,"open_invoice_page(app, page_type)",1,"[""在得物中打开发票服务""]"
发票,京东,"open_invoice_page(app, page_type)",5,"[""在京东中打开发票抬头管理"", ""在京东中查看全部发票"",""在京东中查看发票换开/合开"",""在京东中查看发票专票提交"",""在京东中查看发票申请记录""]"
发票,拼多多,"open_invoice_page(app, page_type)",4,"[""在拼多多中查看全部发票"",""在拼多多中查看已开票发票"",""在拼多多中查看申请中发票"",""在拼多多中查看待申请发票""]"
发票,淘宝,"open_invoice_page(app, page_type)",4,"[""在淘宝中打开发票中心"", ""在淘宝中查看申请中发票"",""在淘宝中查看已开票发票"",""在淘宝中查看未申请发票""]"
发票,唯品会,"open_invoice_page(app, page_type)",3,"[""在唯品会中打开发票服务"", ""在唯品会中查看开具发票"",""在唯品会中查看我的发票""]"
购物车,阿里巴巴,"open_cart_content(app, filter_type)",4,"[""在阿里巴巴中查看采购车"",""在阿里巴巴中查看常购商品"",""在阿里巴巴中查看代发采购车"",""在阿里巴巴中查看采购车中的现货""]"
购物车,得物,"open_cart_content(app, filter_type)",2,"[""在得物中查看想要的商品"",""在得物中查看降价的想要商品""]"
购物车,抖音,"open_cart_content(app, filter_type)",3,"[""在抖音中查看购物车"",""在抖音中查看购物车中有货商品"",""在抖音中查看购物车中降价商品""]"
购物车,抖音,"search_cart_content(app, search_info)",1,"[""在抖音中搜索商城购物车中的<搜索内容>""]"
购物车,抖音火山版,"open_cart_content(app, filter_type)",2,"[""在抖音火山版中查看购物车"",""在抖音火山版中查看购物车中降价商品""]"
购物车,抖音极速版,"open_cart_content(app, filter_type)",3,"[""在抖音极速版中查看购物车"",""在抖音极速版中查看购物车中有货商品"",""在抖音极速版中查看购物车中降价商品""]"
购物车,抖音极速版,"search_cart_content(app, search_info)",1,"[""在抖音极速版中搜索商城购物车中的<搜索内容>""]"
购物车,京东,"open_cart_content(app, filter_type)",5,"[""在京东中查看购物车"",""在京东中查看购物车送礼商品"",""在京东中查看购物车凑单商品"",""在京东中查看购物车跨店满减商品"",""在京东中查看购物车中的降价商品""]"
购物车,京东,"search_cart_content(app, search_info)",1,"[""在京东中搜索购物车中的<搜索内容>""]"
购物车,快手,"open_cart_content(app, filter_type)",1,"[""在快手中查看购物车""]"
购物车,快手极速版,"open_cart_content(app, filter_type)",1,"[""在快手极速版中查看购物车""]"
购物车,淘宝,"open_cart_content(app, filter_type)",4,"[""在淘宝中查看购物车"",""在淘宝中查看购物车中的降价商品"",""在淘宝中查看购物车中常购商品"",""在淘宝中查看购物车中失效商品""]"
购物车,淘宝,"search_cart_content(app, search_info)",1,"[""在淘宝的购物车中搜索<搜索内容>""]"
购物车,淘宝,"open_cart_page(app, page_type)",2,"[""打开淘宝购物车管理"",""在淘宝中查看购物车分组""]"
购物车,天猫,"open_cart_content(app, filter_type)",1,"[""在天猫中查看购物车""]"
购物车,唯品会,"open_cart_content(app, filter_type)",4,"[""在唯品会中查看购物车"",""在唯品会中查看购物车中近期加购商品"",""在唯品会中查看购物车中降价商品"",""在唯品会中查看购物车中有货商品""]"
购物车,唯品会,"search_cart_content(app, search_info)",1,"[""在唯品会中搜索购物车中的<搜索内容>""]"
客服,阿里巴巴,open_customer_service(app),1,"[""在阿里巴巴中联系官方客服""]"
客服,得物,open_customer_service(app),1,"[""在得物中联系客服""]"
客服,抖音,open_customer_service(app),1,"[""在抖音中打开我的客服页面""]"
客服,抖音火山版,open_customer_service(app),1,"[""在抖音火山版中联系我的客服""]"
客服,抖音极速版,open_customer_service(app),1,"[""在抖音极速版中打开我的客服页面""]"
客服,京东,open_customer_service(app),1,"[""在京东中查看客户服务""]"
客服,快手,open_customer_service(app),1,"[""在快手中联系官方客服""]"
客服,快手极速版,open_customer_service(app),1,"[""在快手极速版中联系官方客服""]"
客服,拼多多,open_customer_service(app),1,"[""在拼多多中联系官方客服""]"
客服,淘宝,open_customer_service(app),1,"[""在淘宝中联系客服""]"
客服,天猫,open_customer_service(app),1,"[""在天猫中联系客服""]"
客服,唯品会,open_customer_service(app),1,"[""在唯品会中联系唯品客服""]"
客服,闲鱼,open_customer_service(app),1,"[""在闲鱼中查看帮助与客服""]"
客服,转转,open_customer_service(app),1,"[""在转转中联系在线客服""]"
启动,抖音,open_app(app),,
启动,抖音极速版,open_app(app),,
启动,快手,open_app(app),,
启动,快手极速版,open_app(app),,
启动,拼多多,open_app(app),,
启动,淘宝,open_app(app),,
启动,京东,open_app(app),,
启动,天猫,open_app(app),,
启动,闲鱼,open_app(app),,
启动,抖音火山版,open_app(app),,
启动,阿里巴巴,open_app(app),,
启动,唯品会,open_app(app),,
启动,得物,open_app(app),,
启动,转转,open_app(app),,
