query,true_output_main,true_output_sub,model_output_main,model_output_sub
打车去大梅沙滨海公园,,,,
打车去民乐,,,,
我要从家/公司去动物园,特快车,特惠快车,特快车,特惠快车
麻烦帮我打专车到海底捞,品质专车,神州专车,品质专车,神州专车
给我打个六座车去朱三家龙虾吃饭,六座商务,,六座商务,
能帮我打个拼车去景枫中心吗,拼车,极速拼车,拼车,极速拼车
请帮我叫个专车,品质专车,神州专车,品质专车,神州专车
帮我打出租车去机场费用要100以内,出租车,聚优出租，腾飞新出租，南京出租，鞍马聚的新出组,出租车,聚的新出租，聚优出租
请帮我打出租车去银杏湖乐园打车费要90左右,出租车,聚优出租，鞍马聚的新出租,出租车,聚优出租，鞍马聚的新出租
五个人准备去水游城,,,,
打个出租车去省医院,出租车,聚优出租，腾飞新出租，南京出租，鞍马聚的新出组,出租车,聚优出租，南京出租，腾飞新出租，鞍马聚的新出租
帮我叫个不超过30的t3车到情侣园,,T3出行,,T3出行
帮我打个拼车回家,拼车,极速拼车,拼车,极速拼车
打个拼车去夫子庙/下关火车主题公园/阅江楼/牛首山,拼车,极速拼车,拼车,极速拼车
帮我打个车回家,,,,
给我打个200块钱以下的车去句容/翠林水城,,,,
我想打车去科技馆,,,,
给我打个出租车去南京站,出租车,聚优出租，腾飞新出租，南京出租，鞍马聚的新出组,出租车,聚优出租，腾飞新出租，南京出租，鞍马聚的新出租
打车去民乐,,,,
打车去大梅沙滨海公园,,,,
打车去观澜版画村,,,,
打车去福田站,,,,
打车去深圳大学,,,,
打车去梅村,,,,
打车去白石龙,,,,
打车去福田CBD,,,,
打车从动物园到国际会展中心,,,,
打车去龙岗大道,,,,
打车去阿里中心,,,,
打车去卓越后海,,,,
打车去留仙洞,,所有车型,,所有车型
打车去小梅沙,拼车,远途极速拼,拼车,远途极速拼
打车去龙华福茂新村4栋,特惠快车,特惠快车,特惠快车,特惠快车
打车去深圳北站,经济型,极速拼车，特惠快车,经济型,特价拼车，特惠快车
打车去梅林关,特快车,特惠快车,特快车,特惠快车
打车去世界之窗,优享型,,优享型,
车去莲花公园,六座商务,,六座商务,
打车去梅村,"出租车, 优享型",聚的新出组，深圳出租,"出租车, 优享型","聚的新出租, 深圳出租"
打车去洪浪北站,六座商务,极速拼车,六座商务,极速拼车
打车去先科花园,"特快车, 经济型",特惠快车，极速拼车,"特快车, 经济型","特惠快车, 极速拼车"
打车去莲花山公园,"轻享专车, 豪华型",神州专车,"轻享专车, 豪华型",神州专车
打车去深圳东站,极速拼车,极速拼车,极速拼车,极速拼车
打车去莲花山公园,,曹操出行,,曹操出行
打车去大梅沙,,斑马快跑,,斑马快跑
打车去小梅沙,特惠快车,特惠快车,特快车,特惠快车
打车去深圳会展中心,,飞嘀打车,,飞嘀打车
打车去玉龙新村,,神州专车,,神州专车
打车去白石龙地铁站,,阳光出行,,阳光出行
打车去民治地铁站,,妥妥E行,,妥妥E行
打车去红山地铁站,,5U出行,,5U出行
打车去天文台,,全民GO,,全民GO
打车去维也纳酒店,,享道出行,,享道出行
打车去元芬地铁站,,首汽约车,,首汽约车
打车去红山地铁站,,聚的新出租,,聚的新出租
打车去陶吓新村,,深圳出租,出租车,深圳出租
打车去龙胜村,,阳光出行,,阳光出行
打车去创业花园,,中交出行,,中交出行
打车去到梅村,,所有车型,,所有车型
打车去深圳北站,,所有车型,,所有车型
打车去天文台,,所有车型,,所有车型
打车去民治地铁,,所有车型,,所有车型
打车去五和地铁站,,所有车型,,所有车型
打车去欢乐海岸,豪华型,及时用车,豪华型,及时用车
打车去深圳北站,,阳光出行,,阳光出行
打车去深圳会展中心,,曹操出行,,曹操出行
打车去民乐地铁站,,斑马快跑,,斑马快跑
打极速拼车和六座豪华车去深业上城,"极速拼车, 六座豪华车",极速拼车,"极速拼车,六座豪华车",极速拼车
打车去宝安机场,"极速拼车, 特惠快车, 六座专车",特惠快车,极速拼车，特惠快车，六座专车,特惠快车，远途极速拼
打车去深圳东站,六座商务,神州专车,六座商务,神州专车
打车去民治地铁口,惠享专车，轻享专车,神州专车,惠享专车，轻享专车,神州专车
打车去大梅沙滨海公园,,,,
打车去福田CBD,,,,
打车从动物园到国际会展中心,,,,
打车去卓越后海,,,,
打车去小梅沙,特价,特惠快车,特价,特惠快车
打车去深圳北站,快速,滴滴快车，特惠快车，滴滴特快,快速,特惠快车，滴滴快车，滴滴特快
打车去大梅沙滨海公园,,,,
打车去民乐,,,,
我要从家/公司去动物园,特快车,特惠快车,特快车,特惠快车
麻烦帮我打专车到海底捞,品质专车,神州专车,品质专车,神州专车
给我打个六座车去朱三家龙虾吃饭,六座车,,六座,
能帮我打个拼车去景枫中心吗,拼车,极速拼车,拼车,极速拼车
请帮我叫个专车,品质专车,神州专车,品质专车,神州专车
帮我打出租车去机场费用要100以内,出租车,"聚优出租,南京出租,腾飞新出租,鞍马聚的新出租",出租车,聚优出租，南京出租，腾飞新出租，鞍马聚的新出租
请帮我打出租车去银杏湖乐园打车费要90左右,出租车,"聚优出租,南京出租,鞍马聚的新出租",出租车,聚优出租，南京出租，鞍马聚的新出租
五个人准备去水游城,,,,
打个出租车去省医院,出租车,"聚优出租,南京出租,腾飞新出租,鞍马聚的新出租",出租车,聚优出租，腾飞新出租，南京出租，鞍马聚的新出租
帮我叫个不超过30的t3车到情侣园,,T3出行,,T3出行
帮我打个拼车回家,拼车,,拼车,远途极速拼
打个拼车去夫子庙/下关火车主题公园/阅江楼/牛首山,拼车,极速拼车,拼车,极速拼车
帮我打个车回家,,,,
给我打个200块钱以下的车去句容/翠林水城,,,,
我想打车去科技馆,,,,
给我打个出租车去南京站,出租车,,出租车,
打车去民乐,,,,
打车去大梅沙滨海公园,,,,
打车去观澜版画村,,,,
打车去福田站,,,,
打车去深圳大学,,,,
打车去梅村,,,,
打车去白石龙,,,,
打车去新莲大厦,,,,
打车去福田CBD,,,,
打车从动物园到国际会展中心,,,,
打车去龙岗大道,,,,
打车去阿里中心,,,,
打车去卓越后海,,,,
打车去留仙洞,,所有车型,,所有车型
打车去小梅沙,拼车,远途极速拼,拼车,远途极速拼
打车去龙华福茂新村4栋,特惠快车,特惠快车,特惠快车,特惠快车
打车去深圳北站,经济型,特惠快车，极速拼车,经济型,特价拼车，特惠快车
打车去梅林关,特快车,特惠快车,特快车,特惠快车
打车去世界之窗,优享型,,优享型,
打车去五和地铁口,豪华车,,豪华车,
车去莲花公园,六座商务,,六座商务,
打车去梅村,"出租车,优享型","聚的新出租,深圳出租","出租车, 优享型",聚的新出租，深圳出租
打车去洪浪北站,六座商务,极速拼车,六座商务,极速拼车
打车去先科花园,"特快车, 经济型",特惠快车，极速拼车,"特快车, 经济型","特惠快车, 极速拼车"
打车去莲花山公园,"轻享专车,豪华型",神州专车,轻享专车，豪华型,神州专车
打车去深圳北站,,T3出行,,T3出行
打车去深圳东站,极速拼车,极速拼车,极速拼车,极速拼车
打车去莲花山公园,,曹操出行,,曹操出行
打车去大梅沙,,斑马快跑,,斑马快跑
打车去小梅沙,特快车,特惠快车,特快车,特惠快车
打车去深圳会展中心,,飞嘀打车,,飞嘀打车
打车去玉龙新村,,神州专车,,神州专车
打车去梅林关地铁站,及时用车,,及时用车,
打车去白石龙地铁站,,阳光出行,,阳光出行
打车去民治地铁站,,妥妥E行,,妥妥E行
打车去红山地铁站,,5U出行,,5U出行
打车去天文台,,全民GO,,全民GO
打车去维也纳酒店,,享道出行,,享道出行
打车去元芬地铁站,,首汽约车,,首汽约车
打车去上芬地铁站,,如祺出行,,如祺出行
打车去红山地铁站,,聚的新出租,,聚的新出租
打车去陶吓新村,,深圳出租,出租车,深圳出租
打车去龙胜村,,阳光出行,,阳光出行
打车去创业花园,,中交出行,,中交出行
打车去到梅村,,所有车型,,所有车型
打车去深圳北站,,所有车型,,所有车型
打车去天文台,,所有车型,,所有车型
打车去民治地铁,,所有车型,,所有车型
打车去五和地铁站,,所有车型,,所有车型
打车去欢乐海岸,豪华型,及时用车,豪华型,及时用车
打车去深圳北站,,阳光出行,,阳光出行
打车去深圳会展中心,,曹操出行,,曹操出行
打车去红山地铁站,,T3出行,,T3出行
打车去民乐地铁站,,斑马快跑,,斑马快跑
打极速拼车和六座豪华车去深业上城,"极速拼车, 六座豪华车",极速拼车,"极速拼车,六座豪华车",极速拼车
打车去宝安机场,"极速拼车, 特惠快车, 六座专车","特惠快车,远途极速拼","极速拼车,特惠快车,六座专车","特惠快车,远途极速拼"
打车去深圳东站,六座商务,神州专车,六座商务,神州专车
打车去民治地铁口,轻享专车，惠享专车,神州专车,惠享专车，轻享专车,神州专车
打车去大梅沙滨海公园,,,,
打车去福田CBD,,,,
打车从动物园到国际会展中心,,,,
打车去卓越后海,,,,
打车去小梅沙,特价,特惠快车,特价,特惠快车
打车去梅村,"快速车, 舒适车型","滴滴快车,特惠快车,滴滴特快",快速，舒适,特惠快车，滴滴快车，滴滴特快，出租车
打车去洪浪北站,"特价车, 六座车型",六座豪华车，特惠快车，六座专车,特价，六座,六座专车，特惠快车
打车去先科花园,"快速车, 特价车, 舒适车型",特惠快车,"特价车,快速车,舒适车型","特惠快车,滴滴快车,滴滴特快"
打车去深圳北站,快速,特惠快车，滴滴快车，滴滴特快,快速,特惠快车，滴滴快车，滴滴特快
打车去到梅村,,所有车型,,
打车去深圳北站,,所有车型,,所有车型
打车去民乐,,,,
我要从家/公司去动物园,特快车,特惠快车,特快车,特惠快车
麻烦帮我打专车到海底捞,品质专车,神州专车,品质专车,神州专车
请帮我叫个专车,品质专车,神州专车,品质专车,神州专车
帮我打出租车去机场费用要100以内,出租车,腾飞新出租，聚优出租，南京出租，鞍马聚的新出租,出租车,聚优出租，腾飞新出租，南京出租，鞍马聚的新出租
请帮我打出租车去银杏湖乐园打车费要90左右,出租车,聚优出租，鞍马聚的新出租,出租车,聚优出租，鞍马聚的新出租
打个出租车去省医院,出租车,聚优出租，南京出租，腾飞新出租，鞍马聚的新出租,出租车,聚优出租，腾飞新出租，南京出租，鞍马聚的新出租
帮我打个拼车回家,拼车,极速拼车,拼车,极速拼车
给我打个出租车去南京站,出租车,聚优出租，南京出租，腾飞新出租，鞍马聚的新出租,出租车,聚优出租，腾飞新出租，南京出租，鞍马聚的新出租
帮我打个拼车回家,拼车,极速拼车,拼车,极速拼车
打个差不多30块钱的车去汉堡王/泰妃殿,,,,
给我打出租车去南京站,出租车,特快出租车，出租车,出租车,特快出租车，出租车
打个拼车去夫子庙/下关火车主题公园/阅江楼/牛首山,拼车,极速拼车,拼车,极速拼车
请帮我叫个专车,专车,滴滴专车，六座专车,专车,六座专车，滴滴专车
给我打个六座车去朱三家龙虾吃饭,六座,六座专车,六座,六座专车
麻烦帮我打专车到海底捞,专车,滴滴专车，六座专车,专车,六座专车，滴滴专车
我要从家/公司去动物园,快速,特惠快车，滴滴快车，特快出租车，滴滴特快,快速,特惠快车，滴滴快车，滴滴特快，特快出租车
5个人准备去水游城吃饭,,,,
打个出租车去省医院,出租车,特快出租车，出租车,出租车,特快出租车，出租车
叫 个 优 享 车,优享车,,优享车,
派辆商务车给我去中央商场,商务车,,商务车,
帮我打个50块以下的车去老门东/公司,,,,
帮我打个滴滴特快车/特惠快车/最快的车去机场,"特快车, 特惠快车",,"特惠快车,滴滴特快","特惠快车,滴滴特快"
帮我打个车回家,,,,
给我打出租车去南京站,出租车,特快出租车，出租车,出租车,特快出租车，出租车
给我打个200块钱以下的车去句容/翠林水城,,,,
我想打车去科技馆,,,,
能帮我打个拼车去景枫中心吗,拼车,极速拼车,拼车,极速拼车
打六座车去中山陵,六座车,,六座,
帮我打去动物园,,,,
给我打个出租车去南京站,出租车,特快出租车，出租车,出租车,特快出租车，出租车
请帮我打车去夫子庙景区,,,,
帮我打出租车去机场,出租车,特快出租车，出租车,出租车,特快出租车，出租车
请帮我打出租车去银杏湖乐园,出租车,特快出租车，出租车,出租车,特快出租车，出租车
帮我叫个不超过30的车到情侣园,,,,
打个最便宜的车去植物园,,,,
用 高德 叫 个 豪 华 车,豪华车,,豪华车,
叫一辆六座商务型车去渡江路10号,六座商务型车,,六座商务型车,
从静安寺到外滩,快车,特惠快车，滴滴快车，滴滴特快,快速,"特惠快车,滴滴快车,滴滴特快,特快出租车"
拼车去杭州西湖,拼车,极速拼车,拼车,极速拼车
打车去荷雨臻悦,,,,
帮我打个拼车回家,拼车,极速拼车,拼车,极速拼车
打个差不多30块钱的车去汉堡王/泰妃殿,,,,
给我打出租车去南京站,出租车,腾飞新出租，聚优出租，南京出租，鞍马聚的新出租,出租车,聚优出租，南京出租，腾飞新出租，鞍马聚的新出租
打个拼车去夫子庙/下关火车主题公园/阅江楼/牛首山,拼车,极速拼车,拼车,极速拼车
请帮我叫个专车,品质专车,神州专车,品质专车,神州专车
给我打个六座车去朱三家龙虾吃饭,六座商务,,六座商务,
麻烦帮我打专车到海底捞,品质专车,神州专车,品质专车,神州专车
我要从家/公司去动物园,特快车,特惠快车,特快车,特惠快车
5个人准备去水游城吃饭,,,,
打个出租车去省医院,出租车,腾飞新出租，聚优出租，南京出租，鞍马聚的新出租,出租车,聚优出租，腾飞新出租，南京出租，鞍马聚的新出租
叫 个 优 享 车,优享型,,优享型,
派辆商务车给我去中央商场,六座商务,,六座商务,
帮我打个50块以下的车去老门东/公司,,,,
帮我打个滴滴特快车/特惠快车/最快的车去机场,"特快车, 特惠快车",,"特惠快车,滴滴特快","特惠快车,滴滴特快"
帮我打个车回家,,,,
给我打出租车去南京站,出租车,腾飞新出租， 聚优出租 ，南京出租，鞍马聚的新出租,出租车,聚优出租，南京出租，腾飞新出租，鞍马聚的新出租
给我打个200块钱以下的车去句容/翠林水城,,,,
我想打车去科技馆,,,,
能帮我打个拼车去景枫中心吗,拼车,极速拼车,拼车,极速拼车
打六座车去中山陵,六座车,,六座,
帮我打去动物园,,,,
给我打个出租车去南京站,出租车,,出租车,
请帮我打车去夫子庙景区,,,,
帮我打出租车去机场,出租车,,出租车,
请帮我打出租车去银杏湖乐园,出租车,聚优出租，腾飞新出租，南京出租，鞍马聚的新出租,出租车,聚优出租，腾飞新出租，南京出租，鞍马聚的新出租
帮我叫个不超过30的车到情侣园,,,,
打个最便宜的车去植物园,,,,
用 高德 叫 个 豪 华 车,豪华车,,豪华车,
叫一辆六座商务型车去渡江路10号,六座商务型车,,六座商务型车,
从静安寺到外滩,特快车,,特快车,特惠快车，轻快联盟
拼车去杭州西湖,拼车,极速拼车,拼车,极速拼车
打车去荷雨臻悦,,,,
打车去金地威新,,,,
五分钟内给我打一辆去南京第一医院的车,,,,
叫辆车去雨花西路幼儿园,,,,
打车去万博科技园,,,,
打车去软件大道地铁站,,,,
我要去厅后街3号,,,,
打的去东南大学鼓楼校区,,,,
打辆车去雨花台实验小学,,,,
打车去南京航空航天大学,,,,
帮我打一辆5分钟内去虹悦城的车,,,,
从公司打的去禄口机场,,,,
从我家打车去公司,,,,
帮我打车,,,,
给我叫辆去金鹰的车,,,,
打车去莫愁湖公园,,,,
叫车去南京南,,,,
从南京站打车去鸡鸣寺,,,,
打车去紫金山,,,,
从大行宫地铁站打车去南京博物馆,,,,
从商场出发,,,,
需要在15分钟内打车到机场,,,,
打车去海边,,,,
从黄兴广场打车去五一广场,,,,
打车去白沙古镇,,,,
给我叫辆车去南京省中医院,,,,
打车去故宫博物院,,,,
从北京朝阳区打车到首都机场,,,,
在上海陆家嘴打车去虹桥火车站,,,,
广州天河CBD打车到白云机场,,,,
成都春熙路附近打车到双流机场,,,,
打车到宝安国际机场,,,,
杭州西湖景区打车去萧山机场,,,,
西安钟楼附近到咸阳机场,,,,
武汉光谷广场打车到天河机场,,,,
打车到重庆解放碑,,,,
长沙五一广场到黄花机场,,,,
厦门鼓浪屿码头到高崎机场,,,,
打车去公司,,,,
打车去新街口,,,,
打车去燕子矶,,,,
打一辆快车去火车站,快速，特惠快车，特快车,特惠快车，滴滴快车，特快车,快速，特惠快车，特快车,特惠快车，滴滴快车，特快车
从南京江宁区去南京浦口区,,,,
需要一辆出租车,出租,特快出租车，聚优出租，出租车,出租,特快出租车，聚优出租，出租车
预约拼车,拼车，特价拼车,特价拼车，极速拼车，,拼车，特价拼车,特价拼车，极速拼车
拼车去公司,拼车，特价拼车,特价拼车，极速拼车，,拼车，特价拼车,特价拼车，极速拼车
需要一辆顺风车,顺风车,,顺风车,
3分钟内,,,,
去南京浦口区,,,,
我在南京南京大学,豪华轿车,滴滴豪华车,豪华轿车,滴滴豪华车
打车去夫子庙,,,,
10分钟内给我打一辆去中山陵的车,,,,
叫辆车去南京博物院,,,,
打车去南京大学,,,,
打车去新街口,,,,
我要去总统府,,,,
打的去南京师范大学,,,,
打辆车去侵华日军南京大屠杀遇难同胞纪念馆,,,,
打车去南京林业大学,,,,
帮我打一辆6分钟内去德基广场的车,,,,
从家里打的去南京南站,,,,
从我现在的位置打车去公司,,,,
帮我打车,,,,
给我叫辆去1912街区的车,,,,
打车去玄武湖公园,,,,
叫车去南京站,,,,
从夫子庙打车去老门东,,,,
打车去栖霞山,,,,
从珠江路地铁站打车去紫峰大厦,,,,
预约9点从酒店出发,,,,
需要在13分钟内打车到机场,,,,
打车去紫金山天文台,,,,
从夫子庙打车去秦淮河,,,,
打车去高淳老街,,,,
给我叫辆车去南京医科大学,,,,
打车去朝天宫,,,,
从南京奥体中心打车到禄口机场,,,,
在新街口打车去南京博物院,,,,
南京河西CBD打车到南京站,,,,
南京夫子庙附近打车到南京南站,,,,
打车到南京禄口国际机场,,,,
南京中山陵景区打车去南京站,,,,
预约周日上午7点整,,,,
南京仙林大学城打车到南京站,,,,
打车到南京新街口,,,,
南京雨花台景区到南京南站,,,,
打车去南京明孝陵,,,,
8分钟内给我打一辆去南京海底世界的车,,,,
叫辆车去南京红山森林动物园,,,,
预约7,专车,滴滴专车，六座专车,专车,六座专车，滴滴专车
打车去南京工业大学,,,,
我要去南京艺术学院,,,,
打的去南京邮电大学,,,,
打辆车去南京中医药大学,,,,
打车去南京审计大学,,,,
帮我打一辆7分钟内去南京万达广场的车,,,,
从公司打的去南京禄口机场,,,,
从我家打车去公司,,,,
帮我打车,,,,
给我叫辆去南京新街口的车,,,,
帮我打车去百家湖,,,,
拼个晚上7点到达南京南站的车,拼车，特价拼车,特价拼车，极速拼车,拼车，特价拼车,特价拼车，极速拼车
预约21,特价，特惠快车，经济，特价拼车,特价拼车，特惠快车,特价，特惠快车，特价拼车,特价拼车，特惠快车
3个人去雨花台区政府,专车,滴滴专车，六座专车,专车,滴滴专车，六座专车
从这拼车去南京站贵吗,拼车，特价拼车,特价拼车，极速拼车,拼车，特价拼车,特价拼车，极速拼车
叫辆顺风车,顺风车,,顺风车,
查找去南京软件谷的顺风车,顺风车,,顺风车,
叫一辆去东南大学四牌楼校区的出租车,出租,特快出租车，聚优出租，出租车,出租,特快出租车，聚优出租，出租车
打车去江宁织造府,拼车，快速，舒适出发，六座，特快车，出租,极速拼车，花小猪外接版，滴滴快车，特快出租车，滴滴专车，滴滴豪华车，六座专车，365约车，聚优出租，特快车，出租车,经济，快速，舒适出发，六座，特快车，出租，拼车,花小猪外接版，特惠快车，滴滴快车，特快出租车，滴滴专车，滴滴豪华车，六座专车，极速拼车，365约车，聚优出租，特快车，出租车
有没有去羊山公园的6座商务车,商务车,,六座商务车,
两人去雨花吾悦广场,经济，特价，特惠快车，特价拼车,特价拼车，特惠快车,经济型车,
我要去砂之船奥莱,出租,特快出租车，聚优出租，出租车,出租,特快出租车，聚优出租，出租车
打车去六角广场,特价，快速，舒适出发，六座，特惠快车，经济，特快车，出租,花小猪外接版，特惠快车，滴滴快车，特快出租车，滴滴专车，滴滴豪华车，六座专车，365约车，聚优出租，特快车，出租车,特价，快速，舒适出发，六座，特惠快车，经济，特快车，出租,花小猪外接版，特惠快车，滴滴快车，特快出租车，滴滴专车，滴滴豪华车，六座专车，365约车，聚优出租，特快车，出租车
打的到玄武湖景区,舒适出发,,舒适出发,
叫辆车去玄武湖公园,特价，快速，舒适出发，六座，特惠快车，经济，特快车，出租,花小猪外接版，特惠快车，滴滴快车，特快出租车，滴滴专车，滴滴豪华车，六座专车，365约车，聚优出租，特快车，出租车,特价，快速，舒适出发，六座，特惠快车，经济，特快车，出租,特惠快车，滴滴快车，特快出租车，滴滴专车，滴滴豪华车，六座专车，花小猪外接版，365约车，聚优出租，特快车，出租车
从贾西地铁站打车去雨花客厅,六座,六座专车,六座,六座专车
打辆去南京南站的特价车,特价，特惠快车，经济，特价拼车,特价拼车，特惠快车,特价，特惠快车，特价拼车,特价拼车，特惠快车
打车去德基广场,特价，快速，舒适出发，六座，特惠快车，经济，特快车，出租,花小猪外接版，特惠快车，滴滴快车，特快出租车，滴滴专车，滴滴豪华车，六座专车，365约车，聚优出租，特快车，出租车,特价，快速，舒适出发，六座，特惠快车，经济，特快车，出租,花小猪外接版，特惠快车，滴滴快车，特快出租车，滴滴专车，滴滴豪华车，六座专车，365约车，聚优出租，特快车，出租车
叫辆特快出租车从南京林业大学到鸡鸣寺,特快出租车,特快出租车,特快出租车,特快出租车
叫辆六座专车去新街口,六座,六座专车,六座,六座专车
打车去橘子洲,可以接受拼车,,可以拼车,
打车去洱海,"可以接受拼车, 可以接受顺风车",,拼车，顺风车,特价拼车，极速拼车
打辆特惠快车去武汉大学,特惠快车,特惠快车,特惠快车,特惠快车
打车去万达广场,拼车，特价拼车,特价拼车，极速拼车，滴滴专车，六座专车,专车，拼车,六座专车，特价拼车，极速拼车
五个人叫辆六座专车去中山陵,六座,六座专车,六座,六座专车
打车去鼓楼医院,特价，快速，舒适出发，六座，特惠快车，经济，特快车，出租,花小猪外接版，特惠快车，滴滴快车，特快出租车，滴滴专车，滴滴豪华车，六座专车，365约车，聚优出租，特快车，出租车,特价，快速，舒适出发，六座，特惠快车，经济，特快车，出租,花小猪外接版，特惠快车，滴滴快车，特快出租车，滴滴专车，滴滴豪华车，六座专车，365约车，聚优出租，特快车，出租车
给我叫辆出租车,出租,特快出租车，聚优出租，出租车,出租,特快出租车，聚优出租，出租车
从天津之眼打车到滨海国际机场,商务车,,商务车型,
在青岛五四广场打车去崂山景区,特价，特惠快车，经济，特价拼车,特价拼车，特惠快车,特价，特惠快车，特价拼车,特价拼车，特惠快车
郑州东站到国际会展中心打车,七座MPV,,七座MPV,
合肥政务区打车到新桥机场,豪华轿车,滴滴豪华车,豪华轿车,滴滴豪华车
宁波老外滩到舟山跨海大桥,SUV,,SUV,
福州三坊七巷到长乐机场,专车,,专车,滴滴专车，六座专车
打车去滇池,拼车，特价，快速，舒适出发，六座，特惠快车，经济，特快车，出租，特价拼车,特价拼车，极速拼车，花小猪外接版，特惠快车，滴滴快车，特快出租车，滴滴专车，六座专车，365约车，聚优出租，特快车，出租车,"经济,特价,快速,舒适出发,六座,拼车,特惠快车,特快车,出租","特价拼车,特惠快车,滴滴快车,特快出租车,极速拼车,特快车,花小猪外接版,365约车,聚优出租,出租车"
打车去滕王阁,拼车，特价拼车,特价拼车，极速拼车,拼车，特价拼车,特价拼车，极速拼车
沈阳故宫到桃仙机场,双语服务车型,,双语服务车型,
石家庄正定古城打车去正定机场,无障碍车型,,无障碍车型,
打车到哈尔滨中央大街,拼车，特价，舒适出发，六座，经济，出租，特价拼车,特价拼车，极速拼车，花小猪外接版，滴滴专车，滴滴豪华车，六座专车，365约车，聚优出租，出租车，特价拼车,特价，舒适出发，六座，拼车，特惠快车，特快车，经济，特价拼车,花小猪外接版，特惠快车，特快出租车，极速拼车，365约车，聚优出租，特快车，特价拼车，滴滴豪华车，六座专车，出租车
海口骑楼老街到美兰机场,货车,,货车,
打车到乌鲁木齐国际大巴扎,舒适出发,,舒适出发,
拼车去玄武湖,拼车，特价拼车,特价拼车，极速拼车,拼车，特价拼车,特价拼车，极速拼车
要一辆中高端的七座MPV去雨花客厅,七座MPV,,七座MPV,
拼车去玄武湖,拼车，特价拼车,特价拼车，极速拼车,拼车，特价拼车,特价拼车，极速拼车
打一辆快车去公司,快速，特惠快车，特快车,特惠快车，滴滴快车，特快出租车，特快车,快速,特惠快车，特快出租车，滴滴快车，特快车
需要一辆快车,快速，特惠快车，特快车,特惠快车，滴滴快车，特快出租车，特快车,快速,特惠快车，滴滴快车，特快出租车，特快车
拼车去金牛湖,拼车，特价拼车,特价拼车，极速拼车,拼车，特价拼车,特价拼车，极速拼车
打一辆车租车去百家湖小学,出租,特快出租车，聚优出租，出租车,出租,特快出租车，聚优出租，出租车
从南京紫金山到南京牛首山,商务型专车,,商务型专车,
打车去南京河海大学,豪华轿车,滴滴豪华车,豪华轿车,滴滴豪华车
打车去公司,,,,
打一辆豪华专车回家,豪华专车,,豪华专车,
打车去六角广场,特价，快速，舒适出发，六座，特惠快车，经济，特快车，出租,花小猪外接版，特惠快车，滴滴快车，特快出租车，滴滴专车，滴滴豪华车，六座专车，365约车，聚优出租，特快车，出租车,特价，快速，舒适出发，六座，特惠快车，经济，特快车，出租,花小猪外接版，特惠快车，滴滴快车，特快出租车，滴滴专车，滴滴豪华车，六座专车，365约车，聚优出租，特快车，出租车
打的到玄武湖景区,舒适出发,,舒适出发,
叫辆车去玄武湖公园,特价，快速，舒适出发，六座，特惠快车，经济，特快车，出租,花小猪外接版，特惠快车，滴滴快车，特快出租车，滴滴专车，滴滴豪华车，六座专车，365约车，聚优出租，特快车，出租车,特价，快速，舒适出发，六座，特惠快车，经济，特快车，出租,特惠快车，滴滴快车，特快出租车，滴滴专车，滴滴豪华车，六座专车，花小猪外接版，365约车，聚优出租，特快车，出租车
从贾西地铁站打车去雨花客厅,六座,六座专车,六座,六座专车
拼个晚上8点到达南京站的车,拼车，特价拼车,特价拼车，极速拼车,拼车，特价拼车,特价拼车，极速拼车
预约22点从家到公司的特价车,特价，特惠快车，经济，特价拼车,特价拼车，特惠快车,特价，特惠快车，特价拼车,特价拼车，特惠快车
4个人去南京市政府,专车,滴滴专车，六座专车,专车,滴滴专车，六座专车
从这拼车去南京南站贵吗？,拼车，特价拼车,特价拼车，极速拼车,拼车，特价拼车,特价拼车，极速拼车
叫辆顺风车,顺风车,,顺风车,
查找去南京河西CBD的顺风车,顺风车,,顺风车,
叫一辆去南京大学仙林校区的出租车,出租,特快出租车，聚优出租，出租车,出租,特快出租车，聚优出租，出租车
打车去南京博物院,拼车，快速，舒适出发，六座，特快车，出租,极速拼车，花小猪外接版，滴滴快车，特快出租车，滴滴专车，滴滴豪华车，六座专车，365约车，聚优出租，特快车，出租车,经济，快速，舒适出发，六座，特快车，出租，拼车,花小猪外接版，滴滴快车，特快出租车，滴滴专车，滴滴豪华车，六座专车，365约车，特快车，聚优出租，极速拼车，出租车
有没有去紫金山天文台的7座商务车？,7座商务车,,商务车,
两人去南京新街口,经济，特价，特惠快车，特价拼车,特价拼车，特惠快车,经济型车,
我要去南京夫子庙,出租,特快出租车，聚优出租，出租车,出租,特快出租车，聚优出租，出租车
打车去南京雨花台,特价，快速，舒适出发，六座，特惠快车，经济，特快车，出租,花小猪外接版，特惠快车，滴滴快车，特快出租车，滴滴专车，滴滴豪华车，六座专车，365约车，聚优出租，特快车，出租车,特价，快速，舒适出发，六座，特惠快车，经济，特快车，出租,花小猪外接版，特惠快车，滴滴快车，特快出租车，滴滴专车，滴滴豪华车，六座专车，365约车，聚优出租，特快车，出租车
打的到南京总统府,舒适出发,,舒适出发,
叫辆车去南京明孝陵,特价，快速，舒适出发，六座，特惠快车，经济，特快车，出租,花小猪外接版，特惠快车，滴滴快车，特快出租车，滴滴专车，滴滴豪华车，六座专车，365约车，聚优出租，特快车，出租车,特价，快速，舒适出发，六座，特惠快车，经济，特快车，出租,花小猪外接版，特惠快车，滴滴快车，特快出租车，滴滴专车，滴滴豪华车，六座专车，365约车，聚优出租，特快车，出租车
从南京站打车去南京博物院,六座,六座专车,六座,六座专车
打辆去南京禄口机场的特价车,特价，特惠快车，经济，特价拼车,特价拼车，特惠快车,特价，特惠快车，特价拼车,特价拼车，特惠快车
打车去南京金鹰广场,特价，快速，舒适出发，六座，特惠快车，经济，特快车，出租,花小猪外接版，特惠快车，滴滴快车，特快出租车，滴滴专车，滴滴豪华车，六座专车，365约车，聚优出租，特快车，出租车,特价，快速，舒适出发，六座，特惠快车，经济，特快车，出租,花小猪外接版，特惠快车，滴滴快车，特快出租车，滴滴专车，滴滴豪华车，六座专车，365约车，聚优出租，特快车，出租车
叫辆特快出租车从南京工业大学到南京师范大学,特快出租车,特快出租车,特快出租车,特快出租车
叫辆七座专车去南京河西万达广场,七座专车,,七座专车,
打车去南京栖霞山,可以接受拼车,,拼车，特价拼车,特价拼车，极速拼车
打车去南京高淳老街,"可以接受拼车, 可以接受顺风车",,拼车，顺风车,
打辆特惠快车去南京林业大学,特惠快车,特惠快车,特惠快车,特惠快车
打车去南京鼓楼医院,拼车，特价拼车,特价拼车，极速拼车，滴滴专车，六座专车,专车，拼车,六座专车，特价拼车，极速拼车
六个人叫辆七座专车去南京夫子庙,七座专车,,七座专车,
打车去南京中山陵,特价，快速，舒适出发，六座，特惠快车，经济，特快车，出租,花小猪外接版，特惠快车，滴滴快车，特快出租车，滴滴专车，滴滴豪华车，六座专车，365约车，聚优出租，特快车，出租车,特价，快速，舒适出发，六座，特惠快车，经济，特快车，出租,花小猪外接版，特惠快车，滴滴快车，特快出租车，滴滴专车，滴滴豪华车，六座专车，365约车，聚优出租，特快车，出租车
给我叫辆出租车,出租,特快出租车，聚优出租，出租车,出租,特快出租车，聚优出租，出租车
从南京奥体中心打车到南京禄口机场,商务车型,,商务车型,
在南京新街口打车去南京博物院,特价，特惠快车，经济，特价拼车,特价拼车，特惠快车,特价，特惠快车，特价拼车,特价拼车，特惠快车
南京站到南京国际展览中心打车,七座MPV,,七座MPV,
南京夫子庙打车到南京禄口机场,豪华轿车,滴滴豪华车,豪华轿车,滴滴豪华车
南京河西万达广场到南京长江大桥,SUV,,SUV,
南京三坊七巷到南京禄口机场,专车,,专车,滴滴专车，六座专车
打车去南京秦淮河,拼车，特价，快速，舒适出发，六座，特惠快车，经济，特快车，出租，特价拼车,特价拼车，极速拼车，花小猪外接版，特惠快车，滴滴快车，特快出租车，滴滴专车，六座专车，365约车，聚优出租，特快车，出租车,不要豪华车,
打车去南京夫子庙,拼车，特价拼车,特价拼车，极速拼车,拼车，特价拼车,特价拼车，极速拼车
南京总统府到南京禄口机场,双语服务车型,,双语服务车型,
拼个晚上9点到达南京南站的车,拼车，特价拼车,特价拼车，极速拼车,拼车，特价拼车,特价拼车，极速拼车
预约22,特价，特惠快车，经济，特价拼车,特价拼车，特惠快车,特价，特惠快车，特价拼车,特价拼车，特惠快车
5个人去雨花台区政府,专车,滴滴专车，六座专车,专车,滴滴专车，六座专车
从这拼车去南京站贵吗？,拼车，特价拼车,特价拼车，极速拼车,拼车，特价拼车,特价拼车，极速拼车
叫辆顺风车,顺风车,,顺风车,
查找去南京软件谷的顺风车,顺风车,,顺风车,
叫一辆去东南大学四牌楼校区的出租车,出租,特快出租车，聚优出租，出租车,出租,特快出租车，聚优出租，出租车
打车去江宁织造府,拼车，快速，舒适出发，六座，特快车，出租,极速拼车，花小猪外接版，滴滴快车，特快出租车，滴滴专车，滴滴豪华车，六座专车，365约车，聚优出租，特快车，出租车,经济，快速，舒适出发，六座，特快车，出租，拼车,花小猪外接版，滴滴快车，特快出租车，滴滴专车，滴滴豪华车，六座专车，365约车，聚优出租，特快车，极速拼车，出租车
有没有去羊山公园的8座商务车？,商务车,,商务车,
两人去雨花吾悦广场,经济，特价，特惠快车，特价拼车,特价拼车，特惠快车,经济型车,特惠快车
我要去砂之船奥莱,出租,特快出租车，聚优出租，出租车,出租,特快出租车，聚优出租，出租车
叫个车去公司,,,,
打最便宜的车去明基医院,,,拼车，特价拼车,特价拼车，极速拼车
叫一辆20以内的专车,专车,滴滴专车、六座专车,专车,六座专车
拼个车去新街口,拼车、特价拼车,特价拼车、极速拼车,拼车，特价拼车,特价拼车，极速拼车
去油坊桥地铁站最便宜的专车多少钱,专车,滴滴专车、六座专车,专车,六座专车
给我找一辆3分钟内可以上车的专车,专车,专车,专车,六座专车
去南京理工大,特价、快速、舒适出发、六座、特惠快车、经济、特快车、出租,花小猪外接版、特惠快车、滴滴快车、特快出租车、滴滴专车、滴滴豪华车、六座专车、特惠快车、365约车、聚优出租、特快车、出租车,特价，快速，舒适出发，特惠快车，六座，出租，特快车，经济,花小猪外接版，特惠快车，滴滴快车，特快出租车，滴滴专车，滴滴豪华车，六座专车，365约车，聚优出租，特快车
10分钟内能不能来一辆专车送我去火车站,专车,滴滴专车、六座专车,专车,六座专车
打车去清凉山,出租,特快出租车、聚优出租、出租车,出租,"特快出租车,聚优出租,出租车"
去金城花园,,,,
以最低价格打车去中胜地铁站,拼车、特价、快速、舒适出发、特惠快车、经济、特快车、出租、特价拼车,特价拼车、极速拼车、花小猪外接版、特惠快车、滴滴快车、特快出租车、特惠快车、365约车、聚优出租、特快车、出租车,,
10分钟内来一辆六坐商务车去机场,六坐商务车,,六坐商务车,
20以内打车去新城科技园,,,,
打车去东南大学,出租,特快出租车、聚优出租、出租车,出租,特快出租车，聚优出租，出租车
从武汉大学打车去高铁站,特价、快速、舒适出发、六座、特惠快车、经济、特快车、出租,花小猪外接版、特惠快车、滴滴快车、特快出租车、滴滴专车、滴滴豪华车、六座专车、特惠快车、365约车、聚优出租、特快车、出租车,特价、快速、舒适出发、六座、特惠快车、经济、特快车、出租,花小猪外接版、特惠快车、滴滴快车、特快出租车、滴滴专车、滴滴豪华车、六座专车、365约车、聚优出租、特快车、出租车
叫辆六座专车去黄兴广场,六座,六座专车,六座,六座专车
打车去总统府,拼车、特价、快速、舒适出发、六座、特惠快车、经济、特快车、出租、特价拼车,特价拼车、极速拼车、花小猪外接版、特惠快车、滴滴快车、特快出租车、滴滴专车、滴滴豪华车、六座专车、特惠快车、365约车、聚优出租、特快车、出租车,拼车，特价拼车,特价拼车，极速拼车
打车去江苏省口腔医院,拼车、特价、快速、舒适出发、六座、特惠快车、经济、特快车、出租、特价拼车,特价拼车、极速拼车、花小猪外接版、特惠快车、滴滴快车、特快出租车、滴滴专车、滴滴豪华车、六座专车、特惠快车、365约车、聚优出租、特快车、出租车,可以拼车,
从南京南站打车去机场,特价、快速、舒适出发、六座、特惠快车、经济、特快车、出租,花小猪外接版、特惠快车、滴滴快车、特快出租车、滴滴专车、滴滴豪华车、六座专车、特惠快车、365约车、聚优出租、特快车、出租车,特价，快速，舒适出发，特惠快车，六座，经济，特快车，出租,花小猪外接版，特惠快车，滴滴快车，特快出租车，滴滴专车，滴滴豪华车，六座专车，365约车，聚优出租，特快车，出租车
打车去河西龙湖天街,出租,特快出租车、聚优出租、出租车,出租,"特快出租车,聚优出租,出租车"
打车去碧海蓝天,拼车、特价、快速、舒适出发、六座、特惠快车、经济、特快车、出租、特价拼车,特价拼车、极速拼车、花小猪外接版、特惠快车、滴滴快车、特快出租车、滴滴专车、滴滴豪华车、六座专车、特惠快车、365约车、聚优出租、特快车、出租车,拼车，特价拼车,特价拼车，极速拼车
从翠林水城打车去高铁站,特快出租车,特快出租车,特快出租车,特快出租车
打车去吾悦广场,可以接受带宠物的车,,,
打车去西湖,特快出租车,特快出租车,特快出租车,特快出租车
两个人打车去万象天地,,,带宠物,
打车去新街口,商务车,,商务车,
从成都宽窄巷子打车到熊猫基地,拼车,特价拼车，极速拼车,拼车，特价拼车,特价拼车，极速拼车
在长沙五一广场打车去岳麓山南门,快速，特惠快车，特快车,特惠快车，滴滴快车，特快出租车，特快车,快速，特惠快车，特快车,特惠快车，滴滴快车，特快出租车，特快车
厦门中山路打车到曾厝垵民宿,舒适出发,六座专车，滴滴专车,舒适出发,
打车到李子坝轻轨站,七座车,,七座车,
西安回民街打车去大唐不夜城,新能源车,,新能源车,
苏州平江路到金鸡湖景区,带儿童座椅,,带儿童座椅车型,
武汉江汉路步行街打车到东湖绿道,特价，特惠快车，经济，特价拼车,特价拼车，特惠快车,经济型,
青岛八大关打车到啤酒博物馆,商务车,,商务车,
杭州河坊街到西溪湿地北门,SUV,,SUV,
沈阳中街打车到棋盘山景区,舒适出发,,舒适出发,
南京夫子庙到玄武湖公园,无障碍车型,,无障碍车型,
天津意式风情街到古文化街,专车,双语服务专车,专车,六座专车
宁波老外滩到天一阁博物馆,带WiFi,,带WiFi车型,
打车去安德门地铁站,,,,
能否帮我叫一辆舒适型SUV去公司,舒适型SUV,,舒适出发,
我想要预约一辆经济型轿车去公司,"经济型轿车, 出租车",聚优出租,经济型轿车，出租车,
需要一辆中高端的七座MPV,七座MPV,,七座MPV,
我需要一辆豪华SUV去参加一个活动,,,豪华SUV,
我现在需要从市中心打车到机场,舒适出发,,舒适出发,
我们有5个人打车去天龙寺地铁站,,,,
我需要一辆豪华型轿车,豪华型轿车,滴滴豪华车,豪华型轿车,滴滴豪华车
我要从南京南京南站打车去南京南京站,七座车,,七座车,
打车去南京南站,,,,
我在南京新街口,出租,出租车，特快出租,出租,特快出租车，聚优出租，出租车
叫个车去公司,,,,
打最便宜的车去明基医院,特价、快速、舒适出发、六座、特惠快车、经济、特快车、出租,花小猪外接版、特惠快车、滴滴快车、特快出租车、滴滴专车、滴滴豪华车、六座专车、特惠快车、365约车、聚优出租、特快车、出租车,特价，快速，舒适出发，特惠快车，出租，经济，特快车，六座,花小猪外接版，特惠快车，滴滴快车，特快出租车，出租车，滴滴专车，滴滴豪华车，六座专车，特快车
叫一辆25以内的专车,专车,六座专车,专车,六座专车
拼个车去新街口,"拼车,特价拼车","特价拼车,极速拼车",拼车，特价拼车,特价拼车，极速拼车
去油坊桥地铁站最便宜的专车多少钱？,专车,六座专车,专车,六座专车
给我找一辆4分钟内可以上车的专车,专车,六座专车,专车,六座专车
去南京理工大,特价、快速、舒适出发、六座、特惠快车、经济、特快车、出租,花小猪外接版、特惠快车、滴滴快车、特快出租车、滴滴专车、滴滴豪华车、六座专车、特惠快车、365约车、聚优出租、特快车、出租车,特价，快速，舒适出发，特惠快车，出租，经济，特快车，六座,特价拼车，特惠快车，花小猪外接版，滴滴快车，特快出租车，出租车，滴滴专车，滴滴豪华车，六座专车，特快车
15分钟内能不能来一辆专车送我去火车站？,专车,六座专车,专车,滴滴专车，六座专车
打车去清凉山,出租,"特快出租车,聚优出租,出租车",出租,特快出租车，聚优出租，出租车
去金城花园,,,,
以最低价格打车去中胜地铁站,不要商务车,,,
12分钟内来一辆六坐商务车去机场,六坐商务车,,六坐商务车,
18以内打车去新城科技园,,,,
打车去东南大学,出租,"特快出租车,聚优出租,出租车",出租,特快出租车，聚优出租，出租车
从武汉大学打车去高铁站,特价、快速、舒适出发、六座、特惠快车、经济、特快车、出租,花小猪外接版、特惠快车、滴滴快车、特快出租车、滴滴专车、滴滴豪华车、六座专车、特惠快车、365约车、聚优出租、特快车、出租车,特价，快速，舒适出发，六座，特惠快车，经济，特快车，出租,花小猪外接版，特惠快车，滴滴快车，特快出租车，滴滴专车，滴滴豪华车，六座专车，365约车，聚优出租，特快车，出租车
叫辆六座专车去黄兴广场,六座专车,六座专车,六座,六座专车
打车去总统府,可以接受拼车,,拼车，特价拼车,特价拼车，极速拼车
打车去江苏省口腔医院,可以接受拼车,,可以拼车,
从南京南站打车去机场,特价、快速、舒适出发、六座、特惠快车、经济、特快车、出租,花小猪外接版、特惠快车、滴滴快车、特快出租车、滴滴专车、滴滴豪华车、六座专车、特惠快车、365约车、聚优出租、特快车、出租车,特价，快速，舒适出发，特惠快车，六座，经济，特快车，出租,花小猪外接版，特惠快车，滴滴快车，特快出租车，滴滴专车，滴滴豪华车，六座专车，365约车，特快车，聚优出租
打车去河西龙湖天街,出租,"特快出租车,聚优出租,出租车",出租,特快出租车，聚优出租，出租车
打车去碧海蓝天,可以接受拼车,,拼车，特价拼车,特价拼车，极速拼车
从翠林水城打车去高铁站,特快出租车,特快出租车,特快出租车,特快出租车
打车去吾悦广场,可以接受带宠物的车,,,
打车去西湖,特快出租车,特快出租车,特快出租车,特快出租车
两个人打车去万象天地,,,能带宠物的车,
打车去新街口,商务车,,商务车,
从成都宽窄巷子打车到熊猫基地,拼车，特价拼车,特价拼车，极速拼车,拼车，特价拼车,特价拼车，极速拼车
在长沙五一广场打车去岳麓山南门,快速，特惠快车，特快车,特快出租车，特惠快车，特快车,快速,特惠快车，滴滴快车，特快出租车，特快车
厦门中山路打车到曾厝垵民宿,舒适出发,,舒适出发,六座专车，滴滴专车
打车到李子坝轻轨站,七座车,,七座车,
西安回民街打车去大唐不夜城,新能源车,,新能源车,
苏州平江路到金鸡湖景区,带儿童座椅,,带儿童座椅车型,
武汉江汉路步行街打车到东湖绿道,特价，特惠快车，经济，特价拼车,特惠快车，特价拼车,特价，经济,特价拼车，特惠快车
青岛八大关打车到啤酒博物馆,商务车,,商务车,
杭州河坊街到西溪湿地北门,SUV,,SUV,
沈阳中街打车到棋盘山景区,舒适出发,,舒适出发,
南京夫子庙到玄武湖公园,无障碍车型,,无障碍车型,
叫个车去公司,,,,
打最便宜的车去明基医院,拼车，特价拼车,特价拼车，极速拼车,拼车，特价拼车,特价拼车，极速拼车
叫一辆30以内的专车,专车,六座专车,专车,六座专车
拼个车去新街口,拼车，特价拼车,特价拼车，极速拼车,拼车，特价拼车,特价拼车，极速拼车
去油坊桥地铁站最便宜的专车多少钱？,专车,六座专车,专车,六座专车
给我找一辆5分钟内可以上车的专车,专车,六座专车,专车,六座专车
去南京理工大,特价、快速、舒适出发、六座、特惠快车、经济、特快车、出租,花小猪外接版、特惠快车、滴滴快车、特快出租车、滴滴专车、滴滴豪华车、六座专车、特惠快车、365约车、聚优出租、特快车、出租车,特价，快速，舒适出发，六座，特惠快车，经济，特快车，出租,特价拼车，花小猪外接版，特惠快车，滴滴快车，特快出租车，滴滴专车，滴滴豪华车，六座专车，聚优出租，特快车，出租车
20分钟内能不能来一辆专车送我去火车站？,专车,六座专车,专车,六座专车
打车去清凉山,出租,特快出租车，聚优出租，出租车,出租,特快出租车，聚优出租，出租车
去金城花园,,,,
以最低价格打车去中胜地铁站,拼车，特价，快速，舒适出发，六座，特惠快车，经济，特快车，出租，特价拼车,特价拼车，极速拼车，花小猪外接版，特惠快车，滴滴快车，特快出租车，滴滴专车，滴滴豪华车，六座专车，365约车，聚优出租，特快车，出租车,,
15分钟内来一辆六坐商务车去机场,六坐商务车,,六座商务车,
16以内打车去新城科技园,,,,
