query,车辆候选列表,全匹配,answer,app,正确答案,category,category正确答案,mode,mode正确答案,price,price_min,price_max,问题,备注,标注人,,,,,
用高德，打个车去北京南站，用斑马快跑经济型，价格不超过100元。  ,"|序号id|应用名称|车型大类|车辆类型|价格|
|---|---|---|---|---|
|0|高德地图|     |极速拼车|50-53|
|1|高德地图|     |特惠快车|53-54|
|2|高德地图|经济型|中交出行|59|
|3|高德地图|经济型|J刻出行|60|
|4|高德地图|经济型|国泰出租|60|
|5|高德地图|经济型|T3出行|60|
|6|高德地图|经济型|5U出行|61|
|7|高德地图|经济型|易至出行|61|
|8|高德地图|经济型|旅程出租|61|
|9|高德地图|经济型|享道出行|61|
|10|高德地图|经济型|旗妙出行|61|
|11|高德地图|经济型|飞嘀打车|61|
|12|高德地图|经济型|聚的出租车|62|
|13|高德地图|经济型|东潮出行|62|
|14|高德地图|经济型|神州专车|62|
|15|高德地图|经济型|有序出行|62|
|16|高德地图|经济型|全民GO|63|
|17|高德地图|经济型|深圳出租|63|
|18|高德地图|经济型|首汽约车|63|
|19|高德地图|经济型|聚优出租|63|
|20|高德地图|特快车|超值体验 更快上车|68|
|21|高德地图|出租车|鞍马聚的-高档出租车|75|
|22|高德地图|优享型|妥妥E行|80|
|23|高德地图|优享型|全民GO|80|
|24|高德地图|优享型|T3出行|81|
|25|高德地图|优享型|火箭出行|81|
|26|高德地图|优享型|享道出行|81|
|27|高德地图|优享型|及时用车|81|
|28|高德地图|优享型|旗妙出行|82|
|29|高德地图|优享型|飞嘀打车|82|
|30|高德地图|优享型|东潮出行|82|
|31|高德地图|优享型|AA出行|83|
|32|高德地图|优享型|中交出行|83|
|33|高德地图|优享型|优e出行特选|83|
|34|高德地图|优享型|首汽约车|83|
|35|高德地图|轻享专车|静音不打扰 整洁无异味|87|
|36|高德地图|品质专车|静音不打扰 整洁无异味|99|
|37|高德地图|六座商务|宽敞空间 商务体验|109|
|38|高德地图|豪华型|车型高端 服务专业|119|
|39|高德地图|经济|首汽约车|132|
|40|高德地图|拼车|出租车拼车|142|
|41|高德地图|特价出发|更多特价|158|
|42|高德地图|特价出发|惊喜特价|159|
|43|高德地图|快速出发|无|172|
|44|高德地图|惠享专车|T3出行|194|
|45|高德地图|推荐|极速拼车|213|
|46|高德地图|豪华型|undefined|134-137|",,"[{""app"": ""高德"", ""category"": ""无"", ""mode"": ""斑马快跑"", ""price"": True, ""price_min"": 0, ""price_max"": 100, ""fast"": False}]",高德,,无,,斑马快跑,无,TRUE,0,100,,,王笑,,,,,
帮我叫个鞍马聚的-高档出租车去国贸大厦，用高德，价格在150左右。  ,"|序号id|应用名称|车型大类|车辆类型|价格|
|---|---|---|---|---|
|0|高德地图|     |极速拼车|56-58|
|1|高德地图|     |特惠快车|60-63|
|2|高德地图|经济型|腾飞新出租|65|
|3|高德地图|经济型|旅程出租|65|
|4|高德地图|经济型|聚优出行|65|
|5|高德地图|经济型|日初出行|65|
|6|高德地图|经济型|深圳出租|65|
|7|高德地图|经济型|斑马快跑|65|
|8|高德地图|经济型|神州专车|66|
|9|高德地图|经济型|首汽约车|67|
|10|高德地图|经济型|奇华出行|67|
|11|高德地图|经济型|900出行|67|
|12|高德地图|经济型|T3出行|67|
|13|高德地图|经济型|方舟行|68|
|14|高德地图|经济型|365约车|68|
|15|高德地图|经济型|有滴出行|68|
|16|高德地图|经济型|曹操出行|68|
|17|高德地图|经济型|北京新出租|68|
|18|高德地图|经济型|飞嘀打车|68|
|19|高德地图|经济型|如祺出行|69|
|20|高德地图|经济型|聚优出租|69|
|21|高德地图|特快车|超值体验 更快上车|75|
|22|高德地图|出租车|鞍马聚的-高档出租车|82|
|23|高德地图|优享型|妥妥E行|88|
|24|高德地图|优享型|星徽出行|88|
|25|高德地图|优享型|享道出行|89|
|26|高德地图|优享型|及时用车|89|
|27|高德地图|优享型|火箭出行|91|
|28|高德地图|优享型|斑马快跑|91|
|29|高德地图|优享型|飞嘀打车|91|
|30|高德地图|优享型|AA出行|91|
|31|高德地图|优享型|全民GO|92|
|32|高德地图|优享型|首汽约车|92|
|33|高德地图|优享型|添猫出行|92|
|34|高德地图|优享型|环旅出行|92|
|35|高德地图|优享型|阳光出行|92|
|36|高德地图|轻享专车|静音不打扰 整洁无异味|101|
|37|高德地图|品质专车|静音不打扰 整洁无异味|111|
|38|高德地图|六座商务|宽敞空间 商务体验|119|
|39|高德地图|豪华型|车型高端 服务专业|131|
|40|高德地图|经济|首汽约车|147|
|41|高德地图|拼车|出租车拼车|158|
|42|高德地图|拼车|特惠快车|162|
|43|高德地图|特价出发|惊喜特价|178|
|44|高德地图|快速出发|无|192|
|45|高德地图|惠享专车|好车好服务|215|
|46|高德地图|推荐|特惠快车|233|
|47|高德地图|推荐|极速拼车|236|
|48|高德地图|豪华型|undefined|149-154|",,"[{""app"": ""高德"", ""category"": ""高档出租车"", ""mode"": ""鞍马聚"", ""price"": True, ""price_min"": 150, ""price_max"": 150, ""fast"": False}]",高德,,高档出租车,无,鞍马聚,鞍马聚的-高档出租车,TRUE,150,150,,,王笑,,,,,
准备用高德叫个车去望京SOHO，用中交出行优享型，价格不限。  ,"|序号id|应用名称|车型大类|车辆类型|价格|
|---|---|---|---|---|
|0|高德地图|     |极速拼车|48-48|
|1|高德地图|     |特惠快车|54-55|
|2|高德地图|经济型|腾飞出行|57|
|3|高德地图|经济型|国泰出租|57|
|4|高德地图|经济型|叮叮出行|57|
|5|高德地图|经济型|鞍马出行|57|
|6|高德地图|经济型|享道出行|58|
|7|高德地图|经济型|方舟行|58|
|8|高德地图|经济型|聚优出行|58|
|9|高德地图|经济型|旗妙出行|59|
|10|高德地图|经济型|橄榄新出租|59|
|11|高德地图|经济型|鞍马聚的新出租|59|
|12|高德地图|经济型|有序出行|60|
|13|高德地图|经济型|AA出行|60|
|14|高德地图|经济型|聚的出租车|60|
|15|高德地图|经济型|中交出行|60|
|16|高德地图|经济型|聚的新出租|61|
|17|高德地图|经济型|阳光出行|61|
|18|高德地图|特快车|超值体验 更快上车|65|
|19|高德地图|出租车|车多应答快|74|
|20|高德地图|出租车|鞍马聚的-高档出租车|74|
|21|高德地图|优享型|妥妥E行|77|
|22|高德地图|优享型|中交出行|77|
|23|高德地图|优享型|腾飞出行|77|
|24|高德地图|优享型|曹操出行|77|
|25|高德地图|优享型|火箭出行|77|
|26|高德地图|优享型|及时用车|78|
|27|高德地图|优享型|享道出行|78|
|28|高德地图|优享型|旗妙出行|78|
|29|高德地图|优享型|飞嘀打车|79|
|30|高德地图|优享型|神州专车|79|
|31|高德地图|优享型|斑马快跑|79|
|32|高德地图|优享型|AA出行|80|
|33|高德地图|优享型|全民GO|80|
|34|高德地图|优享型|首汽约车|81|
|35|高德地图|轻享专车|静音不打扰 整洁无异味|88|
|36|高德地图|品质专车|静音不打扰 整洁无异味|96|
|37|高德地图|六座商务|宽敞空间 商务体验|107|
|38|高德地图|豪华型|车型高端 服务专业|114|
|39|高德地图|经济|首汽约车|129|
|40|高德地图|拼车|特惠快车|143|
|41|高德地图|特价出发|更多特价|156|
|42|高德地图|特价出发|惊喜特价|157|
|43|高德地图|快速出发|无|170|
|44|高德地图|惠享专车|精选车型 优质司机|185|
|45|高德地图|推荐|推荐专车|204|
|46|高德地图|推荐|特惠快车|206|
|47|高德地图|豪华型|undefined|136-139|",优享型|中交出行,"[{""app"": ""高德"", ""category"": ""无"", ""mode"": ""中交出行优享型"", ""price"": True, ""price_min"": 0, ""price_max"": 100000, ""fast"": False}]",高德,,无,,中交出行优享型,中交出行,TRUE,0,100000,,,王笑,,,,,
打个神州专车经济型去首都机场，用高德，价格不超过200元。  ,"|序号id|应用名称|车型大类|车辆类型|价格|
|---|---|---|---|---|
|0|高德地图|     |极速拼车|57-57|
|1|高德地图|     |特惠快车|62-64|
|2|高德地图|经济型|南京出租|67|
|3|高德地图|经济型|旅程出租|67|
|4|高德地图|经济型|聚的出租车|67|
|5|高德地图|经济型|中交出行|67|
|6|高德地图|经济型|全民GO|67|
|7|高德地图|经济型|添猫出行|67|
|8|高德地图|经济型|深圳出租|67|
|9|高德地图|经济型|环旅出行|68|
|10|高德地图|经济型|K9用车|68|
|11|高德地图|经济型|旗妙出行|68|
|12|高德地图|经济型|斑马快跑|68|
|13|高德地图|经济型|东潮出行|68|
|14|高德地图|经济型|神州专车|69|
|15|高德地图|经济型|AA出行|69|
|16|高德地图|经济型|首汽约车|69|
|17|高德地图|经济型|星徽出行|69|
|18|高德地图|经济型|900出行|69|
|19|高德地图|经济型|T3出行|70|
|20|高德地图|经济型|方舟行|70|
|21|高德地图|经济型|橄榄新出租|70|
|22|高德地图|经济型|北京的士|70|
|23|高德地图|经济型|迪尔出行|71|
|24|高德地图|经济型|5U出行|71|
|25|高德地图|经济型|飞嘀打车|71|
|26|高德地图|经济型|阳光出行|71|
|27|高德地图|特快车|超值体验 更快上车|74|
|28|高德地图|出租车|车多应答快|85|
|29|高德地图|优享型|星徽出行|91|
|30|高德地图|优享型|风韵出行|91|
|31|高德地图|优享型|享道出行|91|
|32|高德地图|优享型|及时用车|92|
|33|高德地图|优享型|神州专车|93|
|34|高德地图|优享型|全民GO|93|
|35|高德地图|优享型|添猫出行|93|
|36|高德地图|优享型|环旅出行|94|
|37|高德地图|优享型|阳光出行|94|
|38|高德地图|轻享专车|静音不打扰 整洁无异味|101|
|39|高德地图|品质专车|静音不打扰 整洁无异味|112|
|40|高德地图|六座商务|宽敞空间 商务体验|124|
|41|高德地图|豪华型|车型高端 服务专业|134|
|42|高德地图|经济|首汽约车|146|
|43|高德地图|拼车|出租车拼车|161|
|44|高德地图|拼车|特惠快车|165|
|45|高德地图|特价出发|惊喜特价|180|
|46|高德地图|快速出发|无|198|
|47|高德地图|惠享专车|T3出行|218|
|48|高德地图|推荐|推荐专车|240|
|49|高德地图|豪华型|undefined|150-154|",经济型|神州专车,"[{""app"": ""高德"", ""category"": ""无"", ""mode"": ""神州专车经济型"", ""price"": True, ""price_min"": 0, ""price_max"": 200, ""fast"": False}]",高德,,无,,神州专车经济型,神州专车,TRUE,0,200,,,王笑,,,,,
帮我叫个车多应答快出租车去金融街，价格在50到80之间。  ,"|序号id|应用名称|车型大类|车辆类型|价格|
|---|---|---|---|---|
|0|高德地图|     |极速拼车|59-62|
|1|高德地图|     |特惠快车|65-66|
|2|高德地图|经济型|南京出租|71|
|3|高德地图|经济型|聚的出租车|72|
|4|高德地图|经济型|日初出行|72|
|5|高德地图|经济型|渔阳出行|72|
|6|高德地图|经济型|添猫出行|73|
|7|高德地图|经济型|J刻出行|73|
|8|高德地图|经济型|叮叮出行|73|
|9|高德地图|经济型|有序出行|73|
|10|高德地图|经济型|神州专车|74|
|11|高德地图|经济型|AA出行|74|
|12|高德地图|经济型|斑马快跑|74|
|13|高德地图|经济型|星徽出行|74|
|14|高德地图|经济型|奇华出行|74|
|15|高德地图|经济型|T3出行|74|
|16|高德地图|经济型|国泰出租|74|
|17|高德地图|经济型|曹操出行|75|
|18|高德地图|经济型|北京新出租|75|
|19|高德地图|经济型|飞嘀打车|75|
|20|高德地图|经济型|如祺出行|75|
|21|高德地图|特快车|超值体验 更快上车|78|
|22|高德地图|出租车|车多应答快|89|
|23|高德地图|优享型|妥妥E行|95|
|24|高德地图|优享型|腾飞出行|95|
|25|高德地图|优享型|风韵出行|96|
|26|高德地图|优享型|享道出行|96|
|27|高德地图|优享型|及时用车|96|
|28|高德地图|优享型|斑马快跑|97|
|29|高德地图|优享型|神州专车|97|
|30|高德地图|优享型|东潮出行|98|
|31|高德地图|优享型|全民GO|98|
|32|高德地图|优享型|首汽约车|98|
|33|高德地图|优享型|添猫出行|98|
|34|高德地图|优享型|阳光出行|99|
|35|高德地图|轻享专车|静音不打扰 整洁无异味|108|
|36|高德地图|品质专车|静音不打扰 整洁无异味|116|
|37|高德地图|六座商务|宽敞空间 商务体验|130|
|38|高德地图|豪华型|车型高端 服务专业|140|
|39|高德地图|经济|首汽约车|156|
|40|高德地图|拼车|特惠快车|171|
|41|高德地图|特价出发|更多特价|189|
|42|高德地图|特价出发|惊喜特价|190|
|43|高德地图|快速出发|无|210|
|44|高德地图|惠享专车|曹操出行|227|
|45|高德地图|推荐|特惠快车|251|
|46|高德地图|豪华型|undefined|162-167|",,"[{""app"": ""无"", ""category"": ""出租车"", ""mode"": ""无"", ""price"": True, ""price_min"": 50, ""price_max"": 80, ""fast"": False}]",无,,出租车,,无,车多应答快,TRUE,50,80,,,王笑,,,,,
用高德，准备去颐和园用如祺出行经济型，价格在60左右。  ,"|序号id|应用名称|车型大类|车辆类型|价格|
|---|---|---|---|---|
|0|高德地图|     |极速拼车|56-58|
|1|高德地图|     |特惠快车|61-63|
|2|高德地图|经济型|腾飞新出租|67|
|3|高德地图|经济型|风韵出行|67|
|4|高德地图|经济型|享道出行|67|
|5|高德地图|经济型|及时用车|67|
|6|高德地图|经济型|橄榄新出租|68|
|7|高德地图|经济型|飞嘀打车|69|
|8|高德地图|经济型|神州专车|69|
|9|高德地图|经济型|AA出行|69|
|10|高德地图|经济型|东潮出行|69|
|11|高德地图|经济型|鞍马聚的新出租|69|
|12|高德地图|经济型|聚的出租车|70|
|13|高德地图|经济型|聚的新出租|71|
|14|高德地图|经济型|星徽出行|71|
|15|高德地图|经济型|中军出行|71|
|16|高德地图|特快车|超值体验 更快上车|78|
|17|高德地图|出租车|车多应答快|85|
|18|高德地图|优享型|风韵出行|90|
|19|高德地图|优享型|环旅出行|90|
|20|高德地图|优享型|曹操出行|90|
|21|高德地图|优享型|享道出行|91|
|22|高德地图|优享型|及时用车|92|
|23|高德地图|优享型|火箭出行|92|
|24|高德地图|优享型|旗妙出行|92|
|25|高德地图|优享型|神州专车|92|
|26|高德地图|优享型|AA出行|92|
|27|高德地图|优享型|中交出行|94|
|28|高德地图|优享型|优e出行特选|94|
|29|高德地图|优享型|星徽出行|94|
|30|高德地图|优享型|阳光出行|94|
|31|高德地图|轻享专车|静音不打扰 整洁无异味|102|
|32|高德地图|品质专车|静音不打扰 整洁无异味|110|
|33|高德地图|六座商务|宽敞空间 商务体验|121|
|34|高德地图|豪华型|车型高端 服务专业|136|
|35|高德地图|经济|首汽约车|147|
|36|高德地图|拼车|出租车拼车|162|
|37|高德地图|特价出发|更多特价|177|
|38|高德地图|特价出发|惊喜特价|179|
|39|高德地图|快速出发|无|197|
|40|高德地图|惠享专车|及时用车|219|
|41|高德地图|惠享专车|曹操出行|219|
|42|高德地图|推荐|特惠快车|240|
|43|高德地图|豪华型|undefined|153-157|",,"[{""app"": ""高德"", ""category"": ""经济型"", ""mode"": ""如祺出行"", ""price"": True, ""price_min"": 60, ""price_max"": 60, ""fast"": False}]",高德,,经济型,无,如祺出行,无,TRUE,60,60,,,王笑,,,,,
叫个T3出行优享型去五棵松体育馆，价格不超过120元。  ,"|序号id|应用名称|车型大类|车辆类型|价格|
|---|---|---|---|---|
|0|高德地图|     |极速拼车|55-56|
|1|高德地图|     |特惠快车|60-61|
|2|高德地图|经济型|易至出行|65|
|3|高德地图|经济型|鞍马出行|65|
|4|高德地图|经济型|聚的出租车|65|
|5|高德地图|经济型|日初出行|66|
|6|高德地图|经济型|全民GO|66|
|7|高德地图|经济型|渔阳出行|66|
|8|高德地图|经济型|添猫出行|67|
|9|高德地图|经济型|环旅出行|67|
|10|高德地图|经济型|妥妥E行|67|
|11|高德地图|经济型|K9用车|68|
|12|高德地图|经济型|神州专车|68|
|13|高德地图|经济型|AA出行|68|
|14|高德地图|经济型|首汽约车|68|
|15|高德地图|经济型|星徽出行|68|
|16|高德地图|经济型|北京的士|69|
|17|高德地图|经济型|365约车|69|
|18|高德地图|经济型|腾飞出行|69|
|19|高德地图|经济型|5U出行|69|
|20|高德地图|经济型|曹操出行|69|
|21|高德地图|特快车|超值体验 更快上车|76|
|22|高德地图|出租车|车多应答快|80|
|23|高德地图|出租车|鞍马聚的-高档出租车|84|
|24|高德地图|优享型|妥妥E行|88|
|25|高德地图|优享型|风韵出行|88|
|26|高德地图|优享型|T3出行|88|
|27|高德地图|优享型|享道出行|88|
|28|高德地图|优享型|斑马快跑|88|
|29|高德地图|优享型|东潮出行|88|
|30|高德地图|优享型|AA出行|88|
|31|高德地图|优享型|飞嘀打车|89|
|32|高德地图|优享型|神州专车|89|
|33|高德地图|优享型|中交出行|90|
|34|高德地图|优享型|优e出行特选|91|
|35|高德地图|优享型|首汽约车|91|
|36|高德地图|优享型|环旅出行|91|
|37|高德地图|优享型|阳光出行|92|
|38|高德地图|轻享专车|静音不打扰 整洁无异味|100|
|39|高德地图|品质专车|静音不打扰 整洁无异味|108|
|40|高德地图|六座商务|宽敞空间 商务体验|121|
|41|高德地图|豪华型|车型高端 服务专业|133|
|42|高德地图|经济|首汽约车|146|
|43|高德地图|拼车|出租车拼车|158|
|44|高德地图|特价出发|惊喜特价|175|
|45|高德地图|快速出发|无|191|
|46|高德地图|惠享专车|好车好服务|215|
|47|高德地图|推荐|特惠快车|232|
|48|高德地图|推荐|极速拼车|234|
|49|高德地图|豪华型|undefined|148-149|",,"[{""app"": ""T3"", ""category"": ""无"", ""mode"": ""T3出行优享型"", ""price"": True, ""price_min"": 0, ""price_max"": 120, ""fast"": False}]",T3,无,无,,T3出行优享型,T3出行,TRUE,0,120,,,王笑,,,,,
用高德打车去798艺术区，用阳光出行经济型，价格在70到90之间。  ,"|序号id|应用名称|车型大类|车辆类型|价格|
|---|---|---|---|---|
|0|高德地图|     |极速拼车|51-54|
|1|高德地图|     |特惠快车|58-61|
|2|高德地图|经济型|腾飞新出租|63|
|3|高德地图|经济型|旅程出租|63|
|4|高德地图|经济型|鞍马聚的新出租|63|
|5|高德地图|经济型|聚的出租车|63|
|6|高德地图|经济型|日初出行|64|
|7|高德地图|经济型|全民GO|64|
|8|高德地图|经济型|深圳出租|64|
|9|高德地图|经济型|添猫出行|64|
|10|高德地图|经济型|叮叮出行|64|
|11|高德地图|经济型|K9用车|64|
|12|高德地图|经济型|斑马快跑|64|
|13|高德地图|经济型|AA出行|64|
|14|高德地图|经济型|星徽出行|64|
|15|高德地图|经济型|奇华出行|65|
|16|高德地图|经济型|方舟行|65|
|17|高德地图|经济型|橄榄新出租|65|
|18|高德地图|经济型|迪尔出行|65|
|19|高德地图|经济型|有滴出行|65|
|20|高德地图|经济型|腾飞出行|65|
|21|高德地图|经济型|国泰出租|65|
|22|高德地图|经济型|曹操出行|66|
|23|高德地图|经济型|飞嘀打车|66|
|24|高德地图|经济型|阳光出行|67|
|25|高德地图|特快车|超值体验 更快上车|73|
|26|高德地图|出租车|车多应答快|78|
|27|高德地图|优享型|腾飞出行|84|
|28|高德地图|优享型|曹操出行|86|
|29|高德地图|优享型|火箭出行|86|
|30|高德地图|优享型|东潮出行|86|
|31|高德地图|优享型|AA出行|87|
|32|高德地图|优享型|全民GO|87|
|33|高德地图|优享型|首汽约车|87|
|34|高德地图|优享型|阳光出行|88|
|35|高德地图|轻享专车|静音不打扰 整洁无异味|93|
|36|高德地图|品质专车|静音不打扰 整洁无异味|105|
|37|高德地图|六座商务|宽敞空间 商务体验|115|
|38|高德地图|豪华型|车型高端 服务专业|129|
|39|高德地图|经济|首汽约车|139|
|40|高德地图|拼车|出租车拼车|154|
|41|高德地图|特价出发|惊喜特价|168|
|42|高德地图|快速出发|无|184|
|43|高德地图|惠享专车|T3出行|206|
|44|高德地图|推荐|特惠快车|226|
|45|高德地图|豪华型|undefined|146-151|",经济型|阳光出行,"[{""app"": ""高德"", ""category"": ""无"", ""mode"": ""无"", ""price"": False, ""price_min"": 0, ""price_max"": 0, ""fast"": False}, {""app"": ""无"", ""category"": ""经济型"", ""mode"": ""阳光出行"", ""price"": True, ""price_min"": 70, ""price_max"": 90, ""fast"": False}]",高德,,无,,无,阳光出行,FALSE,0,0,,,王笑,,,,,
用高德，打个车去蓝色港湾，用风韵出行优享型，价格不限。  ,"|序号id|应用名称|车型大类|车辆类型|价格|
|---|---|---|---|---|
|0|高德地图|     |极速拼车|57-57|
|1|高德地图|     |特惠快车|60-63|
|2|高德地图|经济型|南京出租|67|
|3|高德地图|经济型|旅程出租|67|
|4|高德地图|经济型|享道出行|67|
|5|高德地图|经济型|聚优出行|67|
|6|高德地图|经济型|鞍马聚的新出租|67|
|7|高德地图|经济型|聚的出租车|67|
|8|高德地图|经济型|叮叮出行|68|
|9|高德地图|经济型|斑马快跑|68|
|10|高德地图|经济型|AA出行|68|
|11|高德地图|经济型|首汽约车|69|
|12|高德地图|经济型|T3出行|69|
|13|高德地图|经济型|橄榄新出租|69|
|14|高德地图|经济型|方舟行|69|
|15|高德地图|经济型|迪尔出行|69|
|16|高德地图|经济型|国泰出租|70|
|17|高德地图|经济型|5U出行|70|
|18|高德地图|经济型|北京新出租|70|
|19|高德地图|经济型|及时用车|70|
|20|高德地图|经济型|飞嘀打车|70|
|21|高德地图|经济型|阳光出行|71|
|22|高德地图|特快车|超值体验 更快上车|74|
|23|高德地图|出租车|车多应答快|84|
|24|高德地图|优享型|旅程专车|90|
|25|高德地图|优享型|腾飞出行|91|
|26|高德地图|优享型|全民GO|91|
|27|高德地图|优享型|T3出行|92|
|28|高德地图|优享型|曹操出行|92|
|29|高德地图|优享型|风韵出行|93|
|30|高德地图|优享型|享道出行|93|
|31|高德地图|优享型|神州专车|93|
|32|高德地图|优享型|AA出行|93|
|33|高德地图|优享型|中交出行|94|
|34|高德地图|优享型|首汽约车|94|
|35|高德地图|优享型|添猫出行|94|
|36|高德地图|优享型|星徽出行|94|
|37|高德地图|优享型|阳光出行|94|
|38|高德地图|轻享专车|静音不打扰 整洁无异味|100|
|39|高德地图|品质专车|静音不打扰 整洁无异味|110|
|40|高德地图|六座商务|宽敞空间 商务体验|124|
|41|高德地图|豪华型|车型高端 服务专业|136|
|42|高德地图|经济|首汽约车|149|
|43|高德地图|拼车|特惠快车|164|
|44|高德地图|特价出发|惊喜特价|179|
|45|高德地图|快速出发|无|195|
|46|高德地图|惠享专车|曹操出行|215|
|47|高德地图|推荐|特惠快车|240|
|48|高德地图|豪华型|undefined|152-156|",,"[{""app"": ""高德"", ""category"": ""无"", ""mode"": ""风韵出行优享型"", ""price"": True, ""price_min"": 0, ""price_max"": 100000, ""fast"": False}]",高德,,无,,风韵出行优享型,风韵出行,TRUE,0,100000,,,王笑,,,,,
打个中军出行经济型去北京站，用高德，价格不超过80元。  ,"|序号id|应用名称|车型大类|车辆类型|价格|
|---|---|---|---|---|
|0|高德地图|     |极速拼车|58-61|
|1|高德地图|     |特惠快车|64-66|
|2|高德地图|经济型|旅程出租|69|
|3|高德地图|经济型|易至出行|70|
|4|高德地图|经济型|鞍马出行|70|
|5|高德地图|经济型|聚优出行|70|
|6|高德地图|经济型|享道出行|70|
|7|高德地图|经济型|鞍马聚的新出租|70|
|8|高德地图|经济型|中交出行|70|
|9|高德地图|经济型|全民GO|70|
|10|高德地图|经济型|深圳出租|70|
|11|高德地图|经济型|叮叮出行|70|
|12|高德地图|经济型|有序出行|70|
|13|高德地图|经济型|首汽约车|71|
|14|高德地图|经济型|奇华出行|71|
|15|高德地图|经济型|橄榄新出租|71|
|16|高德地图|经济型|方舟行|72|
|17|高德地图|经济型|北京的士|72|
|18|高德地图|经济型|迪尔出行|72|
|19|高德地图|经济型|有滴出行|72|
|20|高德地图|经济型|风韵出行|73|
|21|高德地图|经济型|飞嘀打车|73|
|22|高德地图|经济型|阳光出行|73|
|23|高德地图|特快车|超值体验 更快上车|80|
|24|高德地图|出租车|车多应答快|84|
|25|高德地图|优享型|妥妥E行|93|
|26|高德地图|优享型|享道出行|94|
|27|高德地图|优享型|及时用车|95|
|28|高德地图|优享型|火箭出行|95|
|29|高德地图|优享型|斑马快跑|95|
|30|高德地图|优享型|神州专车|95|
|31|高德地图|优享型|AA出行|95|
|32|高德地图|优享型|优e出行特选|97|
|33|高德地图|优享型|首汽约车|97|
|34|高德地图|轻享专车|静音不打扰 整洁无异味|104|
|35|高德地图|品质专车|静音不打扰 整洁无异味|115|
|36|高德地图|六座商务|宽敞空间 商务体验|125|
|37|高德地图|豪华型|车型高端 服务专业|138|
|38|高德地图|经济|首汽约车|156|
|39|高德地图|拼车|特惠快车|167|
|40|高德地图|特价出发|惊喜特价|184|
|41|高德地图|快速出发|无|206|
|42|高德地图|惠享专车|好车好服务|223|
|43|高德地图|推荐|特惠快车|247|
|44|高德地图|豪华型|undefined|160-164|",,"[{""app"": ""高德"", ""category"": ""经济型"", ""mode"": ""中军出行"", ""price"": True, ""price_min"": 0, ""price_max"": 80, ""fast"": False}]",高德,,经济型,无,中军出行,无,TRUE,0,80,,,王笑,,,,,
用高德叫个火箭出行优享型去奥林匹克公园，价格在100左右。  ,"|序号id|应用名称|车型大类|车辆类型|价格|
|---|---|---|---|---|
|0|高德地图|     |极速拼车|51-52|
|1|高德地图|     |特惠快车|58-61|
|2|高德地图|经济型|南京出租|64|
|3|高德地图|经济型|旅程出租|65|
|4|高德地图|经济型|鞍马出行|65|
|5|高德地图|经济型|聚的出租车|65|
|6|高德地图|经济型|深圳出租|65|
|7|高德地图|经济型|环旅出行|65|
|8|高德地图|经济型|J刻出行|65|
|9|高德地图|经济型|叮叮出行|65|
|10|高德地图|经济型|K9用车|65|
|11|高德地图|经济型|旗妙出行|65|
|12|高德地图|经济型|有序出行|66|
|13|高德地图|经济型|AA出行|66|
|14|高德地图|经济型|T3出行|66|
|15|高德地图|经济型|橄榄新出租|66|
|16|高德地图|经济型|方舟行|66|
|17|高德地图|经济型|迪尔出行|67|
|18|高德地图|经济型|国泰出租|67|
|19|高德地图|经济型|及时用车|67|
|20|高德地图|经济型|飞嘀打车|67|
|21|高德地图|经济型|阳光出行|67|
|22|高德地图|特快车|超值体验 更快上车|69|
|23|高德地图|出租车|车多应答快|78|
|24|高德地图|优享型|中交出行|84|
|25|高德地图|优享型|旅程专车|84|
|26|高德地图|优享型|风韵出行|85|
|27|高德地图|优享型|腾飞出行|85|
|28|高德地图|优享型|T3出行|85|
|29|高德地图|优享型|曹操出行|86|
|30|高德地图|优享型|及时用车|87|
|31|高德地图|优享型|旗妙出行|87|
|32|高德地图|优享型|神州专车|87|
|33|高德地图|优享型|AA出行|87|
|34|高德地图|优享型|全民GO|88|
|35|高德地图|优享型|星徽出行|88|
|36|高德地图|优享型|阳光出行|88|
|37|高德地图|轻享专车|静音不打扰 整洁无异味|95|
|38|高德地图|品质专车|静音不打扰 整洁无异味|107|
|39|高德地图|六座商务|宽敞空间 商务体验|113|
|40|高德地图|豪华型|车型高端 服务专业|127|
|41|高德地图|经济|首汽约车|139|
|42|高德地图|拼车|特惠快车|152|
|43|高德地图|特价出发|更多特价|170|
|44|高德地图|快速出发|无|186|
|45|高德地图|惠享专车|阳光出行|205|
|46|高德地图|推荐|特惠快车|225|
|47|高德地图|豪华型|undefined|143-147|",,"[{""app"": ""高德"", ""category"": ""无"", ""mode"": ""火箭出行优享型"", ""price"": True, ""price_min"": 100, ""price_max"": 100, ""fast"": False}]",高德,,无,,火箭出行优享型,无,TRUE,100,100,,,王笑,,,,,
用高德打车去香山公园，用全民GO经济型，价格在50到60之间。  ,"|序号id|应用名称|车型大类|车辆类型|价格|
|---|---|---|---|---|
|0|高德地图|     |极速拼车|48-50|
|1|高德地图|     |特惠快车|54-54|
|2|高德地图|经济型|腾飞新出租|57|
|3|高德地图|经济型|易至出行|57|
|4|高德地图|经济型|鞍马出行|57|
|5|高德地图|经济型|享道出行|57|
|6|高德地图|经济型|鞍马聚的新出租|57|
|7|高德地图|经济型|聚的出租车|58|
|8|高德地图|经济型|全民GO|58|
|9|高德地图|经济型|渔阳出行|59|
|10|高德地图|经济型|深圳出租|59|
|11|高德地图|经济型|有序出行|60|
|12|高德地图|经济型|东潮出行|60|
|13|高德地图|经济型|AA出行|60|
|14|高德地图|经济型|斑马快跑|60|
|15|高德地图|经济型|星徽出行|60|
|16|高德地图|经济型|奇华出行|60|
|17|高德地图|经济型|900出行|60|
|18|高德地图|经济型|T3出行|60|
|19|高德地图|经济型|365约车|61|
|20|高德地图|经济型|有滴出行|61|
|21|高德地图|经济型|曹操出行|61|
|22|高德地图|特快车|超值体验 更快上车|67|
|23|高德地图|出租车|鞍马聚的-高档出租车|74|
|24|高德地图|优享型|妥妥E行|77|
|25|高德地图|优享型|星徽出行|77|
|26|高德地图|优享型|全民GO|77|
|27|高德地图|优享型|曹操出行|77|
|28|高德地图|优享型|享道出行|77|
|29|高德地图|优享型|及时用车|78|
|30|高德地图|优享型|斑马快跑|79|
|31|高德地图|优享型|AA出行|80|
|32|高德地图|优享型|中交出行|80|
|33|高德地图|优享型|优e出行特选|81|
|34|高德地图|优享型|环旅出行|81|
|35|高德地图|优享型|阳光出行|81|
|36|高德地图|轻享专车|静音不打扰 整洁无异味|85|
|37|高德地图|品质专车|静音不打扰 整洁无异味|98|
|38|高德地图|六座商务|宽敞空间 商务体验|107|
|39|高德地图|豪华型|车型高端 服务专业|115|
|40|高德地图|经济|首汽约车|130|
|41|高德地图|拼车|特惠快车|140|
|42|高德地图|特价出发|更多特价|154|
|43|高德地图|快速出发|无|168|
|44|高德地图|惠享专车|T3出行|189|
|45|高德地图|惠享专车|好车好服务|189|
|46|高德地图|推荐|推荐专车|205|
|47|高德地图|推荐|特惠快车|207|
|48|高德地图|豪华型|undefined|135-140|",经济型|全民GO,"[{""app"": ""高德"", ""category"": ""无"", ""mode"": ""全民GO经济型"", ""price"": True, ""price_min"": 50, ""price_max"": 60, ""fast"": False}]",高德,,无,,全民GO经济型,全民GO,TRUE,50,60,,,王笑,,,,,
帮我叫个东潮出行优享型去雍和宫，价格不超过90元。  ,"|序号id|应用名称|车型大类|车辆类型|价格|
|---|---|---|---|---|
|0|高德地图|     |极速拼车|57-58|
|1|高德地图|     |特惠快车|63-65|
|2|高德地图|经济型|南京出租|68|
|3|高德地图|经济型|鞍马出行|68|
|4|高德地图|经济型|鞍马聚的新出租|69|
|5|高德地图|经济型|聚的出租车|70|
|6|高德地图|经济型|渔阳出行|70|
|7|高德地图|经济型|添猫出行|70|
|8|高德地图|经济型|妥妥E行|70|
|9|高德地图|经济型|叮叮出行|71|
|10|高德地图|经济型|K9用车|71|
|11|高德地图|经济型|AA出行|71|
|12|高德地图|经济型|首汽约车|71|
|13|高德地图|经济型|北京的士|71|
|14|高德地图|经济型|有滴出行|71|
|15|高德地图|经济型|中军出行|72|
|16|高德地图|经济型|风韵出行|72|
|17|高德地图|经济型|国泰出租|72|
|18|高德地图|经济型|5U出行|72|
|19|高德地图|经济型|曹操出行|72|
|20|高德地图|经济型|飞嘀打车|72|
|21|高德地图|特快车|超值体验 更快上车|78|
|22|高德地图|出租车|车多应答快|83|
|23|高德地图|出租车|鞍马聚的-高档出租车|87|
|24|高德地图|优享型|旅程专车|91|
|25|高德地图|优享型|风韵出行|91|
|26|高德地图|优享型|T3出行|91|
|27|高德地图|优享型|曹操出行|93|
|28|高德地图|优享型|及时用车|93|
|29|高德地图|优享型|旗妙出行|93|
|30|高德地图|优享型|斑马快跑|93|
|31|高德地图|优享型|飞嘀打车|94|
|32|高德地图|优享型|东潮出行|94|
|33|高德地图|优享型|全民GO|94|
|34|高德地图|优享型|首汽约车|94|
|35|高德地图|优享型|星徽出行|95|
|36|高德地图|优享型|阳光出行|95|
|37|高德地图|轻享专车|静音不打扰 整洁无异味|104|
|38|高德地图|品质专车|静音不打扰 整洁无异味|114|
|39|高德地图|六座商务|宽敞空间 商务体验|126|
|40|高德地图|豪华型|车型高端 服务专业|138|
|41|高德地图|经济|首汽约车|152|
|42|高德地图|拼车|出租车拼车|164|
|43|高德地图|拼车|特惠快车|167|
|44|高德地图|特价出发|更多特价|182|
|45|高德地图|特价出发|惊喜特价|182|
|46|高德地图|快速出发|无|203|
|47|高德地图|惠享专车|曹操出行|220|
|48|高德地图|推荐|特惠快车|242|
|49|高德地图|推荐|极速拼车|244|
|50|高德地图|豪华型|undefined|153-158|",,"[{""app"": ""东潮"", ""category"": ""优享型"", ""mode"": ""无"", ""price"": True, ""price_min"": 0, ""price_max"": 90, ""fast"": False}]",东潮,,优享型,无,无,东潮出行,TRUE,0,90,,,王笑,,,,,
用高德，准备去圆明园用聚的新出租经济型，价格在65左右。  ,"|序号id|应用名称|车型大类|车辆类型|价格|
|---|---|---|---|---|
|0|高德地图|     |极速拼车|57-60|
|1|高德地图|     |特惠快车|63-66|
|2|高德地图|经济型|南京出租|69|
|3|高德地图|经济型|旅程出租|69|
|4|高德地图|经济型|易至出行|70|
|5|高德地图|经济型|鞍马聚的新出租|70|
|6|高德地图|经济型|中交出行|70|
|7|高德地图|经济型|深圳出租|70|
|8|高德地图|经济型|渔阳出行|70|
|9|高德地图|经济型|聚优出租|70|
|10|高德地图|经济型|叮叮出行|70|
|11|高德地图|经济型|旗妙出行|71|
|12|高德地图|经济型|斑马快跑|71|
|13|高德地图|经济型|神州专车|71|
|14|高德地图|经济型|AA出行|71|
|15|高德地图|经济型|星徽出行|71|
|16|高德地图|经济型|900出行|71|
|17|高德地图|经济型|T3出行|72|
|18|高德地图|经济型|北京的士|72|
|19|高德地图|经济型|聚的新出租|72|
|20|高德地图|经济型|5U出行|72|
|21|高德地图|经济型|曹操出行|73|
|22|高德地图|经济型|飞嘀打车|73|
|23|高德地图|经济型|阳光出行|73|
|24|高德地图|特快车|超值体验 更快上车|81|
|25|高德地图|出租车|车多应答快|86|
|26|高德地图|优享型|妥妥E行|93|
|27|高德地图|优享型|风韵出行|94|
|28|高德地图|优享型|火箭出行|94|
|29|高德地图|优享型|及时用车|95|
|30|高德地图|优享型|飞嘀打车|96|
|31|高德地图|优享型|全民GO|96|
|32|高德地图|优享型|首汽约车|97|
|33|高德地图|优享型|环旅出行|97|
|34|高德地图|轻享专车|静音不打扰 整洁无异味|105|
|35|高德地图|品质专车|静音不打扰 整洁无异味|115|
|36|高德地图|六座商务|宽敞空间 商务体验|128|
|37|高德地图|豪华型|车型高端 服务专业|138|
|38|高德地图|经济|首汽约车|156|
|39|高德地图|拼车|特惠快车|167|
|40|高德地图|特价出发|更多特价|184|
|41|高德地图|快速出发|无|205|
|42|高德地图|惠享专车|阳光出行|225|
|43|高德地图|推荐|特惠快车|247|
|44|高德地图|豪华型|undefined|159-164|",,"[{""app"": ""高德"", ""category"": ""经济型"", ""mode"": ""聚的新出租"", ""price"": True, ""price_min"": 65, ""price_max"": 65, ""fast"": False}]",高德,,经济型,无,聚的新出租,聚的新出租，鞍马聚的新出租,TRUE,65,65,,,王笑,,,,,
用高德打车去景山公园，用深圳出租经济型，价格不限。  ,"|序号id|应用名称|车型大类|车辆类型|价格|
|---|---|---|---|---|
|0|高德地图|     |极速拼车|57-58|
|1|高德地图|     |特惠快车|63-64|
|2|高德地图|经济型|旅程出租|69|
|3|高德地图|经济型|易至出行|69|
|4|高德地图|经济型|鞍马出行|69|
|5|高德地图|经济型|聚的出租车|69|
|6|高德地图|经济型|全民GO|69|
|7|高德地图|经济型|添猫出行|70|
|8|高德地图|经济型|J刻出行|70|
|9|高德地图|经济型|叮叮出行|70|
|10|高德地图|经济型|旗妙出行|70|
|11|高德地图|经济型|K9用车|70|
|12|高德地图|经济型|东潮出行|71|
|13|高德地图|经济型|神州专车|71|
|14|高德地图|经济型|星徽出行|71|
|15|高德地图|经济型|奇华出行|71|
|16|高德地图|经济型|900出行|72|
|17|高德地图|经济型|T3出行|72|
|18|高德地图|经济型|橄榄新出租|72|
|19|高德地图|经济型|北京的士|72|
|20|高德地图|经济型|365约车|72|
|21|高德地图|经济型|有滴出行|73|
|22|高德地图|经济型|聚的新出租|73|
|23|高德地图|经济型|中军出行|73|
|24|高德地图|经济型|飞嘀打车|73|
|25|高德地图|经济型|如祺出行|73|
|26|高德地图|特快车|超值体验 更快上车|77|
|27|高德地图|出租车|车多应答快|84|
|28|高德地图|出租车|鞍马聚的-高档出租车|85|
|29|高德地图|优享型|妥妥E行|94|
|30|高德地图|优享型|T3出行|94|
|31|高德地图|优享型|及时用车|94|
|32|高德地图|优享型|飞嘀打车|95|
|33|高德地图|优享型|斑马快跑|95|
|34|高德地图|优享型|中交出行|95|
|35|高德地图|优享型|添猫出行|96|
|36|高德地图|优享型|环旅出行|97|
|37|高德地图|轻享专车|静音不打扰 整洁无异味|106|
|38|高德地图|品质专车|静音不打扰 整洁无异味|114|
|39|高德地图|六座商务|宽敞空间 商务体验|128|
|40|高德地图|豪华型|车型高端 服务专业|139|
|41|高德地图|经济|首汽约车|155|
|42|高德地图|拼车|特惠快车|170|
|43|高德地图|特价出发|惊喜特价|188|
|44|高德地图|快速出发|无|203|
|45|高德地图|惠享专车|及时用车|224|
|46|高德地图|惠享专车|阳光出行|227|
|47|高德地图|推荐|推荐专车|246|
|48|高德地图|推荐|极速拼车|249|
|49|高德地图|豪华型|undefined|158-162|",,"[{""app"": ""高德"", ""category"": ""深圳出租经济型"", ""mode"": ""深圳出租"", ""price"": False, ""price_min"": 0, ""price_max"": 0, ""fast"": False}]",高德,,深圳出租经济型,无,深圳出租,无,FALSE,0,0,,,王笑,,,,,
帮我叫个好车好服务惠享专车去国子监，价格在130到160之间。  ,"|序号id|应用名称|车型大类|车辆类型|价格|
|---|---|---|---|---|
|0|高德地图|     |极速拼车|59-61|
|1|高德地图|     |特惠快车|63-66|
|2|高德地图|经济型|南京出租|69|
|3|高德地图|经济型|国泰出租|69|
|4|高德地图|经济型|腾飞出行|69|
|5|高德地图|经济型|易至出行|69|
|6|高德地图|经济型|北京新出租|70|
|7|高德地图|经济型|享道出行|70|
|8|高德地图|经济型|方舟行|70|
|9|高德地图|经济型|橄榄新出租|70|
|10|高德地图|经济型|阳光出行|72|
|11|高德地图|经济型|斑马快跑|72|
|12|高德地图|经济型|神州专车|72|
|13|高德地图|经济型|聚的出租车|72|
|14|高德地图|经济型|北京的士|72|
|15|高德地图|经济型|365约车|72|
|16|高德地图|经济型|深圳出租|73|
|17|高德地图|经济型|添猫出行|73|
|18|高德地图|经济型|星徽出行|73|
|19|高德地图|经济型|中军出行|73|
|20|高德地图|特快车|超值体验 更快上车|77|
|21|高德地图|出租车|车多应答快|85|
|22|高德地图|优享型|旅程专车|93|
|23|高德地图|优享型|腾飞出行|93|
|24|高德地图|优享型|风韵出行|93|
|25|高德地图|优享型|环旅出行|93|
|26|高德地图|优享型|曹操出行|94|
|27|高德地图|优享型|火箭出行|94|
|28|高德地图|优享型|及时用车|95|
|29|高德地图|优享型|旗妙出行|96|
|30|高德地图|优享型|飞嘀打车|96|
|31|高德地图|优享型|全民GO|97|
|32|高德地图|优享型|首汽约车|97|
|33|高德地图|优享型|星徽出行|97|
|34|高德地图|优享型|阳光出行|97|
|35|高德地图|轻享专车|静音不打扰 整洁无异味|104|
|36|高德地图|品质专车|静音不打扰 整洁无异味|116|
|37|高德地图|六座商务|宽敞空间 商务体验|128|
|38|高德地图|豪华型|车型高端 服务专业|142|
|39|高德地图|经济|首汽约车|154|
|40|高德地图|拼车|出租车拼车|167|
|41|高德地图|拼车|特惠快车|168|
|42|高德地图|特价出发|更多特价|187|
|43|高德地图|快速出发|无|205|
|44|高德地图|惠享专车|好车好服务|227|
|45|高德地图|推荐|特惠快车|248|
|46|高德地图|推荐|极速拼车|249|
|47|高德地图|豪华型|undefined|160-163|",,"[{""app"": ""无"", ""category"": ""无"", ""mode"": ""惠享专车"", ""price"": True, ""price_min"": 130, ""price_max"": 160, ""fast"": False}]",无,,无,惠享专车,惠享专车,好车好服务,TRUE,130,160,,,王笑,,,,,
用高德叫个妥妥E行优享型去北海公园，价格在55左右。  ,"|序号id|应用名称|车型大类|车辆类型|价格|
|---|---|---|---|---|
|0|高德地图|     |极速拼车|52-54|
|1|高德地图|     |特惠快车|58-60|
|2|高德地图|经济型|南京出租|61|
|3|高德地图|经济型|聚优出行|61|
|4|高德地图|经济型|鞍马聚的新出租|61|
|5|高德地图|经济型|聚的出租车|61|
|6|高德地图|经济型|全民GO|61|
|7|高德地图|经济型|添猫出行|61|
|8|高德地图|经济型|妥妥E行|61|
|9|高德地图|经济型|叮叮出行|62|
|10|高德地图|经济型|旗妙出行|62|
|11|高德地图|经济型|K9用车|62|
|12|高德地图|经济型|东潮出行|62|
|13|高德地图|经济型|神州专车|62|
|14|高德地图|经济型|橄榄新出租|63|
|15|高德地图|经济型|方舟行|63|
|16|高德地图|经济型|365约车|63|
|17|高德地图|经济型|聚的新出租|63|
|18|高德地图|经济型|风韵出行|63|
|19|高德地图|经济型|腾飞出行|64|
|20|高德地图|经济型|5U出行|64|
|21|高德地图|经济型|曹操出行|64|
|22|高德地图|经济型|北京新出租|65|
|23|高德地图|经济型|如祺出行|65|
|24|高德地图|经济型|聚优出租|65|
|25|高德地图|特快车|超值体验 更快上车|71|
|26|高德地图|出租车|鞍马聚的-高档出租车|76|
|27|高德地图|优享型|旅程专车|83|
|28|高德地图|优享型|腾飞出行|83|
|29|高德地图|优享型|T3出行|83|
|30|高德地图|优享型|享道出行|83|
|31|高德地图|优享型|及时用车|84|
|32|高德地图|优享型|火箭出行|84|
|33|高德地图|优享型|飞嘀打车|85|
|34|高德地图|优享型|神州专车|85|
|35|高德地图|优享型|斑马快跑|86|
|36|高德地图|优享型|添猫出行|87|
|37|高德地图|优享型|阳光出行|87|
|38|高德地图|轻享专车|静音不打扰 整洁无异味|93|
|39|高德地图|品质专车|静音不打扰 整洁无异味|101|
|40|高德地图|六座商务|宽敞空间 商务体验|112|
|41|高德地图|豪华型|车型高端 服务专业|124|
|42|高德地图|经济|首汽约车|135|
|43|高德地图|拼车|出租车拼车|148|
|44|高德地图|特价出发|更多特价|163|
|45|高德地图|快速出发|无|180|
|46|高德地图|惠享专车|神州专车|201|
|47|高德地图|推荐|特惠快车|218|
|48|高德地图|豪华型|undefined|141-144|",,"[{""app"": ""高德"", ""category"": ""无"", ""mode"": ""妥妥E行优享型"", ""price"": True, ""price_min"": 55, ""price_max"": 55, ""fast"": False}]",高德,,无,,妥妥E行优享型,无,TRUE,55,55,,,王笑,,,,,
叫个腾飞出行优享型去后海，价格不限。  ,"|序号id|应用名称|车型大类|车辆类型|价格|
|---|---|---|---|---|
|0|高德地图|     |极速拼车|53-56|
|1|高德地图|     |特惠快车|59-59|
|2|高德地图|经济型|南京出租|63|
|3|高德地图|经济型|腾飞新出租|63|
|4|高德地图|经济型|旅程出租|63|
|5|高德地图|经济型|鞍马出行|63|
|6|高德地图|经济型|聚的出租车|63|
|7|高德地图|经济型|中交出行|63|
|8|高德地图|经济型|全民GO|63|
|9|高德地图|经济型|环旅出行|64|
|10|高德地图|经济型|叮叮出行|64|
|11|高德地图|经济型|K9用车|64|
|12|高德地图|经济型|旗妙出行|64|
|13|高德地图|经济型|东潮出行|64|
|14|高德地图|经济型|AA出行|64|
|15|高德地图|经济型|T3出行|65|
|16|高德地图|经济型|方舟行|65|
|17|高德地图|经济型|聚的新出租|65|
|18|高德地图|经济型|国泰出租|66|
|19|高德地图|经济型|风韵出行|66|
|20|高德地图|经济型|5U出行|66|
|21|高德地图|经济型|腾飞出行|67|
|22|高德地图|经济型|曹操出行|67|
|23|高德地图|经济型|飞嘀打车|67|
|24|高德地图|经济型|聚优出租|67|
|25|高德地图|特快车|超值体验 更快上车|72|
|26|高德地图|出租车|车多应答快|77|
|27|高德地图|优享型|妥妥E行|84|
|28|高德地图|优享型|T3出行|84|
|29|高德地图|优享型|火箭出行|84|
|30|高德地图|优享型|及时用车|85|
|31|高德地图|优享型|享道出行|85|
|32|高德地图|优享型|旗妙出行|86|
|33|高德地图|优享型|神州专车|86|
|34|高德地图|优享型|东潮出行|87|
|35|高德地图|优享型|中交出行|87|
|36|高德地图|优享型|添猫出行|88|
|37|高德地图|优享型|星徽出行|88|
|38|高德地图|轻享专车|静音不打扰 整洁无异味|93|
|39|高德地图|品质专车|静音不打扰 整洁无异味|103|
|40|高德地图|六座商务|宽敞空间 商务体验|114|
|41|高德地图|豪华型|车型高端 服务专业|129|
|42|高德地图|经济|首汽约车|140|
|43|高德地图|拼车|出租车拼车|154|
|44|高德地图|特价出发|惊喜特价|169|
|45|高德地图|快速出发|无|185|
|46|高德地图|惠享专车|好车好服务|205|
|47|高德地图|推荐|推荐专车|224|
|48|高德地图|推荐|特惠快车|225|
|49|高德地图|豪华型|undefined|145-150|",,"[{""app"": ""腾飞"", ""category"": ""优享型"", ""mode"": ""无"", ""price"": True, ""price_min"": 0, ""price_max"": 100000, ""fast"": False}]",腾飞,无,优享型,无,无,,TRUE,0,100000,,,王笑,,,,,
用高德，准备去工人体育场用5U出行经济型，价格不超过85元。  ,"|序号id|应用名称|车型大类|车辆类型|价格|
|---|---|---|---|---|
|0|高德地图|     |极速拼车|52-53|
|1|高德地图|     |特惠快车|56-57|
|2|高德地图|经济型|腾飞新出租|61|
|3|高德地图|经济型|易至出行|61|
|4|高德地图|经济型|享道出行|61|
|5|高德地图|经济型|聚优出行|62|
|6|高德地图|经济型|鞍马聚的新出租|62|
|7|高德地图|经济型|日初出行|62|
|8|高德地图|经济型|渔阳出行|62|
|9|高德地图|经济型|斑马快跑|63|
|10|高德地图|经济型|神州专车|63|
|11|高德地图|经济型|奇华出行|63|
|12|高德地图|经济型|T3出行|63|
|13|高德地图|经济型|北京的士|64|
|14|高德地图|经济型|迪尔出行|64|
|15|高德地图|经济型|聚的新出租|64|
|16|高德地图|经济型|中军出行|65|
|17|高德地图|经济型|风韵出行|65|
|18|高德地图|经济型|腾飞出行|65|
|19|高德地图|经济型|5U出行|65|
|20|高德地图|经济型|及时用车|65|
|21|高德地图|经济型|飞嘀打车|65|
|22|高德地图|经济型|如祺出行|65|
|23|高德地图|经济型|聚优出租|65|
|24|高德地图|特快车|超值体验 更快上车|69|
|25|高德地图|出租车|鞍马聚的-高档出租车|77|
|26|高德地图|优享型|腾飞出行|83|
|27|高德地图|优享型|风韵出行|83|
|28|高德地图|优享型|环旅出行|83|
|29|高德地图|优享型|曹操出行|83|
|30|高德地图|优享型|火箭出行|83|
|31|高德地图|优享型|及时用车|83|
|32|高德地图|优享型|飞嘀打车|84|
|33|高德地图|优享型|神州专车|84|
|34|高德地图|优享型|优e出行特选|85|
|35|高德地图|优享型|添猫出行|85|
|36|高德地图|优享型|星徽出行|86|
|37|高德地图|优享型|阳光出行|87|
|38|高德地图|轻享专车|静音不打扰 整洁无异味|92|
|39|高德地图|品质专车|静音不打扰 整洁无异味|101|
|40|高德地图|六座商务|宽敞空间 商务体验|112|
|41|高德地图|豪华型|车型高端 服务专业|126|
|42|高德地图|经济|首汽约车|135|
|43|高德地图|拼车|出租车拼车|149|
|44|高德地图|拼车|特惠快车|152|
|45|高德地图|特价出发|更多特价|164|
|46|高德地图|快速出发|无|184|
|47|高德地图|惠享专车|阳光出行|201|
|48|高德地图|推荐|推荐专车|220|
|49|高德地图|豪华型|undefined|142-146|",,"[{""app"": ""高德"", ""category"": ""经济型"", ""mode"": ""5U出行"", ""price"": True, ""price_min"": 0, ""price_max"": 85, ""fast"": False}]",高德,,经济型,无,5U出行,,TRUE,0,85,,,王笑,,,,,
帮我叫个环旅出行优享型去中国尊，价格在95到120之间。  ,"|序号id|应用名称|车型大类|车辆类型|价格|
|---|---|---|---|---|
|0|高德地图|     |极速拼车|58-60|
|1|高德地图|     |特惠快车|62-65|
|2|高德地图|经济型|奇华出行|68|
|3|高德地图|经济型|J刻出行|68|
|4|高德地图|经济型|南京出租|68|
|5|高德地图|经济型|5U出行|69|
|6|高德地图|经济型|易至出行|69|
|7|高德地图|经济型|渔阳出行|69|
|8|高德地图|经济型|旗妙出行|70|
|9|高德地图|经济型|K9用车|70|
|10|高德地图|经济型|鞍马聚的新出租|70|
|11|高德地图|经济型|飞嘀打车|70|
|12|高德地图|经济型|AA出行|70|
|13|高德地图|经济型|日初出行|71|
|14|高德地图|经济型|中交出行|71|
|15|高德地图|经济型|深圳出租|71|
|16|高德地图|经济型|首汽约车|71|
|17|高德地图|经济型|环旅出行|72|
|18|高德地图|特快车|超值体验 更快上车|79|
|19|高德地图|出租车|鞍马聚的-高档出租车|84|
|20|高德地图|优享型|妥妥E行|91|
|21|高德地图|优享型|腾飞出行|92|
|22|高德地图|优享型|T3出行|92|
|23|高德地图|优享型|曹操出行|92|
|24|高德地图|优享型|火箭出行|93|
|25|高德地图|优享型|及时用车|93|
|26|高德地图|优享型|斑马快跑|94|
|27|高德地图|优享型|飞嘀打车|94|
|28|高德地图|优享型|神州专车|94|
|29|高德地图|优享型|中交出行|94|
|30|高德地图|优享型|优e出行特选|94|
|31|高德地图|优享型|添猫出行|95|
|32|高德地图|优享型|星徽出行|95|
|33|高德地图|轻享专车|静音不打扰 整洁无异味|102|
|34|高德地图|品质专车|静音不打扰 整洁无异味|114|
|35|高德地图|六座商务|宽敞空间 商务体验|125|
|36|高德地图|豪华型|车型高端 服务专业|139|
|37|高德地图|经济|首汽约车|153|
|38|高德地图|拼车|特惠快车|166|
|39|高德地图|特价出发|更多特价|181|
|40|高德地图|快速出发|无|202|
|41|高德地图|惠享专车|曹操出行|221|
|42|高德地图|推荐|特惠快车|241|
|43|高德地图|豪华型|undefined|156-161|",,"[{""app"": ""无"", ""category"": ""优享型"", ""mode"": ""环旅出行"", ""price"": True, ""price_min"": 95, ""price_max"": 120, ""fast"": False}]",无,,优享型,无,环旅出行,无,TRUE,95,120,,,王笑,,,,,
用高德打车去宋家庄，用星徽出行优享型，价格不超过75元。  ,"|序号id|应用名称|车型大类|车辆类型|价格|
|---|---|---|---|---|
|0|高德地图|     |极速拼车|55-58|
|1|高德地图|     |特惠快车|61-61|
|2|高德地图|经济型|聚优出行|65|
|3|高德地图|经济型|聚的出租车|65|
|4|高德地图|经济型|日初出行|65|
|5|高德地图|经济型|渔阳出行|65|
|6|高德地图|经济型|添猫出行|66|
|7|高德地图|经济型|环旅出行|66|
|8|高德地图|经济型|J刻出行|66|
|9|高德地图|经济型|叮叮出行|66|
|10|高德地图|经济型|K9用车|67|
|11|高德地图|经济型|旗妙出行|67|
|12|高德地图|经济型|斑马快跑|67|
|13|高德地图|经济型|东潮出行|67|
|14|高德地图|经济型|AA出行|68|
|15|高德地图|经济型|首汽约车|68|
|16|高德地图|经济型|奇华出行|68|
|17|高德地图|经济型|T3出行|68|
|18|高德地图|经济型|方舟行|68|
|19|高德地图|经济型|聚的新出租|68|
|20|高德地图|经济型|中军出行|69|
|21|高德地图|经济型|腾飞出行|69|
|22|高德地图|经济型|5U出行|69|
|23|高德地图|经济型|如祺出行|69|
|24|高德地图|经济型|阳光出行|69|
|25|高德地图|特快车|超值体验 更快上车|75|
|26|高德地图|出租车|鞍马聚的-高档出租车|80|
|27|高德地图|优享型|妥妥E行|89|
|28|高德地图|优享型|旅程专车|89|
|29|高德地图|优享型|T3出行|90|
|30|高德地图|优享型|及时用车|91|
|31|高德地图|优享型|旗妙出行|91|
|32|高德地图|优享型|中交出行|92|
|33|高德地图|优享型|添猫出行|92|
|34|高德地图|优享型|阳光出行|92|
|35|高德地图|轻享专车|静音不打扰 整洁无异味|99|
|36|高德地图|品质专车|静音不打扰 整洁无异味|109|
|37|高德地图|六座商务|宽敞空间 商务体验|119|
|38|高德地图|豪华型|车型高端 服务专业|132|
|39|高德地图|经济|首汽约车|146|
|40|高德地图|拼车|出租车拼车|159|
|41|高德地图|特价出发|更多特价|174|
|42|高德地图|快速出发|无|194|
|43|高德地图|惠享专车|神州专车|212|
|44|高德地图|推荐|极速拼车|235|
|45|高德地图|豪华型|undefined|147-150|",,"[{""app"": ""高德"", ""category"": ""无"", ""mode"": ""星徽出行优享型"", ""price"": True, ""price_min"": 0, ""price_max"": 75, ""fast"": False}]",高德,,无,,星徽出行优享型,无,TRUE,0,75,,,王笑,,,,,
叫个飞嘀打车经济型去天坛公园，价格不限，用高德。,"|序号id|应用名称|车型大类|车辆类型|价格|
|---|---|---|---|---|
|0|高德地图|     |极速拼车|51-54|
|1|高德地图|     |特惠快车|58-61|
|2|高德地图|经济型|旅程出租|63|
|3|高德地图|经济型|鞍马出行|63|
|4|高德地图|经济型|享道出行|63|
|5|高德地图|经济型|鞍马聚的新出租|64|
|6|高德地图|经济型|日初出行|64|
|7|高德地图|经济型|中交出行|64|
|8|高德地图|经济型|全民GO|64|
|9|高德地图|经济型|环旅出行|65|
|10|高德地图|经济型|叮叮出行|65|
|11|高德地图|经济型|旗妙出行|66|
|12|高德地图|经济型|K9用车|66|
|13|高德地图|经济型|首汽约车|66|
|14|高德地图|经济型|T3出行|66|
|15|高德地图|经济型|橄榄新出租|66|
|16|高德地图|经济型|北京的士|66|
|17|高德地图|经济型|迪尔出行|66|
|18|高德地图|经济型|有滴出行|67|
|19|高德地图|经济型|聚的新出租|67|
|20|高德地图|经济型|风韵出行|67|
|21|高德地图|经济型|飞嘀打车|67|
|22|高德地图|经济型|聚优出租|67|
|23|高德地图|特快车|超值体验 更快上车|72|
|24|高德地图|出租车|车多应答快|80|
|25|高德地图|出租车|鞍马聚的-高档出租车|80|
|26|高德地图|优享型|星徽出行|84|
|27|高德地图|优享型|旅程专车|85|
|28|高德地图|优享型|享道出行|85|
|29|高德地图|优享型|及时用车|86|
|30|高德地图|优享型|斑马快跑|86|
|31|高德地图|优享型|东潮出行|86|
|32|高德地图|优享型|AA出行|87|
|33|高德地图|优享型|中交出行|88|
|34|高德地图|优享型|环旅出行|88|
|35|高德地图|优享型|阳光出行|88|
|36|高德地图|轻享专车|静音不打扰 整洁无异味|95|
|37|高德地图|品质专车|静音不打扰 整洁无异味|104|
|38|高德地图|六座商务|宽敞空间 商务体验|117|
|39|高德地图|豪华型|车型高端 服务专业|129|
|40|高德地图|经济|首汽约车|141|
|41|高德地图|拼车|出租车拼车|153|
|42|高德地图|特价出发|更多特价|167|
|43|高德地图|特价出发|惊喜特价|169|
|44|高德地图|快速出发|无|188|
|45|高德地图|惠享专车|添猫出行|204|
|46|高德地图|推荐|特惠快车|223|
|47|高德地图|豪华型|undefined|146-147|",,"[{""app"": ""高德"", ""category"": ""经济型"", ""mode"": ""飞嘀打车"", ""price"": True, ""price_min"": 0, ""price_max"": 100000, ""fast"": False}]",高德,,经济型,无,飞嘀打车,,TRUE,0,100000,,,王笑,,,,,
用滴滴打个车去西湖音乐喷泉，用推荐中的花小猪正价版，价格不超过50元。,"|序号id|应用名称|车型大类|车辆类型|价格|
|---|---|---|---|---|
|0|滴滴|推荐|花小猪正价版|32.83|
|1|滴滴|推荐|特惠快车|33.63|
|2|滴滴|推荐|滴滴快车|36.06|
|3|滴滴|推荐|特快出租车|37.53|
|4|滴滴|拼车|特价拼车|28.42-29.55|
|5|滴滴|拼车|极速拼车|35.03-37.00|
|6|滴滴|特价|花小猪外接版|40.86|
|7|滴滴|特价|惊喜特价|43.36|
|8|滴滴|快速|曹操出行|48.06|
|9|滴滴|快速|出租车|48.39|
|10|滴滴|快速|滴滴轻享|49.95|
|11|滴滴|快速|滴滴特快|51.77|
|12|滴滴|快速|滴滴优享|51.95|
|13|滴滴|快速|滴滴快车|52.17|
|14|滴滴|快速|宽敞好车|52.62|
|15|滴滴|快速|方舟行|52.78|
|16|滴滴|舒适|滴滴专车|61.17|
|17|滴滴|六座|六座专车|107.15|
|18|滴滴|六座|六座豪华车|110.24|",,"[{""app"": ""滴滴"", ""category"": ""无"", ""mode"": ""花小猪正价版"", ""price"": True, ""price_min"": 0, ""price_max"": 50, ""fast"": False}]",滴滴,,无,,花小猪正价版,,TRUE,0,50,,,王笑,,,,,
打个特价中的惊喜特价车去虹桥火车站，用滴滴，价格在35元左右。,"|序号id|应用名称|车型大类|车辆类型|价格|
|---|---|---|---|---|
|0|滴滴|推荐|花小猪正价版|15.11|
|1|滴滴|推荐|特惠快车|15.13|
|2|滴滴|推荐|滴滴快车|15.36|
|3|滴滴|推荐|特快出租车|15.62|
|4|滴滴|推荐|滴滴特快|18.20|
|5|滴滴|拼车|特价拼车|13.70-14.98|
|6|滴滴|拼车|极速拼车|20.31-22.17|
|7|滴滴|特价|花小猪外接版|22.81|
|8|滴滴|特价|惊喜特价|23.57|
|9|滴滴|特价|特惠快车|25.17|
|10|滴滴|快速|曹操出行|33.14|
|11|滴滴|快速|出租车|34.37|
|12|滴滴|快速|滴滴轻享|34.83|
|13|滴滴|快速|滴滴特快|35.00|
|14|滴滴|快速|滴滴优享|36.85|
|15|滴滴|快速|滴滴快车|37.33|
|16|滴滴|快速|宽敞好车|37.93|
|17|滴滴|快速|方舟行|38.50|
|18|滴滴|舒适|滴滴专车|47.60|
|19|滴滴|六座|六座专车|69.25|
|20|滴滴|六座|六座豪华车|72.41|",,"[{""app"": ""滴滴"", ""category"": ""特价车"", ""mode"": ""无"", ""price"": True, ""price_min"": 35, ""price_max"": 35, ""fast"": False}]",滴滴,,特价车,无,无,惊喜特价,TRUE,35,35,,,王笑,,,,,
用滴滴帮我叫个车去陆家嘴金融中心，选快速中的曹操出行，价格不超过80元。,"|序号id|应用名称|车型大类|车辆类型|价格|
|---|---|---|---|---|
|0|滴滴|推荐|花小猪正价版|8.06|
|1|滴滴|推荐|特惠快车|8.34|
|2|滴滴|推荐|滴滴快车|8.39|
|3|滴滴|推荐|特快出租车|10.12|
|4|滴滴|推荐|滴滴特快|11.10|
|5|滴滴|推荐|宽敞好车|11.95|
|6|滴滴|拼车|特价拼车|5.56-7.48|
|7|滴滴|拼车|极速拼车|5.00-6.24|
|8|滴滴|特价|花小猪外接版|11.55|
|9|滴滴|特价|惊喜特价|14.46|
|10|滴滴|快速|曹操出行|15.08|
|11|滴滴|快速|出租车|16.83|
|12|滴滴|快速|滴滴轻享|17.04|
|13|滴滴|快速|滴滴特快|17.49|
|14|滴滴|快速|滴滴优享|18.13|
|15|滴滴|快速|滴滴快车|18.33|
|16|滴滴|快速|宽敞好车|18.49|
|17|滴滴|快速|方舟行|18.61|
|18|滴滴|快速|长沙新出租|18.88|
|19|滴滴|舒适|滴滴专车|21.43|
|20|滴滴|六座|六座专车|31.82|
|21|滴滴|六座|六座豪华车|33.06|
|22|滴滴|六座|六座快车|34.09|",,"[{""app"": ""滴滴"", ""category"": ""快速"", ""mode"": ""曹操出行"", ""price"": True, ""price_min"": 0, ""price_max"": 80, ""fast"": False}]",滴滴,,快速,无,曹操出行,,TRUE,0,80,,,王笑,,,,,
叫个城际中的顺风车去苏州金鸡湖，用滴滴，价格在120-150元之间。,"|序号id|应用名称|车型大类|车辆类型|价格|
|---|---|---|---|---|
|0|滴滴|推荐|花小猪正价版|28.62|
|1|滴滴|推荐|特惠快车|29.17|
|2|滴滴|推荐|滴滴快车|29.84|
|3|滴滴|推荐|特快出租车|30.48|
|4|滴滴|拼车|特价拼车|30.09-31.23|
|5|滴滴|拼车|极速拼车|31.38-32.55|
|6|滴滴|特价|花小猪外接版|35.54|
|7|滴滴|特价|惊喜特价|36.21|
|8|滴滴|快速|曹操出行|51.27|
|9|滴滴|快速|出租车|52.45|
|10|滴滴|快速|滴滴轻享|52.91|
|11|滴滴|快速|滴滴特快|53.21|
|12|滴滴|快速|滴滴优享|53.23|
|13|滴滴|快速|滴滴快车|53.98|
|14|滴滴|快速|宽敞好车|54.71|
|15|滴滴|快速|方舟行|55.46|
|16|滴滴|快速|长沙新出租|56.12|
|17|滴滴|快速|武汉新出租|56.87|
|18|滴滴|舒适|滴滴专车|70.77|
|19|滴滴|六座|六座专车|133.19|
|20|滴滴|六座|六座豪华车|133.67|",,"[{""app"": ""滴滴"", ""category"": ""顺风车"", ""mode"": ""无"", ""price"": True, ""price_min"": 120, ""price_max"": 150, ""fast"": False}]",滴滴,,顺风车,无,无,,TRUE,120,150,,,王笑,,,,,
用滴滴打个车去天府广场，用舒适中的滴滴豪华车，价格不限。,"|序号id|应用名称|车型大类|车辆类型|价格|
|---|---|---|---|---|
|0|滴滴|推荐|花小猪正价版|11.38|
|1|滴滴|推荐|特惠快车|12.48|
|2|滴滴|推荐|滴滴快车|12.88|
|3|滴滴|推荐|特快出租车|14.09|
|4|滴滴|推荐|滴滴特快|14.84|
|5|滴滴|拼车|特价拼车|8.39-10.05|
|6|滴滴|拼车|极速拼车|10.77-12.65|
|7|滴滴|特价|花小猪外接版|17.68|
|8|滴滴|特价|惊喜特价|20.88|
|9|滴滴|快速|曹操出行|30.36|
|10|滴滴|快速|出租车|30.52|
|11|滴滴|快速|滴滴轻享|30.88|
|12|滴滴|快速|滴滴特快|31.79|
|13|滴滴|快速|滴滴优享|32.07|
|14|滴滴|快速|滴滴快车|34.33|
|15|滴滴|快速|宽敞好车|35.08|
|16|滴滴|舒适|滴滴专车|45.40|
|17|滴滴|六座|六座专车|63.78|
|18|滴滴|六座|六座豪华车|68.77|",,"[{""app"": ""滴滴"", ""category"": ""舒适"", ""mode"": ""滴滴豪华车"", ""price"": True, ""price_min"": 0, ""price_max"": 100000, ""fast"": False}]",滴滴,,舒适,无,滴滴豪华车,无,TRUE,0,100000,,,王笑,,,,,
帮我叫个超值出租车去白云机场T2航站楼，用滴滴，价格在95元左右。,"|序号id|应用名称|车型大类|车辆类型|价格|
|---|---|---|---|---|
|0|滴滴|推荐|花小猪正价版|35.08|
|1|滴滴|推荐|特惠快车|37.36|
|2|滴滴|推荐|滴滴快车|38.14|
|3|滴滴|推荐|特快出租车|38.80|
|4|滴滴|推荐|滴滴特快|39.89|
|5|滴滴|推荐|宽敞好车|40.52|
|6|滴滴|拼车|特价拼车|38.80-40.43|
|7|滴滴|特价|花小猪外接版|42.91|
|8|滴滴|特价|惊喜特价|43.46|
|9|滴滴|快速|曹操出行|54.65|
|10|滴滴|快速|出租车|55.33|
|11|滴滴|快速|滴滴轻享|55.86|
|12|滴滴|快速|滴滴特快|57.44|
|13|滴滴|快速|滴滴优享|59.14|
|14|滴滴|快速|滴滴快车|59.67|
|15|滴滴|快速|宽敞好车|59.82|
|16|滴滴|快速|方舟行|59.85|
|17|滴滴|舒适|滴滴专车|92.40|
|18|滴滴|六座|六座专车|136.04|
|19|滴滴|六座|六座豪华车|136.38|",,"[{""app"": ""滴滴"", ""category"": ""出租车"", ""mode"": ""无"", ""price"": True, ""price_min"": 95, ""price_max"": 95, ""fast"": False}]",滴滴,,出租车,无,无,,TRUE,95,95,,,王笑,,,,,
用滴滴去外滩观景台，选推荐中的特惠快车，价格不超过45元。,"|序号id|应用名称|车型大类|车辆类型|价格|
|---|---|---|---|---|
|0|滴滴|推荐|花小猪正价版|17.91|
|1|滴滴|推荐|特惠快车|18.52|
|2|滴滴|推荐|滴滴快车|18.63|
|3|滴滴|拼车|特价拼车|17.07-18.39|
|4|滴滴|拼车|极速拼车|17.95-19.28|
|5|滴滴|特价|花小猪外接版|18.38|
|6|滴滴|特价|惊喜特价|20.71|
|7|滴滴|特价|特惠快车|22.28|
|8|滴滴|快速|曹操出行|25.66|
|9|滴滴|快速|出租车|26.02|
|10|滴滴|快速|滴滴轻享|27.21|
|11|滴滴|快速|滴滴特快|27.40|
|12|滴滴|快速|滴滴优享|27.70|
|13|滴滴|快速|滴滴快车|27.76|
|14|滴滴|快速|宽敞好车|27.78|
|15|滴滴|快速|方舟行|30.11|
|16|滴滴|快速|长沙新出租|30.42|
|17|滴滴|快速|武汉新出租|30.47|
|18|滴滴|快速|丽江新出租|31.05|
|19|滴滴|舒适|滴滴专车|36.04|
|20|滴滴|舒适|滴滴豪华车|37.09|
|21|滴滴|六座|六座专车|59.91|
|22|滴滴|六座|六座豪华车|62.66|",推荐|特惠快车,"[{""app"": ""滴滴"", ""category"": ""特惠快车"", ""mode"": ""无"", ""price"": True, ""price_min"": 0, ""price_max"": 45, ""fast"": False}]",滴滴,,特惠快车,无,无,特惠快车,TRUE,0,45,,,王笑,,,,,
打个快速中的长沙新出租去岳麓山南门，用滴滴，价格在30-40元之间。,"|序号id|应用名称|车型大类|车辆类型|价格|
|---|---|---|---|---|
|0|滴滴|推荐|花小猪正价版|9.47|
|1|滴滴|推荐|特惠快车|10.73|
|2|滴滴|推荐|滴滴快车|11.74|
|3|滴滴|推荐|特快出租车|12.18|
|4|滴滴|拼车|特价拼车|10.07-11.22|
|5|滴滴|拼车|极速拼车|10.51-12.36|
|6|滴滴|拼车|滴滴小巴|10.29-12.11|
|7|滴滴|特价|花小猪外接版|18.59|
|8|滴滴|快速|曹操出行|18.81|
|9|滴滴|快速|出租车|18.92|
|10|滴滴|快速|滴滴轻享|19.17|
|11|滴滴|快速|滴滴特快|19.50|
|12|滴滴|快速|滴滴优享|19.64|
|13|滴滴|快速|滴滴快车|20.99|
|14|滴滴|快速|宽敞好车|22.21|
|15|滴滴|快速|方舟行|22.22|
|16|滴滴|快速|长沙新出租|22.42|
|17|滴滴|舒适|滴滴专车|28.15|
|18|滴滴|舒适|滴滴豪华车|29.46|
|19|滴滴|六座|六座专车|43.40|
|20|滴滴|六座|六座豪华车|45.97|",,"[{""app"": ""滴滴"", ""category"": ""长沙新出租"", ""mode"": ""无"", ""price"": True, ""price_min"": 30, ""price_max"": 40, ""fast"": False}]",滴滴,,长沙新出租,无,无,长沙新出租,TRUE,30,40,,,王笑,,,,,
用滴滴帮我叫个特价中的花小猪外接版去大唐不夜城，价格不超过25元。,"|序号id|应用名称|车型大类|车辆类型|价格|
|---|---|---|---|---|
|0|滴滴|推荐|花小猪正价版|21.21|
|1|滴滴|推荐|特惠快车|22.20|
|2|滴滴|推荐|滴滴快车|24.30|
|3|滴滴|推荐|特快出租车|25.76|
|4|滴滴|推荐|滴滴特快|26.97|
|5|滴滴|拼车|特价拼车|20.31-22.16|
|6|滴滴|拼车|极速拼车|22.52-23.92|
|7|滴滴|特价|花小猪外接版|28.45|
|8|滴滴|特价|惊喜特价|29.96|
|9|滴滴|快速|曹操出行|35.29|
|10|滴滴|快速|出租车|36.35|
|11|滴滴|快速|滴滴轻享|37.28|
|12|滴滴|快速|滴滴特快|37.68|
|13|滴滴|快速|滴滴优享|38.14|
|14|滴滴|快速|滴滴快车|39.33|
|15|滴滴|快速|宽敞好车|39.73|
|16|滴滴|快速|方舟行|40.61|
|17|滴滴|舒适|滴滴专车|67.51|
|18|滴滴|舒适|滴滴豪华车|68.64|
|19|滴滴|六座|六座专车|98.48|
|20|滴滴|六座|六座豪华车|99.93|
|21|滴滴|六座|六座快车|101.27|",,"[{""app"": ""滴滴"", ""category"": ""特价车"", ""mode"": ""花小猪外接版"", ""price"": True, ""price_min"": 0, ""price_max"": 25, ""fast"": False}]",滴滴,,特价车,无,花小猪外接版,,TRUE,0,25,,,王笑,,,,,
叫个城际中的城际拼车去天津滨海新区，用滴滴，价格在200元左右。,"|序号id|应用名称|车型大类|车辆类型|价格|
|---|---|---|---|---|
|0|滴滴|推荐|花小猪正价版|22.47|
|1|滴滴|推荐|特惠快车|24.24|
|2|滴滴|推荐|滴滴快车|24.69|
|3|滴滴|推荐|特快出租车|25.72|
|4|滴滴|推荐|滴滴特快|26.70|
|5|滴滴|拼车|特价拼车|25.12-26.65|
|6|滴滴|拼车|极速拼车|26.38-28.27|
|7|滴滴|特价|花小猪外接版|34.48|
|8|滴滴|特价|惊喜特价|38.45|
|9|滴滴|快速|曹操出行|47.03|
|10|滴滴|快速|出租车|47.07|
|11|滴滴|快速|滴滴轻享|47.25|
|12|滴滴|快速|滴滴特快|49.09|
|13|滴滴|快速|滴滴优享|49.74|
|14|滴滴|快速|滴滴快车|50.07|
|15|滴滴|快速|宽敞好车|50.61|
|16|滴滴|快速|方舟行|50.71|
|17|滴滴|舒适|滴滴专车|64.03|
|18|滴滴|舒适|滴滴豪华车|67.35|
|19|滴滴|六座|六座专车|87.35|
|20|滴滴|六座|六座豪华车|89.96|",,"[{""app"": ""滴滴"", ""category"": ""拼车"", ""mode"": ""城际"", ""price"": True, ""price_min"": 200, ""price_max"": 200, ""fast"": False}]",滴滴,,拼车,无,城际,无,TRUE,200,200,,,王笑,,,,,
用滴滴去环球影城地铁站，选推荐中的滴滴特快，价格在65元上下。,"|序号id|应用名称|车型大类|车辆类型|价格|
|---|---|---|---|---|
|0|滴滴|推荐|花小猪正价版|26.01|
|1|滴滴|推荐|特惠快车|27.09|
|2|滴滴|推荐|滴滴快车|27.34|
|3|滴滴|推荐|特快出租车|29.19|
|4|滴滴|拼车|特价拼车|29.26-30.89|
|5|滴滴|拼车|极速拼车|30.36-31.74|
|6|滴滴|特价|花小猪外接版|30.81|
|7|滴滴|特价|惊喜特价|35.44|
|8|滴滴|快速|曹操出行|51.41|
|9|滴滴|快速|出租车|53.23|
|10|滴滴|快速|滴滴轻享|53.56|
|11|滴滴|快速|滴滴特快|53.68|
|12|滴滴|快速|滴滴优享|54.38|
|13|滴滴|快速|滴滴快车|55.79|
|14|滴滴|快速|宽敞好车|56.06|
|15|滴滴|快速|方舟行|56.12|
|16|滴滴|快速|长沙新出租|56.70|
|17|滴滴|舒适|滴滴专车|86.43|
|18|滴滴|舒适|滴滴豪华车|88.47|
|19|滴滴|六座|六座专车|114.32|
|20|滴滴|六座|六座豪华车|118.18|",,"[{""app"": ""滴滴"", ""category"": ""无"", ""mode"": ""滴滴特快"", ""price"": True, ""price_min"": 65, ""price_max"": 65, ""fast"": False}]",滴滴,,无,,滴滴特快,无,TRUE,65,65,,,王笑,,,,,
打个舒适中的滴滴专车去深圳湾体育中心，用滴滴，价格不超过150元。,"|序号id|应用名称|车型大类|车辆类型|价格|
|---|---|---|---|---|
|0|滴滴|推荐|花小猪正价版|8.99|
|1|滴滴|推荐|特惠快车|12.34|
|2|滴滴|推荐|滴滴快车|14.10|
|3|滴滴|拼车|特价拼车|9.50-10.74|
|4|滴滴|拼车|极速拼车|12.31-13.66|
|5|滴滴|特价|花小猪外接版|16.29|
|6|滴滴|特价|惊喜特价|16.97|
|7|滴滴|特价|特惠快车|18.76|
|8|滴滴|快速|曹操出行|21.56|
|9|滴滴|快速|出租车|21.74|
|10|滴滴|快速|滴滴轻享|22.07|
|11|滴滴|快速|滴滴特快|22.56|
|12|滴滴|快速|滴滴优享|23.36|
|13|滴滴|快速|滴滴快车|24.36|
|14|滴滴|快速|宽敞好车|25.25|
|15|滴滴|快速|方舟行|25.29|
|16|滴滴|快速|长沙新出租|25.81|
|17|滴滴|舒适|滴滴专车|35.72|
|18|滴滴|舒适|滴滴豪华车|38.98|
|19|滴滴|六座|六座专车|57.50|
|20|滴滴|六座|六座豪华车|60.42|",,"[{""app"": ""滴滴"", ""category"": ""专车"", ""mode"": ""滴滴专车"", ""price"": True, ""price_min"": 0, ""price_max"": 150, ""fast"": False}]",滴滴,,专车,无,滴滴专车,,TRUE,0,150,,,王笑,,,,,
用滴滴帮我叫个快速中的大兴新出租去南苑机场，价格在55元左右。,"|序号id|应用名称|车型大类|车辆类型|价格|
|---|---|---|---|---|
|0|滴滴|推荐|花小猪正价版|27.41|
|1|滴滴|推荐|特惠快车|28.29|
|2|滴滴|推荐|滴滴快车|30.19|
|3|滴滴|推荐|特快出租车|32.97|
|4|滴滴|推荐|滴滴特快|33.02|
|5|滴滴|拼车|特价拼车|36.40-37.98|
|6|滴滴|拼车|极速拼车|35.92-36.98|
|7|滴滴|特价|花小猪外接版|40.54|
|8|滴滴|特价|惊喜特价|42.80|
|9|滴滴|快速|曹操出行|55.41|
|10|滴滴|快速|出租车|55.45|
|11|滴滴|快速|滴滴轻享|55.54|
|12|滴滴|快速|滴滴特快|55.69|
|13|滴滴|快速|滴滴优享|55.80|
|14|滴滴|快速|滴滴快车|57.31|
|15|滴滴|快速|宽敞好车|57.84|
|16|滴滴|快速|方舟行|58.24|
|17|滴滴|快速|长沙新出租|59.38|
|18|滴滴|快速|武汉新出租|59.90|
|19|滴滴|舒适|滴滴专车|96.93|
|20|滴滴|六座|六座专车|115.92|
|21|滴滴|六座|六座豪华车|119.90|",,"[{""app"": ""滴滴"", ""category"": ""无"", ""mode"": ""大兴新出租"", ""price"": True, ""price_min"": 55, ""price_max"": 55, ""fast"": False}]",滴滴,,无,,大兴新出租,无,TRUE,55,55,,,王笑,,,,,
叫个推荐中的宽敞好车去夫子庙步行街，用滴滴，价格在40-50元之间。,"|序号id|应用名称|车型大类|车辆类型|价格|
|---|---|---|---|---|
|0|滴滴|推荐|花小猪正价版|28.96|
|1|滴滴|推荐|特惠快车|29.17|
|2|滴滴|推荐|滴滴快车|29.73|
|3|滴滴|推荐|特快出租车|30.03|
|4|滴滴|拼车|特价拼车|29.35-30.57|
|5|滴滴|拼车|极速拼车|28.62-29.79|
|6|滴滴|拼车|滴滴小巴|30.05-31.93|
|7|滴滴|特价|花小猪外接版|33.86|
|8|滴滴|快速|曹操出行|48.89|
|9|滴滴|快速|出租车|49.20|
|10|滴滴|快速|滴滴轻享|49.33|
|11|滴滴|快速|滴滴特快|49.63|
|12|滴滴|快速|滴滴优享|49.91|
|13|滴滴|快速|滴滴快车|50.58|
|14|滴滴|快速|宽敞好车|51.22|
|15|滴滴|快速|方舟行|51.55|
|16|滴滴|快速|长沙新出租|51.79|
|17|滴滴|快速|武汉新出租|51.88|
|18|滴滴|舒适|滴滴专车|67.57|
|19|滴滴|舒适|滴滴豪华车|68.27|
|20|滴滴|六座|六座专车|122.32|
|21|滴滴|六座|六座豪华车|126.23|
|22|滴滴|六座|六座快车|126.24|",,"[{""app"": ""滴滴"", ""category"": ""宽敞好车"", ""mode"": ""无"", ""price"": True, ""price_min"": 40, ""price_max"": 50, ""fast"": False}]",滴滴,,宽敞好车,无,无,,TRUE,40,50,,,王笑,,,,,
用滴滴去青城山景区入口，选快速中的丽江新出租，价格不超过90元。,"|序号id|应用名称|车型大类|车辆类型|价格|
|---|---|---|---|---|
|0|滴滴|推荐|花小猪正价版|23.78|
|1|滴滴|推荐|特惠快车|24.51|
|2|滴滴|推荐|滴滴快车|26.68|
|3|滴滴|推荐|特快出租车|28.69|
|4|滴滴|拼车|特价拼车|23.35-24.70|
|5|滴滴|拼车|极速拼车|30.27-31.47|
|6|滴滴|特价|花小猪外接版|35.09|
|7|滴滴|特价|惊喜特价|35.29|
|8|滴滴|特价|特惠快车|37.27|
|9|滴滴|快速|曹操出行|46.96|
|10|滴滴|快速|出租车|48.47|
|11|滴滴|快速|滴滴轻享|49.86|
|12|滴滴|快速|滴滴特快|50.04|
|13|滴滴|快速|滴滴优享|51.12|
|14|滴滴|快速|滴滴快车|51.88|
|15|滴滴|快速|宽敞好车|52.28|
|16|滴滴|快速|方舟行|52.51|
|17|滴滴|舒适|滴滴专车|68.67|
|18|滴滴|舒适|滴滴豪华车|70.63|
|19|滴滴|六座|六座专车|113.72|
|20|滴滴|六座|六座豪华车|113.97|",,"[{""app"": ""滴滴"", ""category"": ""快速"", ""mode"": ""丽江新出租"", ""price"": True, ""price_min"": 0, ""price_max"": 90, ""fast"": False}]",滴滴,,快速,无,丽江新出租,无,TRUE,0,90,,,王笑,,,,,
打个特价中的特惠快车去成都东客站，用滴滴，价格在28元左右。,"|序号id|应用名称|车型大类|车辆类型|价格|
|---|---|---|---|---|
|0|滴滴|推荐|花小猪正价版|6.39|
|1|滴滴|推荐|特惠快车|8.78|
|2|滴滴|推荐|滴滴快车|10.70|
|3|滴滴|推荐|特快出租车|11.58|
|4|滴滴|拼车|特价拼车|9.78-11.49|
|5|滴滴|拼车|极速拼车|11.12-12.34|
|6|滴滴|特价|花小猪外接版|12.26|
|7|滴滴|特价|惊喜特价|14.03|
|8|滴滴|快速|曹操出行|15.23|
|9|滴滴|快速|出租车|15.89|
|10|滴滴|快速|滴滴轻享|16.86|
|11|滴滴|快速|滴滴特快|17.46|
|12|滴滴|快速|滴滴优享|18.03|
|13|滴滴|快速|滴滴快车|18.58|
|14|滴滴|快速|宽敞好车|18.96|
|15|滴滴|快速|方舟行|19.55|
|16|滴滴|快速|长沙新出租|19.65|
|17|滴滴|舒适|滴滴专车|29.48|
|18|滴滴|六座|六座专车|44.12|",,"[{""app"": ""滴滴"", ""category"": ""特惠快车"", ""mode"": ""无"", ""price"": True, ""price_min"": 28, ""price_max"": 28, ""fast"": False}]",滴滴,,特惠快车,无,无,,TRUE,28,28,,,王笑,,,,,
用滴滴帮我叫个快速中的滴滴轻享去798艺术区，价格不超过35元。,"|序号id|应用名称|车型大类|车辆类型|价格|
|---|---|---|---|---|
|0|滴滴|推荐|花小猪正价版|27.90|
|1|滴滴|推荐|特惠快车|29.77|
|2|滴滴|推荐|滴滴快车|29.79|
|3|滴滴|推荐|特快出租车|29.96|
|4|滴滴|拼车|特价拼车|29.98-31.09|
|5|滴滴|拼车|极速拼车|33.38-34.67|
|6|滴滴|拼车|滴滴小巴|32.13-34.12|
|7|滴滴|特价|花小猪外接版|36.29|
|8|滴滴|特价|惊喜特价|37.92|
|9|滴滴|快速|曹操出行|56.86|
|10|滴滴|快速|出租车|58.73|
|11|滴滴|快速|滴滴轻享|58.77|
|12|滴滴|快速|滴滴特快|59.09|
|13|滴滴|快速|滴滴优享|59.20|
|14|滴滴|快速|滴滴快车|59.49|
|15|滴滴|快速|宽敞好车|59.83|
|16|滴滴|快速|方舟行|60.97|
|17|滴滴|快速|长沙新出租|61.70|
|18|滴滴|快速|武汉新出租|62.27|
|19|滴滴|快速|丽江新出租|62.31|
|20|滴滴|舒适|滴滴专车|93.62|
|21|滴滴|舒适|滴滴豪华车|96.80|
|22|滴滴|六座|六座专车|123.20|
|23|滴滴|六座|六座豪华车|123.71|
|24|滴滴|六座|六座快车|124.44|",,"[{""app"": ""滴滴"", ""category"": ""无"", ""mode"": ""滴滴轻享"", ""price"": True, ""price_min"": 0, ""price_max"": 35, ""fast"": False}]",滴滴,,无,,滴滴轻享,,TRUE,0,35,,,王笑,,,,,
叫个推荐中的超值出租车去中山陵景区，用滴滴，价格在60-70元之间。,"|序号id|应用名称|车型大类|车辆类型|价格|
|---|---|---|---|---|
|0|滴滴|推荐|花小猪正价版|3.08|
|1|滴滴|推荐|特惠快车|6.01|
|2|滴滴|推荐|滴滴快车|6.05|
|3|滴滴|推荐|特快出租车|6.52|
|4|滴滴|拼车|特价拼车|0.78-2.24|
|5|滴滴|拼车|极速拼车|8.75-10.41|
|6|滴滴|拼车|滴滴小巴|3.57-5.04|
|7|滴滴|特价|花小猪外接版|8.28|
|8|滴滴|特价|惊喜特价|9.85|
|9|滴滴|快速|曹操出行|8.60|
|10|滴滴|快速|出租车|8.68|
|11|滴滴|快速|滴滴轻享|8.76|
|12|滴滴|快速|滴滴特快|8.92|
|13|滴滴|快速|滴滴优享|9.08|
|14|滴滴|快速|滴滴快车|9.44|
|15|滴滴|快速|宽敞好车|11.78|
|16|滴滴|快速|方舟行|12.53|
|17|滴滴|快速|长沙新出租|12.61|
|18|滴滴|快速|武汉新出租|13.96|
|19|滴滴|舒适|滴滴专车|10.89|
|20|滴滴|舒适|滴滴豪华车|15.40|
|21|滴滴|六座|六座专车|24.30|
|22|滴滴|六座|六座豪华车|25.16|",,"[{""app"": ""滴滴"", ""category"": ""超值出租车"", ""mode"": ""无"", ""price"": True, ""price_min"": 60, ""price_max"": 70, ""fast"": False}]",滴滴,,超值出租车,无,无,,TRUE,60,70,,,王笑,,,,,
用滴滴去珠海长隆海洋王国，选城际中的顺风车，价格在180元左右。,"|序号id|应用名称|车型大类|车辆类型|价格|
|---|---|---|---|---|
|0|滴滴|推荐|花小猪正价版|19.96|
|1|滴滴|推荐|特惠快车|20.79|
|2|滴滴|推荐|滴滴快车|21.37|
|3|滴滴|推荐|特快出租车|22.78|
|4|滴滴|推荐|滴滴特快|23.00|
|5|滴滴|拼车|特价拼车|25.29-26.80|
|6|滴滴|拼车|极速拼车|20.14-21.24|
|7|滴滴|拼车|滴滴小巴|26.52-28.34|
|8|滴滴|特价|花小猪外接版|34.68|
|9|滴滴|特价|惊喜特价|35.39|
|10|滴滴|快速|曹操出行|41.42|
|11|滴滴|快速|出租车|42.20|
|12|滴滴|快速|滴滴轻享|42.25|
|13|滴滴|快速|滴滴特快|42.25|
|14|滴滴|快速|滴滴优享|43.17|
|15|滴滴|快速|滴滴快车|44.37|
|16|滴滴|快速|宽敞好车|44.97|
|17|滴滴|快速|方舟行|44.98|
|18|滴滴|快速|长沙新出租|45.44|
|19|滴滴|快速|武汉新出租|46.98|
|20|滴滴|快速|丽江新出租|47.23|
|21|滴滴|舒适|滴滴专车|49.12|
|22|滴滴|舒适|滴滴豪华车|51.22|
|23|滴滴|六座|六座专车|85.50|",,"[{""app"": ""滴滴"", ""category"": ""城际, 顺风车"", ""mode"": ""无"", ""price"": True, ""price_min"": 180, ""price_max"": 180, ""fast"": False}]",滴滴,,"城际, 顺风车",无,无,,TRUE,180,180,,,王笑,,,,,
打个快速中的武汉新出租去黄鹤楼东门，用滴滴，价格不超过25元。,"|序号id|应用名称|车型大类|车辆类型|价格|
|---|---|---|---|---|
|0|滴滴|推荐|花小猪正价版|15.66|
|1|滴滴|推荐|特惠快车|15.67|
|2|滴滴|推荐|滴滴快车|17.74|
|3|滴滴|推荐|特快出租车|18.62|
|4|滴滴|推荐|滴滴特快|19.33|
|5|滴滴|拼车|特价拼车|12.20-13.50|
|6|滴滴|拼车|极速拼车|17.30-19.11|
|7|滴滴|特价|花小猪外接版|18.38|
|8|滴滴|特价|惊喜特价|21.93|
|9|滴滴|快速|曹操出行|29.24|
|10|滴滴|快速|出租车|30.48|
|11|滴滴|快速|滴滴轻享|31.20|
|12|滴滴|快速|滴滴特快|32.13|
|13|滴滴|快速|滴滴优享|32.16|
|14|滴滴|快速|滴滴快车|33.19|
|15|滴滴|快速|宽敞好车|34.35|
|16|滴滴|快速|方舟行|34.60|
|17|滴滴|快速|长沙新出租|34.78|
|18|滴滴|舒适|滴滴专车|50.26|
|19|滴滴|六座|六座专车|66.58|
|20|滴滴|六座|六座豪华车|67.71|
|21|滴滴|六座|六座快车|68.20|",,"[{""app"": ""滴滴"", ""category"": ""快车"", ""mode"": ""武汉新出租"", ""price"": True, ""price_min"": 0, ""price_max"": 25, ""fast"": False}]",滴滴,,快车,无,武汉新出租,无,TRUE,0,25,,,王笑,,,,,
用滴滴帮我叫个舒适中的滴滴豪华车去浦东国际机场，价格不限。,"|序号id|应用名称|车型大类|车辆类型|价格|
|---|---|---|---|---|
|0|滴滴|推荐|花小猪正价版|20.39|
|1|滴滴|推荐|特惠快车|21.24|
|2|滴滴|推荐|滴滴快车|24.18|
|3|滴滴|推荐|特快出租车|24.68|
|4|滴滴|推荐|滴滴特快|24.84|
|5|滴滴|拼车|特价拼车|20.75-22.34|
|6|滴滴|拼车|极速拼车|21.46-23.35|
|7|滴滴|特价|花小猪外接版|26.23|
|8|滴滴|特价|惊喜特价|27.30|
|9|滴滴|特价|特惠快车|27.36|
|10|滴滴|快速|曹操出行|35.49|
|11|滴滴|快速|出租车|35.61|
|12|滴滴|快速|滴滴轻享|35.66|
|13|滴滴|快速|滴滴特快|35.99|
|14|滴滴|快速|滴滴优享|36.55|
|15|滴滴|快速|滴滴快车|37.32|
|16|滴滴|快速|宽敞好车|38.64|
|17|滴滴|快速|方舟行|41.06|
|18|滴滴|舒适|滴滴专车|59.43|
|19|滴滴|舒适|滴滴豪华车|61.73|
|20|滴滴|六座|六座专车|69.87|
|21|滴滴|六座|六座豪华车|71.59|",,"[{""app"": ""滴滴"", ""category"": ""舒适"", ""mode"": ""滴滴豪华车"", ""price"": True, ""price_min"": 0, ""price_max"": 100000, ""fast"": False}]",滴滴,,舒适,无,滴滴豪华车,,TRUE,0,100000,,,王笑,,,,,
叫个特价中的花小猪外接版去橘子洲头地铁站，用滴滴，价格在20-25元之间。,"|序号id|应用名称|车型大类|车辆类型|价格|
|---|---|---|---|---|
|0|滴滴|推荐|花小猪正价版|18.22|
|1|滴滴|推荐|特惠快车|18.86|
|2|滴滴|推荐|滴滴快车|22.83|
|3|滴滴|推荐|特快出租车|24.03|
|4|滴滴|拼车|特价拼车|18.15-19.59|
|5|滴滴|拼车|极速拼车|22.59-23.63|
|6|滴滴|拼车|滴滴小巴|24.27-26.26|
|7|滴滴|特价|花小猪外接版|22.27|
|8|滴滴|特价|惊喜特价|24.87|
|9|滴滴|特价|特惠快车|26.76|
|10|滴滴|快速|曹操出行|32.12|
|11|滴滴|快速|出租车|32.64|
|12|滴滴|快速|滴滴轻享|34.86|
|13|滴滴|快速|滴滴特快|35.05|
|14|滴滴|快速|滴滴优享|35.05|
|15|滴滴|快速|滴滴快车|35.62|
|16|滴滴|快速|宽敞好车|36.02|
|17|滴滴|快速|方舟行|36.08|
|18|滴滴|舒适|滴滴专车|52.32|
|19|滴滴|六座|六座专车|68.66|",,"[{""app"": ""滴滴"", ""category"": ""特价车"", ""mode"": ""花小猪外接版"", ""price"": True, ""price_min"": 20, ""price_max"": 25, ""fast"": False}]",滴滴,,特价车,无,花小猪外接版,,TRUE,20,25,,,王笑,,,,,
用滴滴去鸟巢体育馆，选推荐中的滴滴快车，价格在55元上下。,"|序号id|应用名称|车型大类|车辆类型|价格|
|---|---|---|---|---|
|0|滴滴|推荐|花小猪正价版|18.73|
|1|滴滴|推荐|特惠快车|20.20|
|2|滴滴|推荐|滴滴快车|20.73|
|3|滴滴|推荐|特快出租车|23.30|
|4|滴滴|推荐|滴滴特快|23.41|
|5|滴滴|推荐|宽敞好车|23.54|
|6|滴滴|拼车|特价拼车|16.80-18.76|
|7|滴滴|拼车|极速拼车|18.18-19.64|
|8|滴滴|特价|花小猪外接版|23.05|
|9|滴滴|特价|惊喜特价|23.50|
|10|滴滴|快速|曹操出行|32.74|
|11|滴滴|快速|出租车|34.66|
|12|滴滴|快速|滴滴轻享|35.11|
|13|滴滴|快速|滴滴特快|35.52|
|14|滴滴|快速|滴滴优享|36.24|
|15|滴滴|快速|滴滴快车|36.37|
|16|滴滴|快速|宽敞好车|36.60|
|17|滴滴|快速|方舟行|38.04|
|18|滴滴|快速|长沙新出租|38.57|
|19|滴滴|舒适|滴滴专车|45.53|
|20|滴滴|六座|六座专车|81.29|
|21|滴滴|六座|六座豪华车|83.91|",推荐|滴滴快车,"[{""app"": ""滴滴"", ""category"": ""快车"", ""mode"": ""滴滴快车"", ""price"": True, ""price_min"": 55, ""price_max"": 55, ""fast"": False}]",滴滴,,快车,无,滴滴快车,,TRUE,55,55,,,王笑,,,,,
打个快速中的方舟行去兵马俑博物馆，用滴滴，价格不超过85元。,"|序号id|应用名称|车型大类|车辆类型|价格|
|---|---|---|---|---|
|0|滴滴|推荐|花小猪正价版|14.89|
|1|滴滴|推荐|特惠快车|16.62|
|2|滴滴|推荐|滴滴快车|20.22|
|3|滴滴|拼车|特价拼车|9.46-10.69|
|4|滴滴|拼车|极速拼车|14.15-15.50|
|5|滴滴|特价|花小猪外接版|23.79|
|6|滴滴|快速|曹操出行|26.72|
|7|滴滴|快速|出租车|26.73|
|8|滴滴|快速|滴滴轻享|28.23|
|9|滴滴|快速|滴滴特快|29.93|
|10|滴滴|快速|滴滴优享|30.37|
|11|滴滴|快速|滴滴快车|30.53|
|12|滴滴|快速|宽敞好车|31.14|
|13|滴滴|快速|方舟行|31.16|
|14|滴滴|快速|长沙新出租|31.65|
|15|滴滴|舒适|滴滴专车|42.67|
|16|滴滴|舒适|滴滴豪华车|45.53|
|17|滴滴|六座|六座专车|59.49|
|18|滴滴|六座|六座豪华车|63.32|",,"[{""app"": ""滴滴"", ""category"": ""无"", ""mode"": ""方舟行"", ""price"": True, ""price_min"": 0, ""price_max"": 85, ""fast"": False}]",滴滴,,无,,方舟行,,TRUE,0,85,,,王笑,,,,,
用滴滴帮我叫个推荐中的特快出租车去崂山风景区，价格在120元左右。,"|序号id|应用名称|车型大类|车辆类型|价格|
|---|---|---|---|---|
|0|滴滴|推荐|花小猪正价版|14.88|
|1|滴滴|推荐|特惠快车|16.21|
|2|滴滴|推荐|滴滴快车|16.80|
|3|滴滴|推荐|特快出租车|17.44|
|4|滴滴|推荐|滴滴特快|18.69|
|5|滴滴|推荐|宽敞好车|18.91|
|6|滴滴|拼车|特价拼车|14.15-16.00|
|7|滴滴|拼车|极速拼车|19.96-21.86|
|8|滴滴|特价|花小猪外接版|20.29|
|9|滴滴|特价|惊喜特价|21.66|
|10|滴滴|特价|特惠快车|25.48|
|11|滴滴|快速|曹操出行|31.00|
|12|滴滴|快速|出租车|31.40|
|13|滴滴|快速|滴滴轻享|31.90|
|14|滴滴|快速|滴滴特快|32.24|
|15|滴滴|快速|滴滴优享|33.87|
|16|滴滴|快速|滴滴快车|34.49|
|17|滴滴|快速|宽敞好车|34.92|
|18|滴滴|快速|方舟行|35.90|
|19|滴滴|快速|长沙新出租|36.45|
|20|滴滴|舒适|滴滴专车|46.40|
|21|滴滴|舒适|滴滴豪华车|47.98|
|22|滴滴|六座|六座专车|63.94|
|23|滴滴|六座|六座豪华车|64.05|",,"[{""app"": ""滴滴"", ""category"": ""特快"", ""mode"": ""无"", ""price"": True, ""price_min"": 120, ""price_max"": 120, ""fast"": False}]",滴滴,,特快,无,无,特快出租车,TRUE,120,120,,,王笑,,,,,
叫个快速中的昆明新出租去滇池海埂公园，用滴滴，价格在40-50元之间。,"|序号id|应用名称|车型大类|车辆类型|价格|
|---|---|---|---|---|
|0|滴滴|推荐|花小猪正价版|13.52|
|1|滴滴|推荐|特惠快车|14.69|
|2|滴滴|推荐|滴滴快车|16.76|
|3|滴滴|推荐|特快出租车|17.86|
|4|滴滴|推荐|滴滴特快|17.91|
|5|滴滴|拼车|特价拼车|19.92-20.96|
|6|滴滴|拼车|极速拼车|18.77-20.28|
|7|滴滴|特价|花小猪外接版|24.26|
|8|滴滴|特价|惊喜特价|27.19|
|9|滴滴|快速|曹操出行|31.90|
|10|滴滴|快速|出租车|32.16|
|11|滴滴|快速|滴滴轻享|32.31|
|12|滴滴|快速|滴滴特快|32.40|
|13|滴滴|快速|滴滴优享|32.41|
|14|滴滴|快速|滴滴快车|32.70|
|15|滴滴|快速|宽敞好车|35.40|
|16|滴滴|快速|方舟行|35.51|
|17|滴滴|舒适|滴滴专车|51.54|
|18|滴滴|舒适|滴滴豪华车|51.73|
|19|滴滴|六座|六座专车|60.89|
|20|滴滴|六座|六座豪华车|64.86|",,"[{""app"": ""滴滴"", ""category"": ""无"", ""mode"": ""昆明新出租"", ""price"": True, ""price_min"": 40, ""price_max"": 50, ""fast"": False}]",滴滴,,无,,昆明新出租,无,TRUE,40,50,,,王笑,,,,,
用滴滴去横店影视城，选城际中的城际拼车，价格不超过200元。,"|序号id|应用名称|车型大类|车辆类型|价格|
|---|---|---|---|---|
|0|滴滴|推荐|花小猪正价版|25.49|
|1|滴滴|推荐|特惠快车|26.78|
|2|滴滴|推荐|滴滴快车|28.09|
|3|滴滴|推荐|特快出租车|29.29|
|4|滴滴|推荐|滴滴特快|29.45|
|5|滴滴|推荐|宽敞好车|29.51|
|6|滴滴|拼车|特价拼车|30.49-32.27|
|7|滴滴|拼车|极速拼车|29.83-31.83|
|8|滴滴|特价|花小猪外接版|37.63|
|9|滴滴|特价|惊喜特价|38.10|
|10|滴滴|快速|曹操出行|57.64|
|11|滴滴|快速|出租车|57.74|
|12|滴滴|快速|滴滴轻享|59.44|
|13|滴滴|快速|滴滴特快|59.45|
|14|滴滴|快速|滴滴优享|59.72|
|15|滴滴|快速|滴滴快车|60.85|
|16|滴滴|快速|宽敞好车|60.98|
|17|滴滴|快速|方舟行|62.36|
|18|滴滴|快速|长沙新出租|62.80|
|19|滴滴|舒适|滴滴专车|82.66|
|20|滴滴|六座|六座专车|112.49|
|21|滴滴|六座|六座豪华车|113.43|",,"[{""app"": ""滴滴"", ""category"": ""无"", ""mode"": ""城际拼车"", ""price"": True, ""price_min"": 0, ""price_max"": 200, ""fast"": False}]",滴滴,,无,,城际拼车,无,TRUE,0,200,,,王笑,,,,,
打个推荐中的宽敞好车去千岛湖游船码头，用滴滴，价格在150元上下。,"|序号id|应用名称|车型大类|车辆类型|价格|
|---|---|---|---|---|
|0|滴滴|推荐|花小猪正价版|12.54|
|1|滴滴|推荐|特惠快车|13.07|
|2|滴滴|推荐|滴滴快车|15.98|
|3|滴滴|推荐|特快出租车|17.14|
|4|滴滴|拼车|特价拼车|15.55-17.54|
|5|滴滴|拼车|极速拼车|14.30-15.43|
|6|滴滴|特价|花小猪外接版|17.45|
|7|滴滴|特价|惊喜特价|18.49|
|8|滴滴|快速|曹操出行|23.35|
|9|滴滴|快速|出租车|23.87|
|10|滴滴|快速|滴滴轻享|24.59|
|11|滴滴|快速|滴滴特快|25.75|
|12|滴滴|快速|滴滴优享|26.33|
|13|滴滴|快速|滴滴快车|27.01|
|14|滴滴|快速|宽敞好车|27.06|
|15|滴滴|快速|方舟行|27.15|
|16|滴滴|快速|长沙新出租|28.09|
|17|滴滴|舒适|滴滴专车|42.97|
|18|滴滴|六座|六座专车|58.64|
|19|滴滴|六座|六座豪华车|59.08|",,"[{""app"": ""滴滴"", ""category"": ""宽敞好车"", ""mode"": ""无"", ""price"": True, ""price_min"": 150, ""price_max"": 150, ""fast"": False}]",滴滴,,宽敞好车,无,无,,TRUE,150,150,,,王笑,,,,,
用滴滴帮我叫个快速中的滴滴优享去广州塔入口，价格在65元左右。,"|序号id|应用名称|车型大类|车辆类型|价格|
|---|---|---|---|---|
|0|滴滴|推荐|花小猪正价版|22.15|
|1|滴滴|推荐|特惠快车|22.96|
|2|滴滴|推荐|滴滴快车|24.10|
|3|滴滴|推荐|特快出租车|24.71|
|4|滴滴|推荐|滴滴特快|25.70|
|5|滴滴|拼车|特价拼车|21.53-22.62|
|6|滴滴|拼车|极速拼车|20.84-22.80|
|7|滴滴|拼车|滴滴小巴|27.72-29.68|
|8|滴滴|特价|花小猪外接版|30.37|
|9|滴滴|特价|惊喜特价|31.92|
|10|滴滴|快速|曹操出行|45.07|
|11|滴滴|快速|出租车|45.30|
|12|滴滴|快速|滴滴轻享|45.44|
|13|滴滴|快速|滴滴特快|45.94|
|14|滴滴|快速|滴滴优享|46.07|
|15|滴滴|快速|滴滴快车|47.10|
|16|滴滴|快速|宽敞好车|48.93|
|17|滴滴|舒适|滴滴专车|56.13|
|18|滴滴|六座|六座专车|97.83|
|19|滴滴|六座|六座豪华车|98.79|
|20|滴滴|六座|六座快车|101.02|",,"[{""app"": ""滴滴"", ""category"": ""无"", ""mode"": ""滴滴优享"", ""price"": True, ""price_min"": 65, ""price_max"": 65, ""fast"": False}]",滴滴,,无,,滴滴优享,,TRUE,65,65,,,王笑,,,,,
叫个特价中的惊喜特价车去平遥古城北门，用滴滴，价格不超过30元。,"|序号id|应用名称|车型大类|车辆类型|价格|
|---|---|---|---|---|
|0|滴滴|推荐|花小猪正价版|30.18|
|1|滴滴|推荐|特惠快车|32.10|
|2|滴滴|推荐|滴滴快车|33.64|
|3|滴滴|拼车|特价拼车|28.30-29.76|
|4|滴滴|拼车|极速拼车|31.68-32.98|
|5|滴滴|特价|花小猪外接版|39.14|
|6|滴滴|特价|惊喜特价|41.86|
|7|滴滴|快速|曹操出行|58.92|
|8|滴滴|快速|出租车|59.15|
|9|滴滴|快速|滴滴轻享|59.48|
|10|滴滴|快速|滴滴特快|59.76|
|11|滴滴|快速|滴滴优享|59.82|
|12|滴滴|快速|滴滴快车|59.84|
|13|滴滴|快速|宽敞好车|60.10|
|14|滴滴|快速|方舟行|61.40|
|15|滴滴|快速|长沙新出租|63.87|
|16|滴滴|快速|武汉新出租|64.20|
|17|滴滴|舒适|滴滴专车|85.42|
|18|滴滴|舒适|滴滴豪华车|86.26|
|19|滴滴|六座|六座专车|106.41|
|20|滴滴|六座|六座豪华车|110.02|",,"[{""app"": ""滴滴"", ""category"": ""特价车"", ""mode"": ""无"", ""price"": True, ""price_min"": 0, ""price_max"": 30, ""fast"": False}]",滴滴,,特价车,无,无,惊喜特价,TRUE,0,30,,,王笑,,,,,