车列表名称,车列表参数,多轮对话query1,多轮对话query2,多轮对话query3,车列表,sysSessionId,模型1返回结果,input,output,output标准答案,模型2返回结果,模型2标准答案,模型1三大项标注,模型1最快打车意图标注,app字段准确性,category，mode车型字段准确性,"price，price_min, price_max价格字段准确性",fast最快打车意图字段准确性,模型2准确率,模型2召回率
滴滴车列表,"{
        ""appName"": ""滴滴"",
        ""taxiSkuList"": [
                {""index"": ""1"", ""category"": ""推荐"", ""carModel"": ""极速拼车"", ""price"": 8},
                {""index"": ""2"", ""category"": ""推荐"", ""carModel"": ""特惠快车"", ""price"": 12},
                {""index"": ""3"", ""category"": ""推荐"", ""carModel"": ""滴滴快车"", ""price"": 13},
                {""index"": ""4"", ""category"": ""拼车"", ""carModel"": ""特价拼车"", ""price"": 7},
                {""index"": ""5"", ""category"": ""拼车"", ""carModel"": ""极速拼车"", ""price"": 8.5},
                {""index"": ""6"", ""category"": ""特价"", ""carModel"": ""花小猪外接版"", ""price"": 9.8},
                {""index"": ""7"", ""category"": ""特价"", ""carModel"": ""特惠快车"", ""price"": 8.8},
                {""index"": ""8"", ""category"": ""快速"", ""carModel"": ""花小猪正价版"", ""price"": 10},
                {""index"": ""9"", ""category"": ""快速"", ""carModel"": ""曹操出行"", ""price"": 11},
                {""index"": ""10"", ""category"": ""快速"", ""carModel"": ""特快出租车"", ""price"": 10.3},
                {""index"": ""11"", ""category"": ""快速"", ""carModel"": ""滴滴特快"", ""price"": 15.8},
                {""index"": ""12"", ""category"": ""快速"", ""carModel"": ""出租车"", ""price"": 14},
                {""index"": ""13"", ""category"": ""快速"", ""carModel"": ""滴滴快车"", ""price"": 16},
                {""index"": ""14"", ""category"": ""舒适"", ""carModel"": ""滴滴专车"", ""price"": 42},
                {""index"": ""15"", ""category"": ""舒适"", ""carModel"": ""滴滴豪华车"", ""price"": 68},
                {""index"": ""16"", ""category"": ""六座"", ""carModel"": ""六座专车"", ""price"": 54},
                {""index"": ""17"", ""category"": ""更多"", ""carModel"": ""滴滴代驾"", ""price"": 17},
                {""index"": ""18"", ""category"": ""更多"", ""carModel"": ""宠物出行"", ""price"": 21},
                {""index"": ""19"", ""category"": ""更多"", ""carModel"": ""滴滴包车"", ""price"": 39},
                {""index"": ""20"", ""category"": ""送货"", ""carModel"": ""汽车快送"", ""price"": 25},
                {""index"": ""21"", ""category"": ""送货"", ""carModel"": ""跑腿"", ""price"": 28},
                {""index"": ""22"", ""category"": ""特价"", ""carModel"": ""惊喜特价"", ""price"": 9.9},
                {""index"": ""23"", ""category"": ""推荐"", ""carModel"": ""顺风车"", ""price"": 22.5},
                {""index"": ""24"", ""category"": ""城际"", ""carModel"": ""城际拼车"", ""price"": 56.5},
                {""index"": ""25"", ""category"": ""城际"", ""carModel"": ""顺风车"", ""price"": 62},
                {""index"": ""26"", ""category"": ""推荐"", ""carModel"": ""花小猪外接版"", ""price"": 15},
                {""index"": ""27"", ""category"": ""推荐"", ""carModel"": ""花小猪正价版"", ""price"": 13.5},
                {""index"": ""28"", ""category"": ""推荐"", ""carModel"": ""滴滴专车"", ""price"": 24},
                {""index"": ""29"", ""category"": ""推荐"", ""carModel"": ""惊喜特价"", ""price"": 12.8}
        ]
}",有没有吃饭的地方,预算18块钱从南京禄口机场滴滴打车到江宁区,12点从南京眼打车去奥体中心，13以内,滴滴车列表,sessionId20250606lhx4001,"{'appName': '滴滴', 'carModelRelated': False, 'categoryRelated': False, 'fastRelated': False, 'priceRelated': True}","[{""content"":""# 用户需求：\n有没有吃饭的地方，预算18块钱从南京禄口机场滴滴打车到江宁区，12点从南京眼打车去奥体中心，13以内\n\n# 用户提供示例：\n\n\n**如果用户需求与用户提供示例相同时，必须输出用户提供的结果**"",""exts"":""{\""userHistoryInputContent\"":\""有没有吃饭的地方，预算18块钱从南京禄口机场滴滴打车到江宁区，12点从南京眼打车去奥体中心，13以内\""}""}]","```json
[{""app"": ""滴滴"", ""category"": ""无"", ""mode"": ""无"", ""price"": true, ""price_min"": 0, ""price_max"": 13, ""fast"": false}]
```","```json
[{""app"": ""滴滴"", ""category"": ""无"", ""mode"": ""无"", ""price"": true, ""price_min"": 0, ""price_max"": 13, ""fast"": false}]
```","['1', '2', '3', '4', '5', '6', '7', '8', '9', '10', '22', '29']","['1', '2', '3', '4', '5', '6', '7', '8', '9', '10', '22', '29']",1,1,1,1,1,1,1,1
高德车列表,"{
        ""appName"": ""高德"",
        ""taxiSkuList"": [
                {""index"": ""1"", ""category"": ""拼车"", ""carModel"": ""极速拼车"", ""price"": 7.2},
                {""index"": ""2"", ""category"": ""特惠快车"", ""carModel"": ""特惠快车"", ""price"": 8.5},
                {""index"": ""3"", ""category"": ""经济型"", ""carModel"": ""曹操出行"", ""price"": 7.9},
                {""index"": ""4"", ""category"": ""经济型"", ""carModel"": ""T3出行"", ""price"": 8.3},
                {""index"": ""5"", ""category"": ""经济型"", ""carModel"": ""享道出行"", ""price"": 9},
                {""index"": ""6"", ""category"": ""经济型"", ""carModel"": ""鞍马出行"", ""price"": 10},
                {""index"": ""7"", ""category"": ""经济型"", ""carModel"": ""腾飞出行"", ""price"": 10.5},
                {""index"": ""8"", ""category"": ""经济型"", ""carModel"": ""及时用车"", ""price"": 9.5},
                {""index"": ""9"", ""category"": ""经济型"", ""carModel"": ""风韵出行"", ""price"": 9.5},
                {""index"": ""10"", ""category"": ""经济型"", ""carModel"": ""环旅出行"", ""price"": 8.9},
                {""index"": ""11"", ""category"": ""经济型"", ""carModel"": ""神州专车"", ""price"": 9.5},
                {""index"": ""12"", ""category"": ""经济型"", ""carModel"": ""叮叮出行"", ""price"": 10},
                {""index"": ""13"", ""category"": ""经济型"", ""carModel"": ""迪尔出行"", ""price"": 10.5},
                {""index"": ""14"", ""category"": ""经济型"", ""carModel"": ""旅程约车"", ""price"": 8},
                {""index"": ""15"", ""category"": ""经济型"", ""carModel"": ""聚优出租"", ""price"": 11},
                {""index"": ""16"", ""category"": ""经济型"", ""carModel"": ""阳光出行"", ""price"": 13},
                {""index"": ""17"", ""category"": ""经济型"", ""carModel"": ""首汽约车"", ""price"": 11.5},
                {""index"": ""18"", ""category"": ""经济型"", ""carModel"": ""有序出行"", ""price"": 12},
                {""index"": ""19"", ""category"": ""经济型"", ""carModel"": ""沛途出行"", ""price"": 11.5},
                {""index"": ""20"", ""category"": ""经济型"", ""carModel"": ""有滴出行"", ""price"": 12.5},
                {""index"": ""21"", ""category"": ""经济型"", ""carModel"": ""365约车"", ""price"": 13},
                {""index"": ""22"", ""category"": ""经济型"", ""carModel"": ""南京出租"", ""price"": 14},
                {""index"": ""23"", ""category"": ""经济型"", ""carModel"": ""腾飞新出租"", ""price"": 12},
                {""index"": ""24"", ""category"": ""经济型"", ""carModel"": ""鞍马聚的新出租"", ""price"": 16},
                {""index"": ""25"", ""category"": ""特快车"", ""carModel"": ""特快车"", ""price"": 18.5},
                {""index"": ""26"", ""category"": ""出租"", ""carModel"": ""出租车"", ""price"": 16},
                {""index"": ""27"", ""category"": ""优享型"", ""carModel"": ""曹操出行"", ""price"": 17.5},
                {""index"": ""28"", ""category"": ""优享型"", ""carModel"": ""阳光出行"", ""price"": 18},
                {""index"": ""29"", ""category"": ""优享型"", ""carModel"": ""T3出行"", ""price"": 19},
                {""index"": ""30"", ""category"": ""优享型"", ""carModel"": ""首汽约车"", ""price"": 19},
                {""index"": ""31"", ""category"": ""优享型"", ""carModel"": ""鞍马出行"", ""price"": 19.5},
                {""index"": ""32"", ""category"": ""优享型"", ""carModel"": ""风韵出行"", ""price"": 18.5},
                {""index"": ""33"", ""category"": ""优享型"", ""carModel"": ""腾飞出行"", ""price"": 18},
                {""index"": ""34"", ""category"": ""优享型"", ""carModel"": ""有滴出行"", ""price"": 18.5},
                {""index"": ""35"", ""category"": ""优享型"", ""carModel"": ""及时用车"", ""price"": 19.5},
                {""index"": ""36"", ""category"": ""优享型"", ""carModel"": ""神州专车"", ""price"": 19},
                {""index"": ""37"", ""category"": ""优享型"", ""carModel"": ""环旅出行"", ""price"": 19.5},
                {""index"": ""38"", ""category"": ""优享型"", ""carModel"": ""叮叮出行"", ""price"": 19.5},
                {""index"": ""39"", ""category"": ""优享型"", ""carModel"": ""沛途出行"", ""price"": 20},
                {""index"": ""40"", ""category"": ""优享型"", ""carModel"": ""旅程约车"", ""price"": 19},
                {""index"": ""41"", ""category"": ""专车"", ""carModel"": ""品质专车"", ""price"": 32},
                {""index"": ""42"", ""category"": ""六座商务"", ""carModel"": ""六座商务"", ""price"": 35},
                {""index"": ""43"", ""category"": ""送东西"", ""carModel"": ""高德秒送"", ""price"": 26},
                {""index"": ""44"", ""category"": ""顺风车"", ""carModel"": ""顺风车"", ""price"": 33},
                {""index"": ""45"", ""category"": ""特价拼车"", ""carModel"": ""特价拼车"", ""price"": 12},
                {""index"": ""46"", ""category"": ""推荐"", ""carModel"": ""顺风车"", ""price"": 17},
                {""index"": ""47"", ""category"": ""推荐"", ""carModel"": ""特价拼车"", ""price"": 12},
                {""index"": ""48"", ""category"": ""经济"", ""carModel"": ""曹操出行"", ""price"": 8.9},
                {""index"": ""49"", ""category"": ""经济"", ""carModel"": ""T3出行"", ""price"": 8.5},
                {""index"": ""50"", ""category"": ""经济"", ""carModel"": ""享道出行"", ""price"": 9},
                {""index"": ""51"", ""category"": ""经济"", ""carModel"": ""鞍马出行"", ""price"": 7.8},
                {""index"": ""52"", ""category"": ""经济"", ""carModel"": ""腾飞出行"", ""price"": 7.5},
                {""index"": ""53"", ""category"": ""经济"", ""carModel"": ""有序出行"", ""price"": 8},
                {""index"": ""54"", ""category"": ""经济"", ""carModel"": ""神州专车"", ""price"": 8},
                {""index"": ""55"", ""category"": ""经济"", ""carModel"": ""妥妥E行"", ""price"": 7.9},
                {""index"": ""56"", ""category"": ""经济"", ""carModel"": ""及时用车"", ""price"": 7.6},
                {""index"": ""57"", ""category"": ""经济"", ""carModel"": ""环旅出行"", ""price"": 8},
                {""index"": ""58"", ""category"": ""经济"", ""carModel"": ""沛途出行"", ""price"": 8.1},
                {""index"": ""59"", ""category"": ""经济"", ""carModel"": ""旅程约车"", ""price"": 8.3},
                {""index"": ""60"", ""category"": ""经济"", ""carModel"": ""风韵出行"", ""price"": 8.3},
                {""index"": ""61"", ""category"": ""经济"", ""carModel"": ""阳光出行"", ""price"": 8.2},
                {""index"": ""62"", ""category"": ""经济"", ""carModel"": ""首汽约车"", ""price"": 8},
                {""index"": ""63"", ""category"": ""经济"", ""carModel"": ""叮叮出行"", ""price"": 7.6},
                {""index"": ""64"", ""category"": ""经济"", ""carModel"": ""迪尔出行"", ""price"": 7.5},
                {""index"": ""65"", ""category"": ""经济"", ""carModel"": ""有滴出行"", ""price"": 7},
                {""index"": ""66"", ""category"": ""经济"", ""carModel"": ""聚优出租"", ""price"": 8},
                {""index"": ""67"", ""category"": ""经济"", ""carModel"": ""南京出租"", ""price"": 7.4},
                {""index"": ""68"", ""category"": ""经济"", ""carModel"": ""腾飞新出租"", ""price"": 7.9},
                {""index"": ""69"", ""category"": ""经济"", ""carModel"": ""鞍马聚的新出租"", ""price"": 8.5},
                {""index"": ""70"", ""category"": ""优享型"", ""carModel"": ""享道出行"", ""price"": 11},
                {""index"": ""71"", ""category"": ""推荐"", ""carModel"": ""品质专车"", ""price"": 28},
                {""index"": ""72"", ""category"": ""经济"", ""carModel"": ""365约车"", ""price"": 10},
                {""index"": ""73"", ""category"": ""优享型"", ""carModel"": ""旅程专车"", ""price"": 29},
                {""index"": ""74"", ""category"": ""经济型"", ""carModel"": ""聚优出行"", ""price"": 9},
                {""index"": ""75"", ""category"": ""出租车"", ""carModel"": ""鞍马聚的-高档出租车"", ""price"": 15},
                {""index"": ""76"", ""category"": ""品质专车"", ""carModel"": ""风韵出行"", ""price"": 35},
                {""index"": ""77"", ""category"": ""品质专车"", ""carModel"": ""鞍马出行"", ""price"": 42},
                {""index"": ""78"", ""category"": ""品质专车"", ""carModel"": ""叮叮出行"", ""price"": 46},
                {""index"": ""79"", ""category"": ""品质专车"", ""carModel"": ""首汽约车"", ""price"": 45},
                {""index"": ""80"", ""category"": ""品质专车"", ""carModel"": ""腾飞出行"", ""price"": 38},
                {""index"": ""81"", ""category"": ""品质专车"", ""carModel"": ""环旅出行"", ""price"": 39},
                {""index"": ""82"", ""category"": ""品质专车"", ""carModel"": ""神州专车"", ""price"": 45},
                {""index"": ""83"", ""category"": ""六座商务"", ""carModel"": ""享道出行"", ""price"": 41},
                {""index"": ""84"", ""category"": ""六座商务"", ""carModel"": ""首汽约车"", ""price"": 39},
                {""index"": ""85"", ""category"": ""出租车"", ""carModel"": ""鞍马聚的-低档"", ""price"": 19},
                {""index"": ""86"", ""category"": ""六座商务"", ""carModel"": ""叮叮出行"", ""price"": 44},
                {""index"": ""87"", ""category"": ""六座商务"", ""carModel"": ""腾飞出行"", ""price"": 40},
                {""index"": ""88"", ""category"": ""六座商务"", ""carModel"": ""神州专车"", ""price"": 50},
                {""index"": ""89"", ""category"": ""特惠快车"", ""carModel"": ""首汽约车"", ""price"": 12},
                {""index"": ""10"", ""category"": ""特惠快车"", ""carModel"": ""T3出行"", ""price"": 13},
                {""index"": ""91"", ""category"": ""特惠快车"", ""carModel"": ""享道出行"", ""price"": 12.5},
                {""index"": ""92"", ""category"": ""特惠快车"", ""carModel"": ""曹操出行"", ""price"": 13.8},
                {""index"": ""93"", ""category"": ""特惠快车"", ""carModel"": ""鞍马出行"", ""price"": 13.4},
                {""index"": ""94"", ""category"": ""特惠快车"", ""carModel"": ""风韵出行"", ""price"": 12.9},
                {""index"": ""95"", ""category"": ""特惠快车"", ""carModel"": ""有序出行"", ""price"": 12.6},
                {""index"": ""96"", ""category"": ""特惠快车"", ""carModel"": ""腾飞出行"", ""price"": 12.8},
                {""index"": ""97"", ""category"": ""特惠快车"", ""carModel"": ""阳光出行"", ""price"": 13},
                {""index"": ""98"", ""category"": ""特惠快车"", ""carModel"": ""叮叮出行"", ""price"": 12.2},
                {""index"": ""99"", ""category"": ""特惠快车"", ""carModel"": ""神州专车"", ""price"": 12.5},
                {""index"": ""100"", ""category"": ""特惠快车"", ""carModel"": ""迪尔出行"", ""price"": 12.6},
                {""index"": ""101"", ""category"": ""特惠快车"", ""carModel"": ""及时用车"", ""price"": 12.5},
                {""index"": ""102"", ""category"": ""特惠快车"", ""carModel"": ""有滴出行"", ""price"": 13.4},
                {""index"": ""103"", ""category"": ""特惠快车"", ""carModel"": ""环旅出行"", ""price"": 13.2},
                {""index"": ""104"", ""category"": ""特惠快车"", ""carModel"": ""沛途出行"", ""price"": 12},
                {""index"": ""105"", ""category"": ""特惠快车"", ""carModel"": ""聚优出行"", ""price"": 14},
                {""index"": ""106"", ""category"": ""特惠快车"", ""carModel"": ""南京出租"", ""price"": 16},
                {""index"": ""107"", ""category"": ""特惠快车"", ""carModel"": ""365约车"", ""price"": 12.5},
                {""index"": ""108"", ""category"": ""特惠快车"", ""carModel"": ""腾飞新出租"", ""price"": 12.3},
                {""index"": ""109"", ""category"": ""特惠快车"", ""carModel"": ""妥妥E行"", ""price"": 13},
                {""index"": ""110"", ""category"": ""特惠快车"", ""carModel"": ""聚的新出租"", ""price"": 11.8},
                {""index"": ""111"", ""category"": ""经济型"", ""carModel"": ""妥妥E行"", ""price"": 14},
                {""index"": ""112"", ""category"": ""优享型"", ""carModel"": ""365约车"", ""price"": 15},
                {""index"": ""113"", ""category"": ""品质专车"", ""carModel"": ""有序出行"", ""price"": 48},
                {""index"": ""114"", ""category"": ""六座商务"", ""carModel"": ""特价专车"", ""price"": 40},
                {""index"": ""115"", ""category"": ""特惠快车"", ""carModel"": ""旅程约车"", ""price"": 16},
                {""index"": ""116"", ""category"": ""特惠快车"", ""carModel"": ""聚优出租"", ""price"": 17},
                {""index"": ""117"", ""category"": ""特惠快车"", ""carModel"": ""聚的出租车"", ""price"": 17.9},
                {""index"": ""118"", ""category"": ""品质专车"", ""carModel"": ""享道出行"", ""price"": 38}
        ]
}",预算16块钱从南京禄口机场打车到市区,我要从河西金鹰滴滴打车到南京眼，不超过10块的,那边堵不堵车,滴滴车列表,sessionId20250606lhx4002,"{'appName': '滴滴', 'carModelRelated': False, 'categoryRelated': False, 'fastRelated': False, 'priceRelated': True}","[{""content"":""# 用户需求：\n预算16块钱从南京禄口机场打车到市区，我要从河西金鹰滴滴打车到南京眼，不超过10块的，那边堵不堵车\n\n# 用户提供示例：\n\n\n**如果用户需求与用户提供示例相同时，必须输出用户提供的结果**"",""exts"":""{\""userHistoryInputContent\"":\""预算16块钱从南京禄口机场打车到市区，我要从河西金鹰滴滴打车到南京眼，不超过10块的，那边堵不堵车\""}""}]","```json
[{""app"": ""滴滴"", ""category"": ""无"", ""mode"": ""无"", ""price"": true, ""price_min"": 0, ""price_max"": 10, ""fast"": false}]
```","```json
[{""app"": ""滴滴"", ""category"": ""无"", ""mode"": ""无"", ""price"": true, ""price_min"": 0, ""price_max"": 10, ""fast"": false}]
```","['1', '4', '5', '6', '7', '8', '22']","['1', '4', '5', '6', '7', '8', '22']",1,1,1,1,1,1,1,1
,,我要从新街口德基广场打车到南京博物院，不超过9块的,从玄武湖公园滴滴打车去鸡鸣寺，13 - 16元。,鸡鸣寺人多不多啊,滴滴车列表,sessionId20250606lhx4003,"{'appName': '', 'carModelRelated': False, 'categoryRelated': False, 'fastRelated': False, 'priceRelated': True}","[{""content"":""# 用户需求：\n我要从新街口德基广场打车到南京博物院，不超过9块的，从玄武湖公园滴滴打车去鸡鸣寺，13 - 16元。，鸡鸣寺人多不多啊\n\n# 用户提供示例：\n\n\n**如果用户需求与用户提供示例相同时，必须输出用户提供的结果**"",""exts"":""{\""userHistoryInputContent\"":\""我要从新街口德基广场打车到南京博物院，不超过9块的，从玄武湖公园滴滴打车去鸡鸣寺，13 - 16元。，鸡鸣寺人多不多啊\""}""}]","```json
[{""app"": ""无"", ""category"": ""无"", ""mode"": ""无"", ""price"": true, ""price_min"": 0, ""price_max"": 9, ""fast"": false}, {""app"": ""滴滴"", ""category"": ""无"", ""mode"": ""无"", ""price"": true, ""price_min"": 13, ""price_max"": 16, ""fast"": false}]
```","```json
[{""app"": ""无"", ""category"": ""无"", ""mode"": ""无"", ""price"": true, ""price_min"": 0, ""price_max"": 9, ""fast"": false}, {""app"": ""滴滴"", ""category"": ""无"", ""mode"": ""无"", ""price"": true, ""price_min"": 13, ""price_max"": 16, ""fast"": false}]
```","['3', '11', '12', '13', '26', '27']","['3','11','12','13','26','27']",1,1,1,1,1,1,1,1
,,17块以内能从南京林业大学打车去南京邮电大学吗？,从鸡鸣寺滴滴打车去玄武湖公园，12 - 15元。,滴滴多长时间能到那边,滴滴车列表,sessionId20250606lhx4004,"{'appName': '滴滴', 'carModelRelated': False, 'categoryRelated': False, 'fastRelated': False, 'priceRelated': True}","[{""content"":""# 用户需求：\n17块以内能从南京林业大学打车去南京邮电大学吗？，从鸡鸣寺滴滴打车去玄武湖公园，12 - 15元。，滴滴多长时间能到那边\n\n# 用户提供示例：\n\n\n**如果用户需求与用户提供示例相同时，必须输出用户提供的结果**"",""exts"":""{\""userHistoryInputContent\"":\""17块以内能从南京林业大学打车去南京邮电大学吗？，从鸡鸣寺滴滴打车去玄武湖公园，12 - 15元。，滴滴多长时间能到那边\""}""}]","```json
[{""app"": ""滴滴"", ""category"": ""无"", ""mode"": ""无"", ""price"": true, ""price_min"": 12, ""price_max"": 15, ""fast"": false}]
```","```json
[{""app"": ""滴滴"", ""category"": ""无"", ""mode"": ""无"", ""price"": true, ""price_min"": 12, ""price_max"": 15, ""fast"": false}]
```","['2', '3', '12', '26', '27', '29']","['2','3','12','26','27','29']",1,1,1,1,1,1,1,1
,,这个时间段会不会堵车,15块以内能从南京邮电大学打车去南京财经大学吗？,14左右预约下午3点从南京南站到南京站的滴滴打车。,滴滴车列表,sessionId20250606lhx4005,"{'appName': '滴滴', 'carModelRelated': False, 'categoryRelated': False, 'fastRelated': False, 'priceRelated': True}","[{""content"":""# 用户需求：\n这个时间段会不会堵车，15块以内能从南京邮电大学打车去南京财经大学吗？，14左右预约下午3点从南京南站到南京站的滴滴打车。\n\n# 用户提供示例：\n\n\n**如果用户需求与用户提供示例相同时，必须输出用户提供的结果**"",""exts"":""{\""userHistoryInputContent\"":\""这个时间段会不会堵车，15块以内能从南京邮电大学打车去南京财经大学吗？，14左右预约下午3点从南京南站到南京站的滴滴打车。\""}""}]","```json
[{""app"": ""滴滴"", ""category"": ""无"", ""mode"": ""无"", ""price"": true, ""price_min"": 14, ""price_max"": 14, ""fast"": false}]
```","```json
[{""app"": ""滴滴"", ""category"": ""无"", ""mode"": ""无"", ""price"": true, ""price_min"": 14, ""price_max"": 14, ""fast"": false}]
```","['3', '12', '26', '27', '29']","['3', '12', '26', '27', '29']",1,1,1,1,1,1,1,1
,,13左右预约晚上8点从南京站到夫子庙的车。,麦当劳今天有没有活动,滴滴打车去离我最近的麦当劳，最便宜多少？,滴滴车列表,sessionId20250606lhx4006,"{'appName': '滴滴', 'carModelRelated': False, 'categoryRelated': False, 'fastRelated': False, 'priceRelated': True}","[{""content"":""# 用户需求：\n13左右预约晚上8点从南京站到夫子庙的车。，麦当劳今天有没有活动，滴滴打车去离我最近的麦当劳，最便宜多少？\n\n# 用户提供示例：\n\n\n**如果用户需求与用户提供示例相同时，必须输出用户提供的结果**"",""exts"":""{\""userHistoryInputContent\"":\""13左右预约晚上8点从南京站到夫子庙的车。，麦当劳今天有没有活动，滴滴打车去离我最近的麦当劳，最便宜多少？\""}""}]","```json
[{""app"": ""滴滴"", ""category"": ""无"", ""mode"": ""无"", ""price"": true, ""price_min"": -1, ""price_max"": 0, ""fast"": false}]
```","```json
[{""app"": ""滴滴"", ""category"": ""无"", ""mode"": ""无"", ""price"": true, ""price_min"": -1, ""price_max"": 0, ""fast"": false}]
```",['4'],['4'],1,1,1,1,1,1,1,1
,,从南京工业大学打车去南京审计大学，要18元以内的。,滴滴打车去离我最近的星巴克，最便宜多少？,校门口能停车吗，我想买杯咖啡,滴滴车列表,sessionId20250606lhx4007,"{'appName': '滴滴', 'carModelRelated': False, 'categoryRelated': False, 'fastRelated': False, 'priceRelated': True}","[{""content"":""# 用户需求：\n从南京工业大学打车去南京审计大学，要18元以内的。，滴滴打车去离我最近的星巴克，最便宜多少？，校门口能停车吗，我想买杯咖啡\n\n# 用户提供示例：\n\n\n**如果用户需求与用户提供示例相同时，必须输出用户提供的结果**"",""exts"":""{\""userHistoryInputContent\"":\""从南京工业大学打车去南京审计大学，要18元以内的。，滴滴打车去离我最近的星巴克，最便宜多少？，校门口能停车吗，我想买杯咖啡\""}""}]","```json
[{""app"": ""滴滴"", ""category"": ""无"", ""mode"": ""无"", ""price"": true, ""price_min"": -1, ""price_max"": 0, ""fast"": false}]
```","```json
[{""app"": ""滴滴"", ""category"": ""无"", ""mode"": ""无"", ""price"": true, ""price_min"": -1, ""price_max"": 0, ""fast"": false}]
```",['4'],['4'],1,1,1,1,1,1,1,1
,,从南京审计大学打车去南京工业大学，要16元以内的。,南京海底世界票价多少钱,滴滴打车去南京海底世界，打车费用大约在25 - 35元。,滴滴车列表,sessionId20250606lhx4008,"{'appName': '滴滴', 'carModelRelated': False, 'categoryRelated': False, 'fastRelated': False, 'priceRelated': True}","[{""content"":""# 用户需求：\n从南京审计大学打车去南京工业大学，要16元以内的。，南京海底世界票价多少钱，滴滴打车去南京海底世界，打车费用大约在25 - 35元。\n\n# 用户提供示例：\n\n\n**如果用户需求与用户提供示例相同时，必须输出用户提供的结果**"",""exts"":""{\""userHistoryInputContent\"":\""从南京审计大学打车去南京工业大学，要16元以内的。，南京海底世界票价多少钱，滴滴打车去南京海底世界，打车费用大约在25 - 35元。\""}""}]","```json
[{""app"": ""滴滴"", ""category"": ""无"", ""mode"": ""无"", ""price"": true, ""price_min"": 25, ""price_max"": 35, ""fast"": false}]
```","```json
[{""app"": ""滴滴"", ""category"": ""无"", ""mode"": ""无"", ""price"": true, ""price_min"": 25, ""price_max"": 35, ""fast"": false}]
```","['20', '21']","['20','21']",1,1,1,1,1,1,1,1
,,故宫需不需要预约,打车去北京故宫，预计花费在120 - 180元的。,滴滴打车去南京绿博园，打车费用大约在20 - 30元。,滴滴车列表,sessionId20250606lhx4009,"{'appName': '', 'carModelRelated': False, 'categoryRelated': False, 'fastRelated': False, 'priceRelated': True}","[{""content"":""# 用户需求：\n故宫需不需要预约，打车去北京故宫，预计花费在120 - 180元的。，滴滴打车去南京绿博园，打车费用大约在20 - 30元。\n\n# 用户提供示例：\n\n\n**如果用户需求与用户提供示例相同时，必须输出用户提供的结果**"",""exts"":""{\""userHistoryInputContent\"":\""故宫需不需要预约，打车去北京故宫，预计花费在120 - 180元的。，滴滴打车去南京绿博园，打车费用大约在20 - 30元。\""}""}]","```json
[{""app"": ""无"", ""category"": ""无"", ""mode"": ""无"", ""price"": true, ""price_min"": 120, ""price_max"": 180, ""fast"": false}, {""app"": ""滴滴"", ""category"": ""无"", ""mode"": ""无"", ""price"": true, ""price_min"": 20, ""price_max"": 30, ""fast"": false}]
```","```json
[{""app"": ""无"", ""category"": ""无"", ""mode"": ""无"", ""price"": true, ""price_min"": 120, ""price_max"": 180, ""fast"": false}, {""app"": ""滴滴"", ""category"": ""无"", ""mode"": ""无"", ""price"": true, ""price_min"": 20, ""price_max"": 30, ""fast"": false}]
```","['18', '20', '21', '23', '28']","['18','20','21','23','28']",1,1,1,1,1,1,1,1
,,打车去上海外滩，预计花费在80 - 120元的。,滴滴打车到南京博物院，选最便宜的。,南京博物院需不需要预约,滴滴车列表,sessionId20250606lhx4010,"{'appName': '', 'carModelRelated': False, 'categoryRelated': False, 'fastRelated': False, 'priceRelated': True}","[{""content"":""# 用户需求：\n打车去上海外滩，预计花费在80 - 120元的。，滴滴打车到南京博物院，选最便宜的。，南京博物院需不需要预约\n\n# 用户提供示例：\n\n\n**如果用户需求与用户提供示例相同时，必须输出用户提供的结果**"",""exts"":""{\""userHistoryInputContent\"":\""打车去上海外滩，预计花费在80 - 120元的。，滴滴打车到南京博物院，选最便宜的。，南京博物院需不需要预约\""}""}]","```json
[{""app"": ""无"", ""category"": ""无"", ""mode"": ""无"", ""price"": true, ""price_min"": 80, ""price_max"": 120, ""fast"": false}, {""app"": ""滴滴"", ""category"": ""无"", ""mode"": ""无"", ""price"": true, ""price_min"": -1, ""price_max"": 0, ""fast"": false}]
```","```json
[{""app"": ""无"", ""category"": ""无"", ""mode"": ""无"", ""price"": true, ""price_min"": 80, ""price_max"": 120, ""fast"": false}, {""app"": ""滴滴"", ""category"": ""无"", ""mode"": ""无"", ""price"": true, ""price_min"": -1, ""price_max"": 0, ""fast"": false}]
```",['4'],['4'],1,1,1,1,1,1,1,1
,,打车到南京总统府，选最便宜的。,苏州园林附近有吃的吗,滴滴打车去苏州园林，费用大概在50 - 70元区间的。,滴滴车列表,sessionId20250606lhx4011,"{'appName': '滴滴', 'carModelRelated': False, 'categoryRelated': False, 'fastRelated': False, 'priceRelated': True}","[{""content"":""# 用户需求：\n打车到南京总统府，选最便宜的。，苏州园林附近有吃的吗，滴滴打车去苏州园林，费用大概在50 - 70元区间的。\n\n# 用户提供示例：\n\n\n**如果用户需求与用户提供示例相同时，必须输出用户提供的结果**"",""exts"":""{\""userHistoryInputContent\"":\""打车到南京总统府，选最便宜的。，苏州园林附近有吃的吗，滴滴打车去苏州园林，费用大概在50 - 70元区间的。\""}""}]","```json
[{""app"": ""滴滴"", ""category"": ""无"", ""mode"": ""无"", ""price"": true, ""price_min"": 50, ""price_max"": 70, ""fast"": false}]
```","```json
[{""app"": ""滴滴"", ""category"": ""无"", ""mode"": ""无"", ""price"": true, ""price_min"": 50, ""price_max"": 70, ""fast"": false}]
```","['15', '16', '24', '25']","['16','24','25','15']",1,1,1,1,1,1,1,1
,,新街口百万厕所在哪个位置,从南京站打车去新街口，不要超过15的滴滴。,打车去扬州瘦西湖，费用大概在60 - 80元区间的。,滴滴车列表,sessionId20250606lhx4012,"{'appName': '', 'carModelRelated': False, 'categoryRelated': False, 'fastRelated': False, 'priceRelated': True}","[{""content"":""# 用户需求：\n新街口百万厕所在哪个位置，从南京站打车去新街口，不要超过15的滴滴。，打车去扬州瘦西湖，费用大概在60 - 80元区间的。\n\n# 用户提供示例：\n\n\n**如果用户需求与用户提供示例相同时，必须输出用户提供的结果**"",""exts"":""{\""userHistoryInputContent\"":\""新街口百万厕所在哪个位置，从南京站打车去新街口，不要超过15的滴滴。，打车去扬州瘦西湖，费用大概在60 - 80元区间的。\""}""}]","```json
[{""app"": ""滴滴"", ""category"": ""无"", ""mode"": ""无"", ""price"": true, ""price_min"": 0, ""price_max"": 15, ""fast"": false}, {""app"": ""无"", ""category"": ""无"", ""mode"": ""无"", ""price"": true, ""price_min"": 60, ""price_max"": 80, ""fast"": false}]
```","```json
[{""app"": ""滴滴"", ""category"": ""无"", ""mode"": ""无"", ""price"": true, ""price_min"": 0, ""price_max"": 15, ""fast"": false}, {""app"": ""无"", ""category"": ""无"", ""mode"": ""无"", ""price"": true, ""price_min"": 60, ""price_max"": 80, ""fast"": false}]
```","['1', '2', '3', '4', '5', '6', '7', '8', '9', '10', '12', '22', '26', '27', '29']","['1', '2', '3', '4', '5', '6', '7', '8', '9', '10', '12', '22', '26', '27', '29']",1,1,1,1,1,1,1,1
,,小孩今天放不放假,打车去南京科技馆，要价格最便宜的。,从南京南站打车去新街口，不要超过18的滴滴。,滴滴车列表,sessionId20250606lhx4013,"{'appName': '', 'carModelRelated': False, 'categoryRelated': False, 'fastRelated': False, 'priceRelated': True}","[{""content"":""# 用户需求：\n小孩今天放不放假，打车去南京科技馆，要价格最便宜的。，从南京南站打车去新街口，不要超过18的滴滴。\n\n# 用户提供示例：\n\n\n**如果用户需求与用户提供示例相同时，必须输出用户提供的结果**"",""exts"":""{\""userHistoryInputContent\"":\""小孩今天放不放假，打车去南京科技馆，要价格最便宜的。，从南京南站打车去新街口，不要超过18的滴滴。\""}""}]","```json
[{""app"": ""无"", ""category"": ""无"", ""mode"": ""无"", ""price"": true, ""price_min"": -1, ""price_max"": 0, ""fast"": false}, {""app"": ""滴滴"", ""category"": ""无"", ""mode"": ""无"", ""price"": true, ""price_min"": 0, ""price_max"": 18, ""fast"": false}]
```","```json
[{""app"": ""无"", ""category"": ""无"", ""mode"": ""无"", ""price"": true, ""price_min"": -1, ""price_max"": 0, ""fast"": false}, {""app"": ""滴滴"", ""category"": ""无"", ""mode"": ""无"", ""price"": true, ""price_min"": 0, ""price_max"": 18, ""fast"": false}]
```","['1', '2', '3', '4', '5', '6', '7', '8', '9', '10', '11', '12', '13', '17', '22', '26', '27', '29']","['1','2','3','4','5','6','7','8','9','10','11','12','13','17','22','26','27','29']",1,1,1,1,1,1,1,1
,,打车去南京红山森林动物园，要价格最便宜的。,6块钱以内从夫子庙滴滴打车去老门东。,老门东哪个位置拍照最出片,滴滴车列表,sessionId20250606lhx4014,"{'appName': '滴滴', 'carModelRelated': False, 'categoryRelated': False, 'fastRelated': False, 'priceRelated': True}","[{""content"":""# 用户需求：\n打车去南京红山森林动物园，要价格最便宜的。，6块钱以内从夫子庙滴滴打车去老门东。，老门东哪个位置拍照最出片\n\n# 用户提供示例：\n\n\n**如果用户需求与用户提供示例相同时，必须输出用户提供的结果**"",""exts"":""{\""userHistoryInputContent\"":\""打车去南京红山森林动物园，要价格最便宜的。，6块钱以内从夫子庙滴滴打车去老门东。，老门东哪个位置拍照最出片\""}""}]","```json
[{""app"": ""滴滴"", ""category"": ""无"", ""mode"": ""无"", ""price"": true, ""price_min"": 0, ""price_max"": 6, ""fast"": false}]
```","```json
[{""app"": ""滴滴"", ""category"": ""无"", ""mode"": ""无"", ""price"": true, ""price_min"": 0, ""price_max"": 6, ""fast"": false}]
```",[],[],1,1,1,1,1,1,1,1
,,门口有卖花的吗,打车去南京大屠杀遇难同胞纪念馆，选最便宜的。,7块钱以内从新街口滴滴打车去珠江路。,滴滴车列表,sessionId20250606lhx4015,"{'appName': '滴滴', 'carModelRelated': False, 'categoryRelated': False, 'fastRelated': False, 'priceRelated': True}","[{""content"":""# 用户需求：\n门口有卖花的吗，打车去南京大屠杀遇难同胞纪念馆，选最便宜的。，7块钱以内从新街口滴滴打车去珠江路。\n\n# 用户提供示例：\n\n\n**如果用户需求与用户提供示例相同时，必须输出用户提供的结果**"",""exts"":""{\""userHistoryInputContent\"":\""门口有卖花的吗，打车去南京大屠杀遇难同胞纪念馆，选最便宜的。，7块钱以内从新街口滴滴打车去珠江路。\""}""}]","```json
[{""app"": ""滴滴"", ""category"": ""无"", ""mode"": ""无"", ""price"": true, ""price_min"": -1, ""price_max"": 7, ""fast"": false}]
```","```json
[{""app"": ""滴滴"", ""category"": ""无"", ""mode"": ""无"", ""price"": true, ""price_min"": -1, ""price_max"": 7, ""fast"": false}]
```",['4'],['4'],1,1,1,1,1,1,1,1
,,我想打车到雨花客厅,今天天气怎么样,天气好我就滴滴打车,滴滴车列表,sessionId20250606lhx4016,"{'appName': '滴滴', 'carModelRelated': False, 'categoryRelated': False, 'fastRelated': False, 'priceRelated': False}","[{""content"":""# 用户需求：\n我想打车到雨花客厅，今天天气怎么样，天气好我就滴滴打车\n\n# 用户提供示例：\n\n\n**如果用户需求与用户提供示例相同时，必须输出用户提供的结果**"",""exts"":""{\""userHistoryInputContent\"":\""我想打车到雨花客厅，今天天气怎么样，天气好我就滴滴打车\""}""}]","```json
[{""app"": ""滴滴"", ""category"": ""无"", ""mode"": ""无"", ""price"": false, ""price_min"": 0, ""price_max"": 0, ""fast"": false}]
```","```json
[{""app"": ""滴滴"", ""category"": ""无"", ""mode"": ""无"", ""price"": false, ""price_min"": 0, ""price_max"": 0, ""fast"": false}]
```","['1', '2', '3', '4', '5', '6', '7', '8', '9', '10', '11', '12', '13', '14', '15', '16', '17', '18', '19', '20', '21', '22', '23', '24', '25', '26', '27', '28', '29']","['1','2','3','4','5','6','7','8','9','10','11','12','13','14','15','16','17','18','19','20','21','22','23','24','25','26','27','28','29']",1,1,1,1,1,1,1,1
,,下班想拼个车,滴滴回家,下雨所以拼车,滴滴车列表,sessionId20250606lhx4017,"{'appName': '滴滴', 'carModelRelated': False, 'categoryRelated': True, 'fastRelated': False, 'priceRelated': False}","[{""content"":""# 用户需求：\n下班想拼个车，滴滴回家，下雨所以拼车\n\n# 用户提供示例：\n\n\n**如果用户需求与用户提供示例相同时，必须输出用户提供的结果**"",""exts"":""{\""userHistoryInputContent\"":\""下班想拼个车，滴滴回家，下雨所以拼车\""}""}]","```json
[{""app"": ""滴滴"", ""category"": ""拼车"", ""mode"": ""无"", ""price"": false, ""price_min"": 0, ""price_max"": 0, ""fast"": false}]
```","```json
[{""app"": ""滴滴"", ""category"": ""拼车"", ""mode"": ""无"", ""price"": false, ""price_min"": 0, ""price_max"": 0, ""fast"": false}]
```","['1', '4', '5']","['1','4','5','24']",1,1,1,1,1,1,1,0.75
,,请给我叫一辆快车，价格便宜点,最近手头有点紧,滴滴叫特惠快车就行,滴滴车列表,sessionId20250606lhx4018,"{'appName': '滴滴', 'carModelRelated': False, 'categoryRelated': True, 'fastRelated': False, 'priceRelated': True}","[{""content"":""# 用户需求：\n请给我叫一辆快车，价格便宜点，最近手头有点紧，滴滴叫特惠快车就行\n\n# 用户提供示例：\n\n\n**如果用户需求与用户提供示例相同时，必须输出用户提供的结果**"",""exts"":""{\""userHistoryInputContent\"":\""请给我叫一辆快车，价格便宜点，最近手头有点紧，滴滴叫特惠快车就行\""}""}]","```json
[{""app"": ""滴滴"", ""category"": ""快车, 特惠快车"", ""mode"": ""无"", ""price"": true, ""price_min"": -1, ""price_max"": 0, ""fast"": false}]
```","```json
[{""app"": ""滴滴"", ""category"": ""快车, 特惠快车"", ""mode"": ""无"", ""price"": true, ""price_min"": -1, ""price_max"": 0, ""fast"": false}]
```",['7'],"['2','7']",1,1,1,1,1,1,1,0.5
,,滴滴打一个商务型车去镇江出差,明天早上9点出发,出差的原因是开会,滴滴车列表,sessionId20250606lhx4019,"{'appName': '滴滴', 'carModelRelated': False, 'categoryRelated': True, 'fastRelated': False, 'priceRelated': False}","[{""content"":""# 用户需求：\n滴滴打一个商务型车去镇江出差，明天早上9点出发，出差的原因是开会\n\n# 用户提供示例：\n\n\n**如果用户需求与用户提供示例相同时，必须输出用户提供的结果**"",""exts"":""{\""userHistoryInputContent\"":\""滴滴打一个商务型车去镇江出差，明天早上9点出发，出差的原因是开会\""}""}]","```json
[{""app"": ""滴滴"", ""category"": ""商务型车"", ""mode"": ""无"", ""price"": false, ""price_min"": 0, ""price_max"": 0, ""fast"": false}]
```","```json
[{""app"": ""滴滴"", ""category"": ""商务型车"", ""mode"": ""无"", ""price"": false, ""price_min"": 0, ""price_max"": 0, ""fast"": false}]
```",['16'],['16'],1,1,1,1,1,1,1,1
,,请帮我叫一辆最便宜的滴滴车，从南京南站到玄武湖,听说玄武湖的樱花开了，想看看,我中午12点下高铁,滴滴车列表,sessionId20250606lhx4020,"{'appName': '滴滴', 'carModelRelated': False, 'categoryRelated': False, 'fastRelated': False, 'priceRelated': True}","[{""content"":""# 用户需求：\n请帮我叫一辆最便宜的滴滴车，从南京南站到玄武湖，听说玄武湖的樱花开了，想看看，我中午12点下高铁\n\n# 用户提供示例：\n\n\n**如果用户需求与用户提供示例相同时，必须输出用户提供的结果**"",""exts"":""{\""userHistoryInputContent\"":\""请帮我叫一辆最便宜的滴滴车，从南京南站到玄武湖，听说玄武湖的樱花开了，想看看，我中午12点下高铁\""}""}]","```json
[{""app"": ""滴滴"", ""category"": ""无"", ""mode"": ""无"", ""price"": true, ""price_min"": -1, ""price_max"": 0, ""fast"": false}]
```","```json
[{""app"": ""滴滴"", ""category"": ""无"", ""mode"": ""无"", ""price"": true, ""price_min"": -1, ""price_max"": 0, ""fast"": false}]
```",['4'],['4'],1,1,1,1,1,1,1,1
,,今天朋友约我在老门东吃饭,准备6点滴滴打车过去,听说老门东的饭店菜也不错,滴滴车列表,sessionId20250606lhx4021,"{'appName': '滴滴', 'carModelRelated': False, 'categoryRelated': False, 'fastRelated': False, 'priceRelated': False}","[{""content"":""# 用户需求：\n今天朋友约我在老门东吃饭，准备6点滴滴打车过去，听说老门东的饭店菜也不错\n\n# 用户提供示例：\n\n\n**如果用户需求与用户提供示例相同时，必须输出用户提供的结果**"",""exts"":""{\""userHistoryInputContent\"":\""今天朋友约我在老门东吃饭，准备6点滴滴打车过去，听说老门东的饭店菜也不错\""}""}]","```json
[{""app"": ""滴滴"", ""category"": ""无"", ""mode"": ""无"", ""price"": false, ""price_min"": 0, ""price_max"": 0, ""fast"": false}]
```","```json
[{""app"": ""滴滴"", ""category"": ""无"", ""mode"": ""无"", ""price"": false, ""price_min"": 0, ""price_max"": 0, ""fast"": false}]
```","['1', '2', '3', '4', '5', '6', '7', '8', '9', '10', '11', '12', '13', '14', '15', '16', '17', '18', '19', '20', '21', '22', '23', '24', '25', '26', '27', '28', '29']","['1','2','3','4','5','6','7','8','9','10','11','12','13','14','15','16','17','18','19','20','21','22','23','24','25','26','27','28','29']",1,1,1,1,1,1,1,1
,,打个车去中山陵,门票需要预约吗,快车，价格不超过30元，滴滴就行,滴滴车列表,sessionId20250606lhx4022,"{'appName': '滴滴', 'carModelRelated': False, 'categoryRelated': True, 'fastRelated': False, 'priceRelated': True}","[{""content"":""# 用户需求：\n打个车去中山陵，门票需要预约吗，快车，价格不超过30元，滴滴就行\n\n# 用户提供示例：\n\n\n**如果用户需求与用户提供示例相同时，必须输出用户提供的结果**"",""exts"":""{\""userHistoryInputContent\"":\""打个车去中山陵，门票需要预约吗，快车，价格不超过30元，滴滴就行\""}""}]","```json
[{""app"": ""滴滴"", ""category"": ""快车"", ""mode"": ""无"", ""price"": true, ""price_min"": 0, ""price_max"": 30, ""fast"": false}]
```","```json
[{""app"": ""滴滴"", ""category"": ""快车"", ""mode"": ""无"", ""price"": true, ""price_min"": 0, ""price_max"": 30, ""fast"": false}]
```","['2', '3', '7', '8', '9', '10', '11', '12', '13']","['2', '3', '7', '8', '9', '10', '11', '12', '13']",1,1,1,1,1,1,1,1
,,听说最近打车，都有大额优惠券？,我刚好早晨想滴滴打车上班，加班加的实在不想挤地铁了,给我一个领券入口,滴滴车列表,sessionId20250606lhx4023,"{'appName': '滴滴', 'carModelRelated': False, 'categoryRelated': False, 'fastRelated': False, 'priceRelated': False}","[{""content"":""# 用户需求：\n听说最近打车，都有大额优惠券？，我刚好早晨想滴滴打车上班，加班加的实在不想挤地铁了，给我一个领券入口\n\n# 用户提供示例：\n\n\n**如果用户需求与用户提供示例相同时，必须输出用户提供的结果**"",""exts"":""{\""userHistoryInputContent\"":\""听说最近打车，都有大额优惠券？，我刚好早晨想滴滴打车上班，加班加的实在不想挤地铁了，给我一个领券入口\""}""}]","```json
[{""app"": ""滴滴"", ""category"": ""无"", ""mode"": ""无"", ""price"": false, ""price_min"": 0, ""price_max"": 0, ""fast"": false}]
```","```json
[{""app"": ""滴滴"", ""category"": ""无"", ""mode"": ""无"", ""price"": false, ""price_min"": 0, ""price_max"": 0, ""fast"": false}]
```","['1', '2', '3', '4', '5', '6', '7', '8', '9', '10', '11', '12', '13', '14', '15', '16', '17', '18', '19', '20', '21', '22', '23', '24', '25', '26', '27', '28', '29']","['1','2','3','4','5','6','7','8','9','10','11','12','13','14','15','16','17','18','19','20','21','22','23','24','25','26','27','28','29']",1,1,1,1,1,1,1,1
,,滴滴打个车,想找个当地比较著名的洗浴中心蒸桑拿,最近皮肤有点不好，好好洗个澡,滴滴车列表,sessionId20250606lhx4024,"{'appName': '滴滴', 'carModelRelated': False, 'categoryRelated': False, 'fastRelated': False, 'priceRelated': False}","[{""content"":""# 用户需求：\n滴滴打个车，想找个当地比较著名的洗浴中心蒸桑拿，最近皮肤有点不好，好好洗个澡\n\n# 用户提供示例：\n\n\n**如果用户需求与用户提供示例相同时，必须输出用户提供的结果**"",""exts"":""{\""userHistoryInputContent\"":\""滴滴打个车，想找个当地比较著名的洗浴中心蒸桑拿，最近皮肤有点不好，好好洗个澡\""}""}]","```json
[{""app"": ""滴滴"", ""category"": ""无"", ""mode"": ""无"", ""price"": false, ""price_min"": 0, ""price_max"": 0, ""fast"": false}]
```","```json
[{""app"": ""滴滴"", ""category"": ""无"", ""mode"": ""无"", ""price"": false, ""price_min"": 0, ""price_max"": 0, ""fast"": false}]
```","['1', '2', '3', '4', '5', '6', '7', '8', '9', '10', '11', '12', '13', '14', '15', '16', '17', '18', '19', '20', '21', '22', '23', '24', '25', '26', '27', '28', '29']","['1','2','3','4','5','6','7','8','9','10','11','12','13','14','15','16','17','18','19','20','21','22','23','24','25','26','27','28','29']",1,1,1,1,1,1,1,1
,,给我叫一辆滴滴，去北京中关村,有个朋友在那边,刚好出差到这边，坐个车去玩,滴滴车列表,sessionId20250606lhx4025,"{'appName': '滴滴', 'carModelRelated': False, 'categoryRelated': False, 'fastRelated': False, 'priceRelated': False}","[{""content"":""# 用户需求：\n给我叫一辆滴滴，去北京中关村，有个朋友在那边，刚好出差到这边，坐个车去玩\n\n# 用户提供示例：\n\n\n**如果用户需求与用户提供示例相同时，必须输出用户提供的结果**"",""exts"":""{\""userHistoryInputContent\"":\""给我叫一辆滴滴，去北京中关村，有个朋友在那边，刚好出差到这边，坐个车去玩\""}""}]","```json
[{""app"": ""滴滴"", ""category"": ""无"", ""mode"": ""无"", ""price"": false, ""price_min"": 0, ""price_max"": 0, ""fast"": false}]
```","```json
[{""app"": ""滴滴"", ""category"": ""无"", ""mode"": ""无"", ""price"": false, ""price_min"": 0, ""price_max"": 0, ""fast"": false}]
```","['1', '2', '3', '4', '5', '6', '7', '8', '9', '10', '11', '12', '13', '14', '15', '16', '17', '18', '19', '20', '21', '22', '23', '24', '25', '26', '27', '28', '29']","['1','2','3','4','5','6','7','8','9','10','11','12','13','14','15','16','17','18','19','20','21','22','23','24','25','26','27','28','29']",1,1,1,1,1,1,1,1
,,打车去奥体看周杰伦的演唱会,不知道人多不多,坐地铁还是滴滴打车比较快,滴滴车列表,sessionId20250606lhx4026,"{'appName': '滴滴', 'carModelRelated': False, 'categoryRelated': False, 'fastRelated': False, 'priceRelated': False}","[{""content"":""# 用户需求：\n打车去奥体看周杰伦的演唱会，不知道人多不多，坐地铁还是滴滴打车比较快\n\n# 用户提供示例：\n\n\n**如果用户需求与用户提供示例相同时，必须输出用户提供的结果**"",""exts"":""{\""userHistoryInputContent\"":\""打车去奥体看周杰伦的演唱会，不知道人多不多，坐地铁还是滴滴打车比较快\""}""}]","```json
[{""app"": ""滴滴"", ""category"": ""无"", ""mode"": ""无"", ""price"": false, ""price_min"": 0, ""price_max"": 0, ""fast"": false}]
```","```json
[{""app"": ""滴滴"", ""category"": ""无"", ""mode"": ""无"", ""price"": false, ""price_min"": 0, ""price_max"": 0, ""fast"": false}]
```","['1', '2', '3', '4', '5', '6', '7', '8', '9', '10', '11', '12', '13', '14', '15', '16', '17', '18', '19', '20', '21', '22', '23', '24', '25', '26', '27', '28', '29']","['1','2','3','4','5','6','7','8','9','10','11','12','13','14','15','16','17','18','19','20','21','22','23','24','25','26','27','28','29']",1,1,1,1,1,1,1,1
,,我想滴滴打车,去公司,有急事，最好是2分钟就能上车的,滴滴车列表,sessionId20250606lhx4027,"{'appName': '滴滴', 'carModelRelated': False, 'categoryRelated': False, 'fastRelated': False, 'priceRelated': False}","[{""content"":""# 用户需求：\n我想滴滴打车，去公司，有急事，最好是2分钟就能上车的\n\n# 用户提供示例：\n\n\n**如果用户需求与用户提供示例相同时，必须输出用户提供的结果**"",""exts"":""{\""userHistoryInputContent\"":\""我想滴滴打车，去公司，有急事，最好是2分钟就能上车的\""}""}]","```json
[{""app"": ""滴滴"", ""category"": ""无"", ""mode"": ""无"", ""price"": false, ""price_min"": 0, ""price_max"": 0, ""fast"": false}]
```","```json
[{""app"": ""滴滴"", ""category"": ""无"", ""mode"": ""无"", ""price"": false, ""price_min"": 0, ""price_max"": 0, ""fast"": false}]
```","['1', '2', '3', '4', '5', '6', '7', '8', '9', '10', '11', '12', '13', '14', '15', '16', '17', '18', '19', '20', '21', '22', '23', '24', '25', '26', '27', '28', '29']","['1','2','3','4','5','6','7','8','9','10','11','12','13','14','15','16','17','18','19','20','21','22','23','24','25','26','27','28','29']",1,1,1,1,1,1,1,1
,,15元以内，打车去夫子庙,孩子最近要高考,还是打出租车吧，价格30以内的滴滴,滴滴车列表,sessionId20250606lhx4028,"{'appName': '滴滴', 'carModelRelated': False, 'categoryRelated': True, 'fastRelated': False, 'priceRelated': True}","[{""content"":""# 用户需求：\n15元以内，打车去夫子庙，孩子最近要高考，还是打出租车吧，价格30以内的滴滴\n\n# 用户提供示例：\n\n\n**如果用户需求与用户提供示例相同时，必须输出用户提供的结果**"",""exts"":""{\""userHistoryInputContent\"":\""15元以内，打车去夫子庙，孩子最近要高考，还是打出租车吧，价格30以内的滴滴\""}""}]","```json
[{""app"": ""滴滴"", ""category"": ""出租车"", ""mode"": ""无"", ""price"": true, ""price_min"": 0, ""price_max"": 30, ""fast"": false}]
```","```json
[{""app"": ""滴滴"", ""category"": ""出租车"", ""mode"": ""无"", ""price"": true, ""price_min"": 0, ""price_max"": 30, ""fast"": false}]
```","['10', '12']","['10', '12']",1,1,1,1,1,1,1,1
,,听说附近开了一家火锅店味道不错,今晚下班后打车过去尝尝，打一个舒适型的滴滴吧,给我叫一个一口价特惠快车,滴滴车列表,sessionId20250606lhx4029,"{'appName': '滴滴', 'carModelRelated': True, 'categoryRelated': True, 'fastRelated': False, 'priceRelated': False}","[{""content"":""# 用户需求：\n听说附近开了一家火锅店味道不错，今晚下班后打车过去尝尝，打一个舒适型的滴滴吧，给我叫一个一口价特惠快车\n\n# 用户提供示例：\n\n\n**如果用户需求与用户提供示例相同时，必须输出用户提供的结果**"",""exts"":""{\""userHistoryInputContent\"":\""听说附近开了一家火锅店味道不错，今晚下班后打车过去尝尝，打一个舒适型的滴滴吧，给我叫一个一口价特惠快车\""}""}]","```json
[{""app"": ""滴滴"", ""category"": ""舒适型"", ""mode"": ""一口价特惠快车"", ""price"": false, ""price_min"": 0, ""price_max"": 0, ""fast"": false}]
```","```json
[{""app"": ""滴滴"", ""category"": ""舒适型"", ""mode"": ""一口价特惠快车"", ""price"": false, ""price_min"": 0, ""price_max"": 0, ""fast"": false}]
```",['7'],"['2','7']",1,1,1,1,1,1,1,0.5
,,坐一辆出租车，价格合理适中,能不能快点回答我的问题,同步帮我也叫个快车去按摩，滴滴吧,滴滴车列表,sessionId20250606lhx4030,"{'appName': '滴滴', 'carModelRelated': False, 'categoryRelated': True, 'fastRelated': False, 'priceRelated': False}","[{""content"":""# 用户需求：\n坐一辆出租车，价格合理适中，能不能快点回答我的问题，同步帮我也叫个快车去按摩，滴滴吧\n\n# 用户提供示例：\n\n\n**如果用户需求与用户提供示例相同时，必须输出用户提供的结果**"",""exts"":""{\""userHistoryInputContent\"":\""坐一辆出租车，价格合理适中，能不能快点回答我的问题，同步帮我也叫个快车去按摩，滴滴吧\""}""}]","```json
[{""app"": ""滴滴"", ""category"": ""出租车, 快车"", ""mode"": ""无"", ""price"": false, ""price_min"": 0, ""price_max"": 0, ""fast"": false}]
```","```json
[{""app"": ""滴滴"", ""category"": ""出租车, 快车"", ""mode"": ""无"", ""price"": false, ""price_min"": 0, ""price_max"": 0, ""fast"": false}]
```","['2', '3', '7', '8', '9', '10', '11', '12', '13']","['2', '3', '7', '8', '9', '10', '11', '12', '13']",1,1,1,1,1,1,1,1
,,打车去安德门地铁站，要求10元以内,20元以内,不超过30元，快车,高德车列表,sessionId20250606lhx4031,"{'appName': '', 'carModelRelated': False, 'categoryRelated': True, 'fastRelated': False, 'priceRelated': True}","[{""content"":""# 用户需求：\n打车去安德门地铁站，要求10元以内，20元以内，不超过30元，快车\n\n# 用户提供示例：\n\n\n**如果用户需求与用户提供示例相同时，必须输出用户提供的结果**"",""exts"":""{\""userHistoryInputContent\"":\""打车去安德门地铁站，要求10元以内，20元以内，不超过30元，快车\""}""}]","```json
[{""app"": ""无"", ""category"": ""快车"", ""mode"": ""无"", ""price"": true, ""price_min"": 0, ""price_max"": 30, ""fast"": false}]
```","```json
[{""app"": ""无"", ""category"": ""快车"", ""mode"": ""无"", ""price"": true, ""price_min"": 0, ""price_max"": 30, ""fast"": false}]
```","['2', '25']","['2','25','89','90','91','92','93','94','95','96','97','98','99','100','101','102','103','104','105','106','107','108','109','110','115','116','117']",1,1,1,1,1,1,1,0.07
,,能否帮我叫一辆舒适型SUV去公司，预算在50元左右的网约车？,特惠快车，不超过30,出租车，不超过30,高德车列表,sessionId20250606lhx4032,"{'appName': '', 'carModelRelated': False, 'categoryRelated': True, 'fastRelated': False, 'priceRelated': True}","[{""content"":""# 用户需求：\n能否帮我叫一辆舒适型SUV去公司，预算在50元左右的网约车？，特惠快车，不超过30，出租车，不超过30\n\n# 用户提供示例：\n\n\n**如果用户需求与用户提供示例相同时，必须输出用户提供的结果**"",""exts"":""{\""userHistoryInputContent\"":\""能否帮我叫一辆舒适型SUV去公司，预算在50元左右的网约车？，特惠快车，不超过30，出租车，不超过30\""}""}]","```json
[{""app"": ""无"", ""category"": ""舒适型SUV, 特惠快车, 出租车"", ""mode"": ""无"", ""price"": true, ""price_min"": 0, ""price_max"": 30, ""fast"": false}]
```","```json
[{""app"": ""无"", ""category"": ""舒适型SUV, 特惠快车, 出租车"", ""mode"": ""无"", ""price"": true, ""price_min"": 0, ""price_max"": 30, ""fast"": false}]
```","['2', '16', '22', '26']","['85','15','22','23','24','26','66','67','68','69','75','106','108','110','116','117']",1,1,1,1,1,1,0,0.12
,,我想要预约一辆经济型轿车去公司，价格大概在30元以内的出租车服务。,算了，快车也行,价格大概在25元以内的特惠快车服务。,高德车列表,sessionId20250606lhx4033,"{'appName': '', 'carModelRelated': True, 'categoryRelated': True, 'fastRelated': False, 'priceRelated': True}","[{""content"":""# 用户需求：\n我想要预约一辆经济型轿车去公司，价格大概在30元以内的出租车服务。，算了，快车也行，价格大概在25元以内的特惠快车服务。\n\n# 用户提供示例：\n\n\n**如果用户需求与用户提供示例相同时，必须输出用户提供的结果**"",""exts"":""{\""userHistoryInputContent\"":\""我想要预约一辆经济型轿车去公司，价格大概在30元以内的出租车服务。，算了，快车也行，价格大概在25元以内的特惠快车服务。\""}""}]","```json
[{""app"": ""无"", ""category"": ""出租车, 快车"", ""mode"": ""特惠快车"", ""price"": true, ""price_min"": 25, ""price_max"": 25, ""fast"": false}]
```","```json
[{""app"": ""无"", ""category"": ""出租车, 快车"", ""mode"": ""特惠快车"", ""price"": true, ""price_min"": 25, ""price_max"": 25, ""fast"": false}]
```",[],"['2','89','90','91','92','93','94','95','96','97','98','99','100','101','102','103','104','105','106','107','108','109','110','115','116','117']",1,1,1,1,1,1,0,0
,,需要一辆中高端的七座MPV，价格大约100元左右，能否尽快调度？,80元左右,60元以下的,高德车列表,sessionId20250606lhx4034,"{'appName': '', 'carModelRelated': False, 'categoryRelated': True, 'fastRelated': False, 'priceRelated': True}","[{""content"":""# 用户需求：\n需要一辆中高端的七座MPV，价格大约100元左右，能否尽快调度？，80元左右，60元以下的\n\n# 用户提供示例：\n\n\n**如果用户需求与用户提供示例相同时，必须输出用户提供的结果**"",""exts"":""{\""userHistoryInputContent\"":\""需要一辆中高端的七座MPV，价格大约100元左右，能否尽快调度？，80元左右，60元以下的\""}""}]","```json
[{""app"": ""无"", ""category"": ""七座MPV"", ""mode"": ""无"", ""price"": true, ""price_min"": 60, ""price_max"": 100, ""fast"": false}]
```","```json
[{""app"": ""无"", ""category"": ""七座MPV"", ""mode"": ""无"", ""price"": true, ""price_min"": 60, ""price_max"": 100, ""fast"": false}]
```",[],[],1,1,1,1,1,1,1,1
,,我需要一辆豪华SUV去参加一个活动，价格不限制,专车就行了,我需要一辆出租车去参加一个活动，价格30元以内,高德车列表,sessionId20250606lhx4035,"{'appName': '', 'carModelRelated': False, 'categoryRelated': True, 'fastRelated': False, 'priceRelated': True}","[{""content"":""# 用户需求：\n我需要一辆豪华SUV去参加一个活动，价格不限制，专车就行了，我需要一辆出租车去参加一个活动，价格30元以内\n\n# 用户提供示例：\n\n\n**如果用户需求与用户提供示例相同时，必须输出用户提供的结果**"",""exts"":""{\""userHistoryInputContent\"":\""我需要一辆豪华SUV去参加一个活动，价格不限制，专车就行了，我需要一辆出租车去参加一个活动，价格30元以内\""}""}]","```json
[{""app"": ""无"", ""category"": ""豪华SUV"", ""mode"": ""专车"", ""price"": false, ""price_min"": 0, ""price_max"": 0, ""fast"": false}, {""app"": ""无"", ""category"": ""出租车"", ""mode"": ""无"", ""price"": true, ""price_min"": 0, ""price_max"": 30, ""fast"": false}]
```","```json
[{""app"": ""无"", ""category"": ""豪华SUV"", ""mode"": ""专车"", ""price"": false, ""price_min"": 0, ""price_max"": 0, ""fast"": false}, {""app"": ""无"", ""category"": ""出租车"", ""mode"": ""无"", ""price"": true, ""price_min"": 0, ""price_max"": 30, ""fast"": false}]
```","['22', '26', '57', '66', '67', '68', '69', '75', '85', '106', '108', '116']","['85','15','22','23','24','26','66','67','68','69','75','106','108','110','116','117']",1,1,1,1,1,1,0,0.69
,,我现在需要从市中心打车到机场，希望是一辆舒适型轿车，价格在经济范围内。,价格在50元上下,价格在40到45元,高德车列表,sessionId20250606lhx4036,"{'appName': '', 'carModelRelated': False, 'categoryRelated': True, 'fastRelated': False, 'priceRelated': True}","[{""content"":""# 用户需求：\n我现在需要从市中心打车到机场，希望是一辆舒适型轿车，价格在经济范围内。，价格在50元上下，价格在40到45元\n\n# 用户提供示例：\n\n\n**如果用户需求与用户提供示例相同时，必须输出用户提供的结果**"",""exts"":""{\""userHistoryInputContent\"":\""我现在需要从市中心打车到机场，希望是一辆舒适型轿车，价格在经济范围内。，价格在50元上下，价格在40到45元\""}""}]","```json
[{""app"": ""无"", ""category"": ""舒适型轿车"", ""mode"": ""无"", ""price"": true, ""price_min"": 40, ""price_max"": 45, ""fast"": false}]
```","```json
[{""app"": ""无"", ""category"": ""舒适型轿车"", ""mode"": ""无"", ""price"": true, ""price_min"": 40, ""price_max"": 45, ""fast"": false}]
```",[],[],1,1,1,1,1,1,1,1
,,我们有5个人打车去天龙寺地铁站，价格在50以内,行程有变，4个人了,价格40以内,高德车列表,sessionId20250606lhx4037,"{'appName': '', 'carModelRelated': False, 'categoryRelated': False, 'fastRelated': False, 'priceRelated': True}","[{""content"":""# 用户需求：\n我们有5个人打车去天龙寺地铁站，价格在50以内，行程有变，4个人了，价格40以内\n\n# 用户提供示例：\n\n\n**如果用户需求与用户提供示例相同时，必须输出用户提供的结果**"",""exts"":""{\""userHistoryInputContent\"":\""我们有5个人打车去天龙寺地铁站，价格在50以内，行程有变，4个人了，价格40以内\""}""}]","```json
[{""app"": ""无"", ""category"": ""无"", ""mode"": ""无"", ""price"": true, ""price_min"": 0, ""price_max"": 40, ""fast"": false}]
```","```json
[{""app"": ""无"", ""category"": ""无"", ""mode"": ""无"", ""price"": true, ""price_min"": 0, ""price_max"": 40, ""fast"": false}]
```","['1', '2', '3', '4', '5', '6', '7', '8', '9', '10', '11', '12', '13', '14', '15', '16', '17', '18', '19', '20', '21', '22', '23', '24', '25', '26', '27', '28', '29', '30', '31', '32', '33', '34', '35', '36', '37', '38', '39', '40', '41', '42', '43', '44', '45', '46', '47', '48', '49', '50', '51', '52', '53', '54', '55', '56', '57', '58', '59', '60', '61', '62', '63', '64', '65', '66', '67', '68', '69', '70', '71', '72', '73', '74', '75', '76', '80', '81', '84', '85', '87', '89', '10', '91', '92', '93', '94', '95', '96', '97', '98', '99', '100', '101', '102', '103', '104', '105', '106', '107', '108', '109', '110', '111', '112', '114', '115', '116', '117', '118']","['1', '2', '3', '4', '5', '6', '7', '8', '9', '10', '11', '12', '13', '14', '15', '16', '17', '18', '19', '20', '21', '22', '23', '24', '25', '26', '27', '28', '29', '30', '31', '32', '33', '34', '35', '36', '37', '38', '39', '40', '41', '42', '43', '44', '45', '46', '47', '48', '49', '50', '51', '52', '53', '54', '55', '56', '57', '58', '59', '60', '61', '62', '63', '64', '65', '66', '67', '68', '69', '70', '71', '72', '73', '74', '75', '76', '80', '81', '84', '85', '87', '89', '10', '91', '92', '93', '94', '95', '96', '97', '98', '99', '100', '101', '102', '103', '104', '105', '106', '107', '108', '109', '110', '111', '112', '114', '115', '116', '117', '118']",1,1,1,1,1,1,1,1
,,我需要一辆豪华型轿车，从酒店出发前往机场，价格不设上限。,车型不限制,专车车型，价格60左右,高德车列表,sessionId20250606lhx4038,"{'appName': '', 'carModelRelated': False, 'categoryRelated': True, 'fastRelated': False, 'priceRelated': True}","[{""content"":""# 用户需求：\n我需要一辆豪华型轿车，从酒店出发前往机场，价格不设上限。，车型不限制，专车车型，价格60左右\n\n# 用户提供示例：\n\n\n**如果用户需求与用户提供示例相同时，必须输出用户提供的结果**"",""exts"":""{\""userHistoryInputContent\"":\""我需要一辆豪华型轿车，从酒店出发前往机场，价格不设上限。，车型不限制，专车车型，价格60左右\""}""}]","```json
[{""app"": ""无"", ""category"": ""豪华型轿车, 专车车型"", ""mode"": ""无"", ""price"": true, ""price_min"": 60, ""price_max"": 60, ""fast"": false}]
```","```json
[{""app"": ""无"", ""category"": ""豪华型轿车, 专车车型"", ""mode"": ""无"", ""price"": true, ""price_min"": 60, ""price_max"": 60, ""fast"": false}]
```",[],[],1,1,1,1,1,1,1,1
,,我要从南京南京南站打车去南京南京站，预算60元以内，能打到七座车吗,出租车，50以内,快车，40以内,高德车列表,sessionId20250606lhx4039,"{'appName': '', 'carModelRelated': False, 'categoryRelated': True, 'fastRelated': False, 'priceRelated': True}","[{""content"":""# 用户需求：\n我要从南京南京南站打车去南京南京站，预算60元以内，能打到七座车吗，出租车，50以内，快车，40以内\n\n# 用户提供示例：\n\n\n**如果用户需求与用户提供示例相同时，必须输出用户提供的结果**"",""exts"":""{\""userHistoryInputContent\"":\""我要从南京南京南站打车去南京南京站，预算60元以内，能打到七座车吗，出租车，50以内，快车，40以内\""}""}]","```json
[{""app"": ""无"", ""category"": ""七座车, 出租车, 快车"", ""mode"": ""无"", ""price"": true, ""price_min"": 0, ""price_max"": 60, ""fast"": false}]
```","```json
[{""app"": ""无"", ""category"": ""七座车, 出租车, 快车"", ""mode"": ""无"", ""price"": true, ""price_min"": 0, ""price_max"": 40, ""fast"": false}]
```","['1', '2', '3', '4', '5', '6', '7', '8', '9', '10', '11', '12', '13', '14', '15', '16', '17', '18', '19', '20', '21', '22', '23', '24', '25', '26', '27', '28', '29', '30', '31', '32', '33', '34', '35', '36', '37', '38', '39', '40', '41', '42', '43', '44', '45', '46', '47', '48', '49', '50', '51', '52', '53', '54', '55', '56', '57', '58', '59', '60', '61', '62', '63', '64', '65', '66', '67', '68', '69', '70', '71', '72', '73', '74', '75', '76', '77', '78', '79', '80', '81', '82', '83', '84', '85', '86', '87', '88', '89', '91', '92', '93', '94', '95', '96', '97', '98', '99', '100', '101', '102', '103', '104', '105', '106', '107', '108', '109', '110', '111', '112', '113', '114', '115', '116', '117', '118']","['2','25','89','90','91','92','93','94','95','96','97','98','99','100','101','102','103','104','105','106','107','108','109','110','115','116','117']",1,1,1,1,0,1,0,0.96
,,打车去南京南站，价格不限,价格不超过80元,特惠快车，价格60元以下,高德车列表,sessionId20250606lhx4040,"{'appName': '', 'carModelRelated': False, 'categoryRelated': True, 'fastRelated': False, 'priceRelated': True}","[{""content"":""# 用户需求：\n打车去南京南站，价格不限，价格不超过80元，特惠快车，价格60元以下\n\n# 用户提供示例：\n\n\n**如果用户需求与用户提供示例相同时，必须输出用户提供的结果**"",""exts"":""{\""userHistoryInputContent\"":\""打车去南京南站，价格不限，价格不超过80元，特惠快车，价格60元以下\""}""}]","```json
[{""app"": ""无"", ""category"": ""特惠快车"", ""mode"": ""无"", ""price"": true, ""price_min"": 0, ""price_max"": 60, ""fast"": false}]
```","```json
[{""app"": ""无"", ""category"": ""特惠快车"", ""mode"": ""无"", ""price"": true, ""price_min"": 0, ""price_max"": 60, ""fast"": false}]
```","['2', '98']","['2','89','90','91','92','93','94','95','96','97','98','99','100','101','102','103','104','105','106','107','108','109','110','115','116','117']",1,1,1,1,1,1,1,0.08
,,我在南京新街口，需要一辆出租车，去南京夫子庙，要在9分钟内出发,我在南京新街口，需要一辆快车，去南京夫子庙，要在9分钟内出发,我在南京新街口，需要拼车，去南京夫子庙,高德车列表,sessionId20250606lhx4041,"{'appName': '', 'carModelRelated': False, 'categoryRelated': True, 'fastRelated': False, 'priceRelated': False}","[{""content"":""# 用户需求：\n我在南京新街口，需要一辆出租车，去南京夫子庙，要在9分钟内出发，我在南京新街口，需要一辆快车，去南京夫子庙，要在9分钟内出发，我在南京新街口，需要拼车，去南京夫子庙\n\n# 用户提供示例：\n\n\n**如果用户需求与用户提供示例相同时，必须输出用户提供的结果**"",""exts"":""{\""userHistoryInputContent\"":\""我在南京新街口，需要一辆出租车，去南京夫子庙，要在9分钟内出发，我在南京新街口，需要一辆快车，去南京夫子庙，要在9分钟内出发，我在南京新街口，需要拼车，去南京夫子庙\""}""}]","```json
[{""app"": ""无"", ""category"": ""拼车"", ""mode"": ""无"", ""price"": false, ""price_min"": 0, ""price_max"": 0, ""fast"": false}]
```","```json
[{""app"": ""无"", ""category"": ""拼车"", ""mode"": ""无"", ""price"": false, ""price_min"": 0, ""price_max"": 0, ""fast"": false}]
```","['1', '45']","['1', '45', '47']",1,1,1,1,1,1,1,0.67
,,叫个车去公司，六分钟内能出发的。,叫个快车去公司，六分钟内能出发的。,叫个专车去公司，六分钟内能出发的。,高德车列表,sessionId20250606lhx4042,"{'appName': '', 'carModelRelated': False, 'categoryRelated': True, 'fastRelated': False, 'priceRelated': False}","[{""content"":""# 用户需求：\n叫个车去公司，六分钟内能出发的。，叫个快车去公司，六分钟内能出发的。，叫个专车去公司，六分钟内能出发的。\n\n# 用户提供示例：\n\n\n**如果用户需求与用户提供示例相同时，必须输出用户提供的结果**"",""exts"":""{\""userHistoryInputContent\"":\""叫个车去公司，六分钟内能出发的。，叫个快车去公司，六分钟内能出发的。，叫个专车去公司，六分钟内能出发的。\""}""}]","```json
[{""app"": ""无"", ""category"": ""快车, 专车"", ""mode"": ""无"", ""price"": false, ""price_min"": 0, ""price_max"": 0, ""fast"": false}]
```","```json
[{""app"": ""无"", ""category"": ""快车, 专车"", ""mode"": ""无"", ""price"": false, ""price_min"": 0, ""price_max"": 0, ""fast"": false}]
```","['2', '25', '46', '48', '49', '50', '51', '52', '53', '54', '55', '56', '57', '58', '59', '60', '61', '62', '63', '64', '65', '66', '67', '68', '69', '70', '72', '73', '74', '76', '77', '78', '79', '80', '81', '82', '83', '84', '85', '86', '87', '88', '89', '90', '91', '92', '93', '94', '95', '96', '97', '98', '99', '100', '101', '102', '103', '104', '105', '106', '107', '108', '109', '110', '111', '112', '113', '114', '115', '116', '117', '118']","['41','76','77','78','79','80','81','82','113','118']",1,1,1,1,1,1,0,0.9
,,打最便宜的车去明基医院，不拼车。,打最便宜的车去明基医院，可以拼车。,打最便宜的车去明基医院，可以不拼车。,高德车列表,sessionId20250606lhx4043,"{'appName': '', 'carModelRelated': False, 'categoryRelated': True, 'fastRelated': False, 'priceRelated': True}","[{""content"":""# 用户需求：\n打最便宜的车去明基医院，不拼车。，打最便宜的车去明基医院，可以拼车。，打最便宜的车去明基医院，可以不拼车。\n\n# 用户提供示例：\n\n\n**如果用户需求与用户提供示例相同时，必须输出用户提供的结果**"",""exts"":""{\""userHistoryInputContent\"":\""打最便宜的车去明基医院，不拼车。，打最便宜的车去明基医院，可以拼车。，打最便宜的车去明基医院，可以不拼车。\""}""}]","```json
[{""app"": ""无"", ""category"": ""可以接受拼车"", ""mode"": ""无"", ""price"": true, ""price_min"": -1, ""price_max"": 0, ""fast"": false}]
```","```json
[{""app"": ""无"", ""category"": ""可以接受拼车"", ""mode"": ""无"", ""price"": true, ""price_min"": -1, ""price_max"": 0, ""fast"": false}]
```",['65'],['65'],1,1,1,1,1,1,1,1
,,叫一辆25以内的专车，从雨花客厅到南京国际博览中心。,叫一辆30以内的专车，从雨花客厅到南京国际博览中心。,叫一辆35以内的专车，从雨花客厅到南京国际博览中心。,高德车列表,sessionId20250606lhx4044,"{'appName': '', 'carModelRelated': False, 'categoryRelated': True, 'fastRelated': False, 'priceRelated': True}","[{""content"":""# 用户需求：\n叫一辆25以内的专车，从雨花客厅到南京国际博览中心。，叫一辆30以内的专车，从雨花客厅到南京国际博览中心。，叫一辆35以内的专车，从雨花客厅到南京国际博览中心。\n\n# 用户提供示例：\n\n\n**如果用户需求与用户提供示例相同时，必须输出用户提供的结果**"",""exts"":""{\""userHistoryInputContent\"":\""叫一辆25以内的专车，从雨花客厅到南京国际博览中心。，叫一辆30以内的专车，从雨花客厅到南京国际博览中心。，叫一辆35以内的专车，从雨花客厅到南京国际博览中心。\""}""}]","```json
[{""app"": ""无"", ""category"": ""专车"", ""mode"": ""无"", ""price"": true, ""price_min"": 0, ""price_max"": 35, ""fast"": false}]
```","```json
[{""app"": ""无"", ""category"": ""专车"", ""mode"": ""无"", ""price"": true, ""price_min"": 0, ""price_max"": 35, ""fast"": false}]
```","['11', '36', '44', '71', '76']","['76','77','78','79','80','81','113','118','11','36','41','54','71','73','82','88','99','114']",1,1,1,1,1,1,0,0.22
,,拼个车去新街口，价格最好在10块以内。,拼个车去新街口，价格最好在15块以内。,不要拼车，价格在15块以内,高德车列表,sessionId20250606lhx4045,"{'appName': '', 'carModelRelated': False, 'categoryRelated': False, 'fastRelated': False, 'priceRelated': True}","[{""content"":""# 用户需求：\n拼个车去新街口，价格最好在10块以内。，拼个车去新街口，价格最好在15块以内。，不要拼车，价格在15块以内\n\n# 用户提供示例：\n\n\n**如果用户需求与用户提供示例相同时，必须输出用户提供的结果**"",""exts"":""{\""userHistoryInputContent\"":\""拼个车去新街口，价格最好在10块以内。，拼个车去新街口，价格最好在15块以内。，不要拼车，价格在15块以内\""}""}]","```json
[{""app"": ""无"", ""category"": ""无"", ""mode"": ""无"", ""price"": true, ""price_min"": 0, ""price_max"": 15, ""fast"": false}]
```","```json
[{""app"": ""无"", ""category"": ""不要拼车"", ""mode"": ""无"", ""price"": true, ""price_min"": 0, ""price_max"": 15, ""fast"": false}]
```","['1', '2', '3', '4', '5', '6', '7', '8', '9', '10', '11', '12', '13', '14', '15', '16', '17', '18', '19', '20', '21', '22', '23', '45', '47', '48', '49', '50', '51', '52', '53', '54', '55', '56', '57', '58', '59', '60', '61', '62', '63', '64', '65', '66', '67', '68', '69', '70', '72', '74', '75', '89', '10', '91', '92', '93', '94', '95', '96', '97', '98', '99', '100', '101', '102', '103', '104', '105', '107', '108', '109', '110', '111', '112']","['2','3','4','5','6','7','8','9','10','11','12','13','14','15','16','17','18','19','20','21','22','23','48','49','50','51','52','53','54','55','56','57','58','59','60','61','62','63','64','65','66','67','68','69','70','72','74','75','89','90','91','92','9','3','94','95','96','97','98','99','100','101','102','103','104','105','107','108','109','110','111']",1,1,1,0,1,1,0,0.97
,,去油坊桥地铁站最便宜的专车多少钱？,去油坊桥地铁站最便宜的，不限车型,去油坊桥地铁站20以内，不限车型,高德车列表,sessionId20250606lhx4046,"{'appName': '', 'carModelRelated': False, 'categoryRelated': False, 'fastRelated': False, 'priceRelated': True}","[{""content"":""# 用户需求：\n去油坊桥地铁站最便宜的专车多少钱？，去油坊桥地铁站最便宜的，不限车型，去油坊桥地铁站20以内，不限车型\n\n# 用户提供示例：\n\n\n**如果用户需求与用户提供示例相同时，必须输出用户提供的结果**"",""exts"":""{\""userHistoryInputContent\"":\""去油坊桥地铁站最便宜的专车多少钱？，去油坊桥地铁站最便宜的，不限车型，去油坊桥地铁站20以内，不限车型\""}""}]","```json
[{""app"": ""无"", ""category"": ""无"", ""mode"": ""无"", ""price"": true, ""price_min"": -1, ""price_max"": 20, ""fast"": false}]
```","```json
[{""app"": ""无"", ""category"": ""无"", ""mode"": ""无"", ""price"": true, ""price_min"": -1, ""price_max"": 20, ""fast"": false}]
```","['1', '2', '3', '4', '5', '6', '7', '8', '9', '10', '11', '12', '13', '14', '15', '16', '17', '18', '19', '20', '21', '22', '23', '24', '25', '26', '27', '28', '29', '30', '31', '32', '33', '34', '35', '36', '37', '38', '39', '40', '45', '46', '47', '48', '49', '50', '51', '52', '53', '54', '55', '56', '57', '58', '59', '60', '61', '62', '63', '64', '65', '66', '67', '68', '69', '70', '72', '74', '75', '85', '89', '10', '91', '92', '93', '94', '95', '96', '97', '98', '99', '100', '101', '102', '103', '104', '105', '106', '107', '108', '109', '110', '111', '112', '115', '116', '117']","['1', '2', '3', '4', '5', '6', '7', '8', '9', '10', '11', '12', '13', '14', '15', '16', '17', '18', '19', '20', '21', '22', '23', '24', '25', '26', '27', '28', '29', '30', '31', '32', '33', '34', '35', '36', '37', '38', '39', '40', '45', '46', '47', '48', '49', '50', '51', '52', '53', '54', '55', '56', '57', '58', '59', '60', '61', '62', '63', '64', '65', '66', '67', '68', '69', '70', '72', '74', '75', '85', '89', '10', '91', '92', '93', '94', '95', '96', '97', '98', '99', '100', '101', '102', '103', '104', '105', '106', '107', '108', '109', '110', '111', '112', '115', '116', '117']",1,1,1,1,1,1,1,1
,,给我找一辆4分钟内可以上车的专车，去河西万达。,给我找一辆4分钟内可以上车的出租车，去河西万达。,给我找一辆4分钟内可以上车的快车，去河西万达。,高德车列表,sessionId20250606lhx4047,"{'appName': '', 'carModelRelated': False, 'categoryRelated': True, 'fastRelated': False, 'priceRelated': False}","[{""content"":""# 用户需求：\n给我找一辆4分钟内可以上车的专车，去河西万达。，给我找一辆4分钟内可以上车的出租车，去河西万达。，给我找一辆4分钟内可以上车的快车，去河西万达。\n\n# 用户提供示例：\n\n\n**如果用户需求与用户提供示例相同时，必须输出用户提供的结果**"",""exts"":""{\""userHistoryInputContent\"":\""给我找一辆4分钟内可以上车的专车，去河西万达。，给我找一辆4分钟内可以上车的出租车，去河西万达。，给我找一辆4分钟内可以上车的快车，去河西万达。\""}""}]","```json
[{""app"": ""无"", ""category"": ""专车, 出租车, 快车"", ""mode"": ""无"", ""price"": false, ""price_min"": 0, ""price_max"": 0, ""fast"": false}]
```","```json
[{""app"": ""无"", ""category"": ""专车, 出租车, 快车"", ""mode"": ""无"", ""price"": false, ""price_min"": 0, ""price_max"": 0, ""fast"": false}]
```","['2', '11', '15', '22', '23', '24', '26', '41', '42']","['2','25','89','90','91','92','93','94','95','96','97','98','99','100','101','102','103','104','105','106','107','108','109','110','115','116','117']",1,1,1,1,1,1,0,0.04
,,去南京理工大，12块以内，除了拼车都可以。,去南京理工大，15块以内，除了拼车都可以。,去南京理工大，20块以内，除了拼车都可以。,高德车列表,sessionId20250606lhx4048,"{'appName': '', 'carModelRelated': False, 'categoryRelated': True, 'fastRelated': False, 'priceRelated': True}","[{""content"":""# 用户需求：\n去南京理工大，12块以内，除了拼车都可以。，去南京理工大，15块以内，除了拼车都可以。，去南京理工大，20块以内，除了拼车都可以。\n\n# 用户提供示例：\n\n\n**如果用户需求与用户提供示例相同时，必须输出用户提供的结果**"",""exts"":""{\""userHistoryInputContent\"":\""去南京理工大，12块以内，除了拼车都可以。，去南京理工大，15块以内，除了拼车都可以。，去南京理工大，20块以内，除了拼车都可以。\""}""}]","```json
[{""app"": ""无"", ""category"": ""不要拼车"", ""mode"": ""无"", ""price"": true, ""price_min"": 0, ""price_max"": 20, ""fast"": false}]
```","```json
[{""app"": ""无"", ""category"": ""不要拼车"", ""mode"": ""无"", ""price"": true, ""price_min"": 0, ""price_max"": 20, ""fast"": false}]
```","['2', '3', '4', '5', '6', '7', '8', '9', '10', '11', '12', '13', '14', '15', '16', '17', '18', '19', '20', '21', '22', '23', '24', '25', '26', '27', '28', '29', '30', '31', '32', '33', '34', '35', '36', '37', '38', '39', '40', '45', '46', '47', '48', '49', '50', '51', '52', '53', '54', '55', '56', '57', '58', '59', '60', '61', '62', '63', '64', '65', '66', '67', '68', '69', '70', '72', '74', '75', '85', '89', '91', '92', '93', '94', '95', '96', '97', '98', '99', '100', '101', '102', '103', '104', '105', '106', '107', '108', '109', '110', '111', '112', '115', '116', '117']","['2', '3', '4', '5', '6', '7', '8', '9', '10', '11', '12', '13', '14', '15', '16', '17', '18', '19', '20', '21', '22', '23', '24', '25', '26', '27', '28', '29', '30', '31', '32', '33', '34', '35', '36', '37', '38', '39', '40', '46', '48', '49', '50', '51', '52', '53', '54', '55', '56', '57', '58', '59', '60', '61', '62', '63', '64', '65', '66', '67', '68', '69', '70', '72', '74', '75', '85', '89', '91', '92', '93', '94', '95', '96', '97', '98', '99', '100', '101', '102', '103', '104', '105', '106', '107', '108', '109', '110', '111', '112', '115', '116', '117']",1,1,1,1,1,1,0,1
,,15分钟内能不能来一辆专车送我去火车站？,15分钟内能不能来一辆快车送我去火车站？,15分钟内能不能来一辆专车送我去火车站？,高德车列表,sessionId20250606lhx4049,"{'appName': '', 'carModelRelated': False, 'categoryRelated': True, 'fastRelated': False, 'priceRelated': False}","[{""content"":""# 用户需求：\n15分钟内能不能来一辆专车送我去火车站？，15分钟内能不能来一辆快车送我去火车站？，15分钟内能不能来一辆专车送我去火车站？\n\n# 用户提供示例：\n\n\n**如果用户需求与用户提供示例相同时，必须输出用户提供的结果**"",""exts"":""{\""userHistoryInputContent\"":\""15分钟内能不能来一辆专车送我去火车站？，15分钟内能不能来一辆快车送我去火车站？，15分钟内能不能来一辆专车送我去火车站？\""}""}]","```json
[{""app"": ""无"", ""category"": ""专车, 快车"", ""mode"": ""无"", ""price"": false, ""price_min"": 0, ""price_max"": 0, ""fast"": false}]
```","```json
[{""app"": ""无"", ""category"": ""专车, 快车"", ""mode"": ""无"", ""price"": false, ""price_min"": 0, ""price_max"": 0, ""fast"": false}]
```","['2', '11', '25', '26', '41']","['41','76','77','78','79','80','81','82','113','118']",1,1,1,1,1,1,0,0.1
,,打车去清凉山，选择6分钟内可到达的出租车。,打车去清凉山，选择6分钟内可到达的拼车。,打车去清凉山，选择6分钟内可到达的特惠快车。,高德车列表,sessionId20250606lhx4050,"{'appName': '', 'carModelRelated': False, 'categoryRelated': True, 'fastRelated': False, 'priceRelated': False}","[{""content"":""# 用户需求：\n打车去清凉山，选择6分钟内可到达的出租车。，打车去清凉山，选择6分钟内可到达的拼车。，打车去清凉山，选择6分钟内可到达的特惠快车。\n\n# 用户提供示例：\n\n\n**如果用户需求与用户提供示例相同时，必须输出用户提供的结果**"",""exts"":""{\""userHistoryInputContent\"":\""打车去清凉山，选择6分钟内可到达的出租车。，打车去清凉山，选择6分钟内可到达的拼车。，打车去清凉山，选择6分钟内可到达的特惠快车。\""}""}]","```json
[{""app"": ""无"", ""category"": ""出租车, 拼车, 特惠快车"", ""mode"": ""无"", ""price"": false, ""price_min"": 0, ""price_max"": 0, ""fast"": false}]
```","```json
[{""app"": ""无"", ""category"": ""出租车, 拼车, 特惠快车"", ""mode"": ""无"", ""price"": false, ""price_min"": 0, ""price_max"": 0, ""fast"": false}]
```","['1', '2', '11', '12', '15', '16', '22', '23', '24', '26']","['2','89','90','91','92','93','94','95','96','97','98','99','100','101','102','103','104','105','106','107','108','109','110','115','116','117']",1,1,1,1,1,1,0,0.04
,,去金城花园，价格不高于15，4分钟内能上车最好。,去金城花园，价格不高于25，4分钟内能上车最好。,去金城花园，价格不高于15，4分钟内能上车最好。,高德车列表,sessionId20250606lhx4051,"{'appName': '', 'carModelRelated': False, 'categoryRelated': False, 'fastRelated': False, 'priceRelated': True}","[{""content"":""# 用户需求：\n去金城花园，价格不高于15，4分钟内能上车最好。，去金城花园，价格不高于25，4分钟内能上车最好。，去金城花园，价格不高于15，4分钟内能上车最好。\n\n# 用户提供示例：\n\n\n**如果用户需求与用户提供示例相同时，必须输出用户提供的结果**"",""exts"":""{\""userHistoryInputContent\"":\""去金城花园，价格不高于15，4分钟内能上车最好。，去金城花园，价格不高于25，4分钟内能上车最好。，去金城花园，价格不高于15，4分钟内能上车最好。\""}""}]","```json
[{""app"": ""无"", ""category"": ""无"", ""mode"": ""无"", ""price"": true, ""price_min"": 0, ""price_max"": 15, ""fast"": false}]
```","```json
[{""app"": ""无"", ""category"": ""无"", ""mode"": ""无"", ""price"": true, ""price_min"": 0, ""price_max"": 15, ""fast"": false}]
```","['1', '2', '3', '4', '5', '6', '7', '8', '9', '10', '11', '12', '13', '14', '15', '16', '17', '18', '19', '20', '21', '22', '23', '45', '47', '48', '49', '50', '51', '52', '53', '54', '55', '56', '57', '58', '59', '60', '61', '62', '63', '64', '65', '66', '67', '68', '69', '70', '72', '74', '75', '89', '10', '91', '92', '93', '94', '95', '96', '97', '98', '99', '100', '101', '102', '103', '104', '105', '107', '108', '109', '110', '111', '112']","['1', '2', '3', '4', '5', '6', '7', '8', '9', '10', '11', '12', '13', '14', '15', '16', '17', '18', '19', '20', '21', '22', '23', '45', '47', '48', '49', '50', '51', '52', '53', '54', '55', '56', '57', '58', '59', '60', '61', '62', '63', '64', '65', '66', '67', '68', '69', '70', '72', '74', '75', '89', '10', '91', '92', '93', '94', '95', '96', '97', '98', '99', '100', '101', '102', '103', '104', '105', '107', '108', '109', '110', '111', '112']",1,1,1,1,1,1,1,1
,,以最低价格打车去中胜地铁站，不考虑商务车。,以最低价格打车去中胜地铁站，可以商务车。,30元左右打车去中胜地铁站，快车和特惠快车都可以。,高德车列表,sessionId20250606lhx4052,"{'appName': '', 'carModelRelated': False, 'categoryRelated': True, 'fastRelated': False, 'priceRelated': True}","[{""content"":""# 用户需求：\n以最低价格打车去中胜地铁站，不考虑商务车。，以最低价格打车去中胜地铁站，可以商务车。，30元左右打车去中胜地铁站，快车和特惠快车都可以。\n\n# 用户提供示例：\n\n\n**如果用户需求与用户提供示例相同时，必须输出用户提供的结果**"",""exts"":""{\""userHistoryInputContent\"":\""以最低价格打车去中胜地铁站，不考虑商务车。，以最低价格打车去中胜地铁站，可以商务车。，30元左右打车去中胜地铁站，快车和特惠快车都可以。\""}""}]","```json
[{""app"": ""无"", ""category"": ""快车, 特惠快车"", ""mode"": ""无"", ""price"": true, ""price_min"": 30, ""price_max"": 30, ""fast"": false}]
```","```json
[{""app"": ""无"", ""category"": ""快车, 特惠快车"", ""mode"": ""无"", ""price"": true, ""price_min"": 30, ""price_max"": 30, ""fast"": false}]
```",[],[],1,1,1,1,1,1,1,1
,,12分钟内来一辆六坐商务车去机场。,来一辆出租车去机场,拼车去市中心逛街,高德车列表,sessionId20250606lhx4053,"{'appName': '', 'carModelRelated': False, 'categoryRelated': True, 'fastRelated': False, 'priceRelated': False}","[{""content"":""# 用户需求：\n12分钟内来一辆六坐商务车去机场。，来一辆出租车去机场，拼车去市中心逛街\n\n# 用户提供示例：\n\n\n**如果用户需求与用户提供示例相同时，必须输出用户提供的结果**"",""exts"":""{\""userHistoryInputContent\"":\""12分钟内来一辆六坐商务车去机场。，来一辆出租车去机场，拼车去市中心逛街\""}""}]","```json
[{""app"": ""无"", ""category"": ""出租车, 拼车"", ""mode"": ""无"", ""price"": false, ""price_min"": 0, ""price_max"": 0, ""fast"": false}]
```","```json
[{""app"": ""无"", ""category"": ""六坐商务车, 出租车, 拼车"", ""mode"": ""无"", ""price"": false, ""price_min"": 0, ""price_max"": 0, ""fast"": false}]
```","['1', '16', '22', '23', '24', '26']","['1','45','47']",1,1,1,0,1,1,0,0.33
,,18以内打车去新城科技园，最多等六分钟。,30以内打车去新城科技园，最多等六分钟。,30以内打车去新城科技园，我喜欢豪华车,高德车列表,sessionId20250606lhx4054,"{'appName': '', 'carModelRelated': False, 'categoryRelated': True, 'fastRelated': False, 'priceRelated': True}","[{""content"":""# 用户需求：\n18以内打车去新城科技园，最多等六分钟。，30以内打车去新城科技园，最多等六分钟。，30以内打车去新城科技园，我喜欢豪华车\n\n# 用户提供示例：\n\n\n**如果用户需求与用户提供示例相同时，必须输出用户提供的结果**"",""exts"":""{\""userHistoryInputContent\"":\""18以内打车去新城科技园，最多等六分钟。，30以内打车去新城科技园，最多等六分钟。，30以内打车去新城科技园，我喜欢豪华车\""}""}]","```json
[{""app"": ""无"", ""category"": ""豪华车"", ""mode"": ""无"", ""price"": true, ""price_min"": 0, ""price_max"": 30, ""fast"": false}]
```","```json
[{""app"": ""无"", ""category"": ""豪华车"", ""mode"": ""无"", ""price"": true, ""price_min"": 0, ""price_max"": 30, ""fast"": false}]
```",[],[],1,1,1,1,1,1,1,1
,,打车去东南大学，要价格最低的出租车。,打车去东南大学，要价格最低的车。,打车去东南大学，要价格最低的车，拼车,高德车列表,sessionId20250606lhx4055,"{'appName': '', 'carModelRelated': False, 'categoryRelated': True, 'fastRelated': False, 'priceRelated': True}","[{""content"":""# 用户需求：\n打车去东南大学，要价格最低的出租车。，打车去东南大学，要价格最低的车。，打车去东南大学，要价格最低的车，拼车\n\n# 用户提供示例：\n\n\n**如果用户需求与用户提供示例相同时，必须输出用户提供的结果**"",""exts"":""{\""userHistoryInputContent\"":\""打车去东南大学，要价格最低的出租车。，打车去东南大学，要价格最低的车。，打车去东南大学，要价格最低的车，拼车\""}""}]","```json
[{""app"": ""无"", ""category"": ""出租车, 拼车"", ""mode"": ""无"", ""price"": true, ""price_min"": -1, ""price_max"": 0, ""fast"": false}]
```","```json
[{""app"": ""无"", ""category"": ""出租车, 拼车"", ""mode"": ""无"", ""price"": true, ""price_min"": -1, ""price_max"": 0, ""fast"": false}]
```",['1'],['1'],1,1,1,1,1,1,1,1
,,从武汉大学打车去高铁站，等待时间不要超过4分钟，不接受拼车。,也可以拼车,算了，还是不拼车了,高德车列表,sessionId20250606lhx4056,"{'appName': '', 'carModelRelated': False, 'categoryRelated': True, 'fastRelated': False, 'priceRelated': False}","[{""content"":""# 用户需求：\n从武汉大学打车去高铁站，等待时间不要超过4分钟，不接受拼车。，也可以拼车，算了，还是不拼车了\n\n# 用户提供示例：\n\n\n**如果用户需求与用户提供示例相同时，必须输出用户提供的结果**"",""exts"":""{\""userHistoryInputContent\"":\""从武汉大学打车去高铁站，等待时间不要超过4分钟，不接受拼车。，也可以拼车，算了，还是不拼车了\""}""}]","```json
[{""app"": ""无"", ""category"": ""不要拼车"", ""mode"": ""无"", ""price"": false, ""price_min"": 0, ""price_max"": 0, ""fast"": false}]
```","```json
[{""app"": ""无"", ""category"": ""不要拼车"", ""mode"": ""无"", ""price"": false, ""price_min"": 0, ""price_max"": 0, ""fast"": false}]
```","['2', '3', '4', '5', '6', '7', '8', '9', '10', '11', '12', '13', '14', '15', '16', '17', '18', '19', '20', '21', '22', '23', '24', '25', '26', '27', '28', '29', '30', '31', '32', '33', '34', '35', '36', '37', '38', '39', '40', '41', '42', '43', '44', '45', '46', '47', '48', '49', '50', '51', '52', '53', '54', '55', '56', '57', '58', '59', '60', '61', '62', '63', '64', '65', '66', '67', '68', '69', '70', '71', '72', '73', '74', '75', '76', '77', '78', '79', '80', '81', '82', '83', '84', '85', '86', '87', '88', '89', '90', '91', '92', '93', '94', '95', '96', '97', '98', '99', '100', '101', '102', '103', '104', '105', '106', '107', '108', '109', '110', '111', '112', '113', '114', '115', '116', '117', '118']","['2','3','4','5','6','7','8','9','10','11','12','13','14','15','16','17','18','19','20','21','22','23','24','25','26','27','28','29','30','31','32','33','34','35','36','37','38','39','40','41','42','43','44','46','48','49','50','51','52','53','54','55','5','6','57','58','59','60','61','62','63','64','65','66','67','68','69','70','71','72','73','74','75','76','77','78','79','80','81','82','83','84','85','86','87','88','89','90','91','92','93','94','95','96','97','98','99','100','101','102','103','104','105','106','107','108','109','110','111','112','113','114','115','116']",1,1,1,1,1,1,0,0.98
,,叫辆六座专车去黄兴广场，4分钟之内能够到达的。,叫辆豪华车去黄兴广场，4分钟之内能够到达的。,实在没有，专车也行,高德车列表,sessionId20250606lhx4057,"{'appName': '', 'carModelRelated': False, 'categoryRelated': True, 'fastRelated': False, 'priceRelated': False}","[{""content"":""# 用户需求：\n叫辆六座专车去黄兴广场，4分钟之内能够到达的。，叫辆豪华车去黄兴广场，4分钟之内能够到达的。，实在没有，专车也行\n\n# 用户提供示例：\n\n\n**如果用户需求与用户提供示例相同时，必须输出用户提供的结果**"",""exts"":""{\""userHistoryInputContent\"":\""叫辆六座专车去黄兴广场，4分钟之内能够到达的。，叫辆豪华车去黄兴广场，4分钟之内能够到达的。，实在没有，专车也行\""}""}]","```json
[{""app"": ""无"", ""category"": ""六座专车, 豪华车, 专车"", ""mode"": ""无"", ""price"": false, ""price_min"": 0, ""price_max"": 0, ""fast"": false}]
```","```json
[{""app"": ""无"", ""category"": ""六座专车, 豪华车, 专车"", ""mode"": ""无"", ""price"": false, ""price_min"": 0, ""price_max"": 0, ""fast"": false}]
```","['11', '36', '44', '71']","['76','77','78','79','80','81','113','118','11','36','41','54','71','73','82','88','99','114']",1,1,1,1,1,1,0,0.17
,,打车去总统府，车费不要超过18元，可以接受拼车。,打车去总统府，车费不要超过25元，可以接受拼车。,打车去总统府，车费不要超过25元，不接受拼车。,高德车列表,sessionId20250606lhx4058,"{'appName': '', 'carModelRelated': False, 'categoryRelated': False, 'fastRelated': False, 'priceRelated': True}","[{""content"":""# 用户需求：\n打车去总统府，车费不要超过18元，可以接受拼车。，打车去总统府，车费不要超过25元，可以接受拼车。，打车去总统府，车费不要超过25元，不接受拼车。\n\n# 用户提供示例：\n\n\n**如果用户需求与用户提供示例相同时，必须输出用户提供的结果**"",""exts"":""{\""userHistoryInputContent\"":\""打车去总统府，车费不要超过18元，可以接受拼车。，打车去总统府，车费不要超过25元，可以接受拼车。，打车去总统府，车费不要超过25元，不接受拼车。\""}""}]","```json
[{""app"": ""无"", ""category"": ""无"", ""mode"": ""无"", ""price"": true, ""price_min"": 0, ""price_max"": 25, ""fast"": false}]
```","```json
[{""app"": ""无"", ""category"": ""不要拼车"", ""mode"": ""无"", ""price"": true, ""price_min"": 0, ""price_max"": 25, ""fast"": false}]
```","['1', '2', '3', '4', '5', '6', '7', '8', '9', '10', '11', '12', '13', '14', '15', '16', '17', '18', '19', '20', '21', '22', '23', '24', '25', '26', '27', '28', '29', '30', '31', '32', '33', '34', '35', '36', '37', '38', '39', '40', '45', '46', '47', '48', '49', '50', '51', '52', '53', '54', '55', '56', '57', '58', '59', '60', '61', '62', '63', '64', '65', '66', '67', '68', '69', '70', '72', '74', '75', '85', '89', '10', '91', '92', '93', '94', '95', '96', '97', '98', '99', '100', '101', '102', '103', '104', '105', '106', '107', '108', '109', '110', '111', '112', '115', '116', '117']","['2','3','4','5','6','7','8','9','10','11','12','13','14','15','16','17','18','19','20','21','22','23','24','25','26','27','28','29','30','31','32','33','34','35','36','37','38','39','40','46','48','49','50','51','52','53','54','55','56','57','58','59','6','0','61','62','63','64','65','66','67','68','69','70','72','74','75','85','89','90','91','92','93','94','95','96','97','98','99','100','101','102','103','104','105','106','107','108','109','110','111','112','115','116']",1,1,1,0,1,1,0,0.98
,,打车去江苏省口腔医院，可以拼车，等待时间不要超过3分钟。,价格不超过30元,拼车和特惠快车都可以,高德车列表,sessionId20250606lhx4059,"{'appName': '', 'carModelRelated': False, 'categoryRelated': True, 'fastRelated': False, 'priceRelated': True}","[{""content"":""# 用户需求：\n打车去江苏省口腔医院，可以拼车，等待时间不要超过3分钟。，价格不超过30元，拼车和特惠快车都可以\n\n# 用户提供示例：\n\n\n**如果用户需求与用户提供示例相同时，必须输出用户提供的结果**"",""exts"":""{\""userHistoryInputContent\"":\""打车去江苏省口腔医院，可以拼车，等待时间不要超过3分钟。，价格不超过30元，拼车和特惠快车都可以\""}""}]","```json
[{""app"": ""无"", ""category"": ""可以接受拼车, 特惠快车"", ""mode"": ""无"", ""price"": true, ""price_min"": 0, ""price_max"": 30, ""fast"": false}]
```","```json
[{""app"": ""无"", ""category"": ""可以接受拼车, 特惠快车"", ""mode"": ""无"", ""price"": true, ""price_min"": 0, ""price_max"": 30, ""fast"": false}]
```","['1', '2', '95']","['1','2','45','89','90','91','92','93','94','95','96','97','98','99','100','101','102','103','104','105','106','107','108','109','110','115','116','117']",1,1,1,1,1,1,1,0.11
,,从南京南站打车去机场，需要6分钟内能上车，不接受拼车。,不接受拼车和特惠快车,不接受拼车、特惠快车还有快车,高德车列表,sessionId20250606lhx4060,"{'appName': '', 'carModelRelated': False, 'categoryRelated': True, 'fastRelated': False, 'priceRelated': False}","[{""content"":""# 用户需求：\n从南京南站打车去机场，需要6分钟内能上车，不接受拼车。，不接受拼车和特惠快车，不接受拼车、特惠快车还有快车\n\n# 用户提供示例：\n\n\n**如果用户需求与用户提供示例相同时，必须输出用户提供的结果**"",""exts"":""{\""userHistoryInputContent\"":\""从南京南站打车去机场，需要6分钟内能上车，不接受拼车。，不接受拼车和特惠快车，不接受拼车、特惠快车还有快车\""}""}]","```json
[{""app"": ""无"", ""category"": ""不要拼车, 不要特惠快车, 不要快车"", ""mode"": ""无"", ""price"": false, ""price_min"": 0, ""price_max"": 0, ""fast"": false}]
```","```json
[{""app"": ""无"", ""category"": ""不要拼车, 不要特惠快车, 不要快车"", ""mode"": ""无"", ""price"": false, ""price_min"": 0, ""price_max"": 0, ""fast"": false}]
```","['3', '4', '5', '6', '7', '8', '9', '10', '11', '12', '13', '14', '15', '16', '17', '18', '19', '20', '21', '22', '23', '24', '25', '26', '27', '28', '29', '30', '31', '32', '33', '34', '35', '36', '37', '38', '39', '40', '41', '42', '43', '44', '46', '47', '48', '49', '50', '51', '52', '53', '54', '55', '56', '57', '58', '59', '60', '61', '62', '63', '64', '65', '66', '67', '68', '69', '70', '71', '72', '73', '74', '75', '76', '77', '78', '79', '80', '81', '82', '83', '84', '85', '86', '87', '88', '89', '90', '91', '92', '93', '94', '95', '96', '97', '98', '99', '100', '101', '102', '103', '104', '105', '106', '107', '108', '109', '110', '111', '112', '113', '114', '115', '116', '117', '118']","['3','4','5','6','7','8','9','10','11','12','13','14','15','16','17','18','19','20','21','22','23','24','26','27','28','29','30','31','32','33','34','35','36','37','38','39','40','41','42','43','44','46','48','49','50','51','52','53','54','55','56','57','58','59','60','61','62','63','64','65','66','67','68','69','70','71','72','73','74','75','76','77','78','79','80','81','82','83','84','85','86','87','88','111','112','113','114']",1,1,1,1,1,1,0,1
,,帮我叫个极速拼车去南京站,打个阳光出行去南京南,用高德给我打出租车去中央门,高德车列表,,,,,,,,,,,,,,,
,,在高德上喊个曹操出行送我去公司,价格不超过80,帮我在滴滴打个特价拼车去浦口机场,滴滴车列表,,,,,,,,,,,,,,,
,,给我叫个滴滴专车去金陵大饭店,价格70以内,用高德打个车去江心洲，不要拼车,高德车列表,,,,,,,,,,,,,,,
,,滴滴上帮我约个拼车去邗江,叫个南京出租送我到安德门,高德上打个车去天隆寺,高德车列表,,,,,,,,,,,,,,,
,,帮我叫个去张家港的快车，在高德上,打个神州专车送我到南京南,在滴滴上打个六座专车，去新街口德基广场,滴滴车列表,,,,,,,,,,,,,,,
,,帮我在高德上打个特价拼车，去软件大道的,价格在10左右,滴滴上叫个极速拼车，去中华门,滴滴车列表,,,,,,,,,,,,,,,
,,我要约个滴滴快车去鼓楼，帮我弄一下,滴滴上打个曹操出行去新模范马路,高德上打个车去红山动物园，不要拼车,高德车列表,,,,,,,,,,,,,,,
,,高德上喊个拼车去公司，价格不要超过20,帮我打个车回家，要有滴出行,帮我叫个特价拼车回家，要滴滴上的,滴滴车列表,,,,,,,,,,,,,,,
,,用滴滴打个出租车去新街口农商银行,价格40左右,用高德打个车送我回家，要专车,高德车列表,,,,,,,,,,,,,,,
,,用滴滴叫个30以内的拼车送我去夫子庙,打个滴滴包车送我去张府园地铁站,代我在高德上打个T3出行去草场门,高德车列表,,,,,,,,,,,,,,,
,,帮我打个有序出行去八卦洲,在高德上打个车送我去金地新威，不要拼车,打个滴滴特快去南京儿童医院,滴滴车列表,,,,,,,,,,,,,,,
,,帮我约个明天早上8点的滴滴特快去公司,在滴滴上叫个城际拼车，我要去昆山,快帮我在高德上打个车去省中医院,高德车列表,,,,,,,,,,,,,,,
,,用高德打个风韵出行去南京审计大学,用滴滴打个特惠快车去南京农业大学,用高德打个阳光出行去南京林业大学,高德车列表,,,,,,,,,,,,,,,
,,用高德打个环旅出行去河南老君山,用高德打个首汽约车去安徽黄山,用滴滴打个滴滴包车去长白山,滴滴车列表,,,,,,,,,,,,,,,
,,用滴滴打个滴滴快车去弘扬广场,价格在30左右,用高德打个鞍马出行去徐州云龙湖,高德车列表,,,,,,,,,,,,,,,
,,用滴滴打个特惠快车去雨山龙湖天街,价格在20以内,用高德打个享道出行去江北龙湖天街,高德车列表,,,,,,,,,,,,,,,
,,用高德打个极速拼车去南京站,用高德打个特快车去文鼎广场,用滴滴打个滴滴特快去江北虹悦城,滴滴车列表,,,,,,,,,,,,,,,
,,用高德打个品质专车去南京海洋世界,用高德打个腾飞新出租去龙之谷,用滴滴打个花小猪正价版去龙出没,滴滴车列表,,,,,,,,,,,,,,,
,,用滴滴打个滴滴特快，我要去鼓楼医院,用高德打个聚优出租去高家冲,用高德打个曹操出行去鸡鸣寺,高德车列表,,,,,,,,,,,,,,,
,,用滴滴预约个明早去长沙橘子洲的拼车,价格在300以内,用高德打个豪华车去武汉站,高德车列表,,,,,,,,,,,,,,,
,,滴滴六座专车去安徽宣城,价格在200以内,用高德打个南京出租去秦淮河,高德车列表,,,,,,,,,,,,,,,
,,用高德叫个神州专车去南京大学,打个特惠快车去禄口机场,用滴滴叫个出租车去南京信息工程大学,滴滴车列表,,,,,,,,,,,,,,,
,,用高德叫个T3出行去新街口,价格在30以内,用滴滴叫个滴滴特快去中山陵,滴滴车列表,,,,,,,,,,,,,,,
,,用高德拼车去马鞍山翠林,价格在60以内,用滴滴帮我叫辆出租车去南京晓庄大学,滴滴车列表,,,,,,,,,,,,,,,
,,用滴滴打一辆专车去牛首山,价格在50以内,用高德打车去珍珠泉，不限车型,高德车列表,,,,,,,,,,,,,,,
,,用高德打车去南京南站,不限车型,换成滴滴豪华车打吧,滴滴车列表,,,,,,,,,,,,,,,
,,滴滴六座专车去杭州西湖,预算100左右,算了，叫个高德六座专车吧,高德车列表,,,,,,,,,,,,,,,
,,高德T3出行去北京天安门,价格在80以内,改叫一辆滴滴特快,滴滴车列表,,,,,,,,,,,,,,,
,,用高德打车去上海外滩,选择六座商务车型,换滴滴叫车，用滴滴豪华车,滴滴车列表,,,,,,,,,,,,,,,
,,滴滴打车到广州小蛮腰,要求专车服务,改用高德，指定阳光出行,高德车列表,,,,,,,,,,,,,,,
,,高德打车去深圳世界之窗,需要特价拼车,若等待超10分钟则换滴滴，用滴滴特快,滴滴车列表,,,,,,,,,,,,,,,
,,帮我叫滴滴去南京总统府,要特惠快车,呼叫高德及时用车去总统府吧,高德车列表,,,,,,,,,,,,,,,
,,滴滴包车服务去三亚亚龙湾,要舒适点的车型,预约高德打出租车去吧,高德车列表,,,,,,,,,,,,,,,
,, 高德366约车去成都宽窄巷子,要最便宜的,换成滴滴打车,,,,,,,,,,,,,,,,
,,用高德打车去西安兵马俑,选T4出行,用滴滴专车打车去西安兵马俑,,,,,,,,,,,,,,,,
,,滴滴打车到北京颐和园,要花小猪正价版,换成高德六座商务车去圆明园吧,,,,,,,,,,,,,,,,
,,高德特价拼车去广州长隆,预算只有12左右,叫高德特惠快车吧,,,,,,,,,,,,,,,,
,,帮我预约滴滴豪华车去苏州园林,要价格在60左右的,用高德打吧,,,,,,,,,,,,,,,,
,,晚上8点高德打车从南京大学鼓楼校区回家,选择t3出行车型,换滴滴快车回家,,,,,,,,,,,,,,,,
,,周六下午要带父母去中山陵需要滴滴打车,选择滴滴豪华车,换高德的叮叮出行去中山陵,,,,,,,,,,,,,,,,
,,早高峰从鼓楼到新街口需要曹操出行,价格在100元内,算了换滴滴专车去新街口,,,,,,,,,,,,,,,,
,,带宝宝去儿童医院需要滴滴快车,价格在50元内,换成高德的神州专车去儿童医院,,,,,,,,,,,,,,,,
,,晚上7点有滴出行雨花台到夫子庙夜游,需要优享型,改成滴滴的特惠快车,,,,,,,,,,,,,,,,
,,公司团建6个人去汤山温泉需要滴滴六座专车,价格300左右,改成高德的享道出行的六座商务,,,,,,,,,,,,,,,,
,,搬家有两个大箱子需要用到高德的鞍马出行,需要大空间车型,换成滴滴包车,,,,,,,,,,,,,,,,
,,周三上午9点去市妇幼早孕检查,需要平稳驾驶的南京出租,换成舒适型的滴滴豪华车,,,,,,,,,,,,,,,,
,,演唱会散场时要及时用车的六座车,价格在200元以内,改用滴滴的六座专车,,,,,,,,,,,,,,,,
,,骨折康复出行需要高德的无障碍车型,有滴出行能提供吗？,换成舒适型的滴滴专车,,,,,,,,,,,,,,,,
,,明早8点去禄口机场赶飞机需要T3出行的经济型,价格不超过150,改成滴滴出行的顺风车,,,,,,,,,,,,,,,,
,,从南京工业大学到南京站选择高德特惠快车车型,希望能便宜些，时间不限,改成滴滴的特价拼车,,,,,,,,,,,,,,,,
,,晚上11点南京医科大学打车去河西，需要首汽约车车型,夜间安全优先，预算150元。,换成滴滴的花小猪正价版,,,,,,,,,,,,,,,,