车列表名称,车列表参数,appName场景,车列表,sysSessionId,模型1返回结果,input,output,output标准答案,模型2返回结果,模型2标准答案,模型1三大项标注,模型1最快打车意图标注,app字段准确性,category，mode车型字段准确性,"price，price_min, price_max价格字段准确性",fast最快打车意图字段准确性,模型2准确率,模型2召回率,
滴滴车列表,"{
        ""appName"": ""滴滴"",
        ""taxiSkuList"": [
                {""index"": ""1"", ""category"": ""推荐"", ""carModel"": ""极速拼车"", ""price"": 8},
                {""index"": ""2"", ""category"": ""推荐"", ""carModel"": ""特惠快车"", ""price"": 12},
                {""index"": ""3"", ""category"": ""推荐"", ""carModel"": ""滴滴快车"", ""price"": 13},
                {""index"": ""4"", ""category"": ""拼车"", ""carModel"": ""特价拼车"", ""price"": 7},
                {""index"": ""5"", ""category"": ""拼车"", ""carModel"": ""极速拼车"", ""price"": 8.5},
                {""index"": ""6"", ""category"": ""特价"", ""carModel"": ""花小猪外接版"", ""price"": 9.8},
                {""index"": ""7"", ""category"": ""特价"", ""carModel"": ""特惠快车"", ""price"": 8.8},
                {""index"": ""8"", ""category"": ""快速"", ""carModel"": ""花小猪正价版"", ""price"": 10},
                {""index"": ""9"", ""category"": ""快速"", ""carModel"": ""曹操出行"", ""price"": 11},
                {""index"": ""10"", ""category"": ""快速"", ""carModel"": ""特快出租车"", ""price"": 10.3},
                {""index"": ""11"", ""category"": ""快速"", ""carModel"": ""滴滴特快"", ""price"": 15.8},
                {""index"": ""12"", ""category"": ""快速"", ""carModel"": ""出租车"", ""price"": 14},
                {""index"": ""13"", ""category"": ""快速"", ""carModel"": ""滴滴快车"", ""price"": 16},
                {""index"": ""14"", ""category"": ""舒适"", ""carModel"": ""滴滴专车"", ""price"": 42},
                {""index"": ""15"", ""category"": ""舒适"", ""carModel"": ""滴滴豪华车"", ""price"": 68},
                {""index"": ""16"", ""category"": ""六座"", ""carModel"": ""六座专车"", ""price"": 54},
                {""index"": ""17"", ""category"": ""更多"", ""carModel"": ""滴滴代驾"", ""price"": 17},
                {""index"": ""18"", ""category"": ""更多"", ""carModel"": ""宠物出行"", ""price"": 21},
                {""index"": ""19"", ""category"": ""更多"", ""carModel"": ""滴滴包车"", ""price"": 39},
                {""index"": ""20"", ""category"": ""送货"", ""carModel"": ""汽车快送"", ""price"": 25},
                {""index"": ""21"", ""category"": ""送货"", ""carModel"": ""跑腿"", ""price"": 28},
                {""index"": ""22"", ""category"": ""特价"", ""carModel"": ""惊喜特价"", ""price"": 9.9},
                {""index"": ""23"", ""category"": ""推荐"", ""carModel"": ""顺风车"", ""price"": 22.5},
                {""index"": ""24"", ""category"": ""城际"", ""carModel"": ""城际拼车"", ""price"": 56.5},
                {""index"": ""25"", ""category"": ""城际"", ""carModel"": ""顺风车"", ""price"": 62},
                {""index"": ""26"", ""category"": ""推荐"", ""carModel"": ""花小猪外接版"", ""price"": 15},
                {""index"": ""27"", ""category"": ""推荐"", ""carModel"": ""花小猪正价版"", ""price"": 13.5},
                {""index"": ""28"", ""category"": ""推荐"", ""carModel"": ""滴滴专车"", ""price"": 24},
                {""index"": ""29"", ""category"": ""推荐"", ""carModel"": ""惊喜特价"", ""price"": 12.8}
        ]
}",打一个滴滴拼车从金证科技园南门去南京航天医院，打一个高德拼车从金证科技园南门去南京航天医院,滴滴车列表,sessionId20250606lhx3001,"{'appName': '高德地图', 'carModelRelated': False, 'categoryRelated': True, 'fastRelated': False, 'priceRelated': False}","[{""content"":""# 用户需求：\n打一个滴滴拼车从金证科技园南门去南京航天医院，打一个高德拼车从金证科技园南门去南京航天医院\n\n# 用户提供示例：\n\n\n**如果用户需求与用户提供示例相同时，必须输出用户提供的结果**"",""exts"":""{\""userHistoryInputContent\"":\""打一个滴滴拼车从金证科技园南门去南京航天医院，打一个高德拼车从金证科技园南门去南京航天医院\""}""}]","```json
[{""app"": ""滴滴"", ""category"": ""拼车"", ""mode"": ""无"", ""price"": false, ""price_min"": 0, ""price_max"": 0, ""fast"": false}, {""app"": ""高德地图"", ""category"": ""拼车"", ""mode"": ""无"", ""price"": false, ""price_min"": 0, ""price_max"": 0, ""fast"": false}]
```","```json
[{""app"": ""滴滴"", ""category"": ""拼车"", ""mode"": ""无"", ""price"": false, ""price_min"": 0, ""price_max"": 0, ""fast"": false}, {""app"": ""高德地图"", ""category"": ""拼车"", ""mode"": ""无"", ""price"": false, ""price_min"": 0, ""price_max"": 0, ""fast"": false}]
```","['1', '4', '5']","['1','4','5']
",1,1,1,1,1,1,1,1,
高德车列表,"{
        ""appName"": ""高德"",
        ""taxiSkuList"": [
                {""index"": ""1"", ""category"": ""拼车"", ""carModel"": ""极速拼车"", ""price"": 7.2},
                {""index"": ""2"", ""category"": ""特惠快车"", ""carModel"": ""特惠快车"", ""price"": 8.5},
                {""index"": ""3"", ""category"": ""经济型"", ""carModel"": ""曹操出行"", ""price"": 7.9},
                {""index"": ""4"", ""category"": ""经济型"", ""carModel"": ""T3出行"", ""price"": 8.3},
                {""index"": ""5"", ""category"": ""经济型"", ""carModel"": ""享道出行"", ""price"": 9},
                {""index"": ""6"", ""category"": ""经济型"", ""carModel"": ""鞍马出行"", ""price"": 10},
                {""index"": ""7"", ""category"": ""经济型"", ""carModel"": ""腾飞出行"", ""price"": 10.5},
                {""index"": ""8"", ""category"": ""经济型"", ""carModel"": ""及时用车"", ""price"": 9.5},
                {""index"": ""9"", ""category"": ""经济型"", ""carModel"": ""风韵出行"", ""price"": 9.5},
                {""index"": ""10"", ""category"": ""经济型"", ""carModel"": ""环旅出行"", ""price"": 8.9},
                {""index"": ""11"", ""category"": ""经济型"", ""carModel"": ""神州专车"", ""price"": 9.5},
                {""index"": ""12"", ""category"": ""经济型"", ""carModel"": ""叮叮出行"", ""price"": 10},
                {""index"": ""13"", ""category"": ""经济型"", ""carModel"": ""迪尔出行"", ""price"": 10.5},
                {""index"": ""14"", ""category"": ""经济型"", ""carModel"": ""旅程约车"", ""price"": 8},
                {""index"": ""15"", ""category"": ""经济型"", ""carModel"": ""聚优出租"", ""price"": 11},
                {""index"": ""16"", ""category"": ""经济型"", ""carModel"": ""阳光出行"", ""price"": 13},
                {""index"": ""17"", ""category"": ""经济型"", ""carModel"": ""首汽约车"", ""price"": 11.5},
                {""index"": ""18"", ""category"": ""经济型"", ""carModel"": ""有序出行"", ""price"": 12},
                {""index"": ""19"", ""category"": ""经济型"", ""carModel"": ""沛途出行"", ""price"": 11.5},
                {""index"": ""20"", ""category"": ""经济型"", ""carModel"": ""有滴出行"", ""price"": 12.5},
                {""index"": ""21"", ""category"": ""经济型"", ""carModel"": ""365约车"", ""price"": 13},
                {""index"": ""22"", ""category"": ""经济型"", ""carModel"": ""南京出租"", ""price"": 14},
                {""index"": ""23"", ""category"": ""经济型"", ""carModel"": ""腾飞新出租"", ""price"": 12},
                {""index"": ""24"", ""category"": ""经济型"", ""carModel"": ""鞍马聚的新出租"", ""price"": 16},
                {""index"": ""25"", ""category"": ""特快车"", ""carModel"": ""特快车"", ""price"": 18.5},
                {""index"": ""26"", ""category"": ""出租"", ""carModel"": ""出租车"", ""price"": 16},
                {""index"": ""27"", ""category"": ""优享型"", ""carModel"": ""曹操出行"", ""price"": 17.5},
                {""index"": ""28"", ""category"": ""优享型"", ""carModel"": ""阳光出行"", ""price"": 18},
                {""index"": ""29"", ""category"": ""优享型"", ""carModel"": ""T3出行"", ""price"": 19},
                {""index"": ""30"", ""category"": ""优享型"", ""carModel"": ""首汽约车"", ""price"": 19},
                {""index"": ""31"", ""category"": ""优享型"", ""carModel"": ""鞍马出行"", ""price"": 19.5},
                {""index"": ""32"", ""category"": ""优享型"", ""carModel"": ""风韵出行"", ""price"": 18.5},
                {""index"": ""33"", ""category"": ""优享型"", ""carModel"": ""腾飞出行"", ""price"": 18},
                {""index"": ""34"", ""category"": ""优享型"", ""carModel"": ""有滴出行"", ""price"": 18.5},
                {""index"": ""35"", ""category"": ""优享型"", ""carModel"": ""及时用车"", ""price"": 19.5},
                {""index"": ""36"", ""category"": ""优享型"", ""carModel"": ""神州专车"", ""price"": 19},
                {""index"": ""37"", ""category"": ""优享型"", ""carModel"": ""环旅出行"", ""price"": 19.5},
                {""index"": ""38"", ""category"": ""优享型"", ""carModel"": ""叮叮出行"", ""price"": 19.5},
                {""index"": ""39"", ""category"": ""优享型"", ""carModel"": ""沛途出行"", ""price"": 20},
                {""index"": ""40"", ""category"": ""优享型"", ""carModel"": ""旅程约车"", ""price"": 19},
                {""index"": ""41"", ""category"": ""专车"", ""carModel"": ""品质专车"", ""price"": 32},
                {""index"": ""42"", ""category"": ""六座商务"", ""carModel"": ""六座商务"", ""price"": 35},
                {""index"": ""43"", ""category"": ""送东西"", ""carModel"": ""高德秒送"", ""price"": 26},
                {""index"": ""44"", ""category"": ""顺风车"", ""carModel"": ""顺风车"", ""price"": 33},
                {""index"": ""45"", ""category"": ""特价拼车"", ""carModel"": ""特价拼车"", ""price"": 12},
                {""index"": ""46"", ""category"": ""推荐"", ""carModel"": ""顺风车"", ""price"": 17},
                {""index"": ""47"", ""category"": ""推荐"", ""carModel"": ""特价拼车"", ""price"": 12},
                {""index"": ""48"", ""category"": ""经济"", ""carModel"": ""曹操出行"", ""price"": 8.9},
                {""index"": ""49"", ""category"": ""经济"", ""carModel"": ""T3出行"", ""price"": 8.5},
                {""index"": ""50"", ""category"": ""经济"", ""carModel"": ""享道出行"", ""price"": 9},
                {""index"": ""51"", ""category"": ""经济"", ""carModel"": ""鞍马出行"", ""price"": 7.8},
                {""index"": ""52"", ""category"": ""经济"", ""carModel"": ""腾飞出行"", ""price"": 7.5},
                {""index"": ""53"", ""category"": ""经济"", ""carModel"": ""有序出行"", ""price"": 8},
                {""index"": ""54"", ""category"": ""经济"", ""carModel"": ""神州专车"", ""price"": 8},
                {""index"": ""55"", ""category"": ""经济"", ""carModel"": ""妥妥E行"", ""price"": 7.9},
                {""index"": ""56"", ""category"": ""经济"", ""carModel"": ""及时用车"", ""price"": 7.6},
                {""index"": ""57"", ""category"": ""经济"", ""carModel"": ""环旅出行"", ""price"": 8},
                {""index"": ""58"", ""category"": ""经济"", ""carModel"": ""沛途出行"", ""price"": 8.1},
                {""index"": ""59"", ""category"": ""经济"", ""carModel"": ""旅程约车"", ""price"": 8.3},
                {""index"": ""60"", ""category"": ""经济"", ""carModel"": ""风韵出行"", ""price"": 8.3},
                {""index"": ""61"", ""category"": ""经济"", ""carModel"": ""阳光出行"", ""price"": 8.2},
                {""index"": ""62"", ""category"": ""经济"", ""carModel"": ""首汽约车"", ""price"": 8},
                {""index"": ""63"", ""category"": ""经济"", ""carModel"": ""叮叮出行"", ""price"": 7.6},
                {""index"": ""64"", ""category"": ""经济"", ""carModel"": ""迪尔出行"", ""price"": 7.5},
                {""index"": ""65"", ""category"": ""经济"", ""carModel"": ""有滴出行"", ""price"": 7},
                {""index"": ""66"", ""category"": ""经济"", ""carModel"": ""聚优出租"", ""price"": 8},
                {""index"": ""67"", ""category"": ""经济"", ""carModel"": ""南京出租"", ""price"": 7.4},
                {""index"": ""68"", ""category"": ""经济"", ""carModel"": ""腾飞新出租"", ""price"": 7.9},
                {""index"": ""69"", ""category"": ""经济"", ""carModel"": ""鞍马聚的新出租"", ""price"": 8.5},
                {""index"": ""70"", ""category"": ""优享型"", ""carModel"": ""享道出行"", ""price"": 11},
                {""index"": ""71"", ""category"": ""推荐"", ""carModel"": ""品质专车"", ""price"": 28},
                {""index"": ""72"", ""category"": ""经济"", ""carModel"": ""365约车"", ""price"": 10},
                {""index"": ""73"", ""category"": ""优享型"", ""carModel"": ""旅程专车"", ""price"": 29},
                {""index"": ""74"", ""category"": ""经济型"", ""carModel"": ""聚优出行"", ""price"": 9},
                {""index"": ""75"", ""category"": ""出租车"", ""carModel"": ""鞍马聚的-高档出租车"", ""price"": 15},
                {""index"": ""76"", ""category"": ""品质专车"", ""carModel"": ""风韵出行"", ""price"": 35},
                {""index"": ""77"", ""category"": ""品质专车"", ""carModel"": ""鞍马出行"", ""price"": 42},
                {""index"": ""78"", ""category"": ""品质专车"", ""carModel"": ""叮叮出行"", ""price"": 46},
                {""index"": ""79"", ""category"": ""品质专车"", ""carModel"": ""首汽约车"", ""price"": 45},
                {""index"": ""80"", ""category"": ""品质专车"", ""carModel"": ""腾飞出行"", ""price"": 38},
                {""index"": ""81"", ""category"": ""品质专车"", ""carModel"": ""环旅出行"", ""price"": 39},
                {""index"": ""82"", ""category"": ""品质专车"", ""carModel"": ""神州专车"", ""price"": 45},
                {""index"": ""83"", ""category"": ""六座商务"", ""carModel"": ""享道出行"", ""price"": 41},
                {""index"": ""84"", ""category"": ""六座商务"", ""carModel"": ""首汽约车"", ""price"": 39},
                {""index"": ""85"", ""category"": ""出租车"", ""carModel"": ""鞍马聚的-低档"", ""price"": 19},
                {""index"": ""86"", ""category"": ""六座商务"", ""carModel"": ""叮叮出行"", ""price"": 44},
                {""index"": ""87"", ""category"": ""六座商务"", ""carModel"": ""腾飞出行"", ""price"": 40},
                {""index"": ""88"", ""category"": ""六座商务"", ""carModel"": ""神州专车"", ""price"": 50},
                {""index"": ""89"", ""category"": ""特惠快车"", ""carModel"": ""首汽约车"", ""price"": 12},
                {""index"": ""10"", ""category"": ""特惠快车"", ""carModel"": ""T3出行"", ""price"": 13},
                {""index"": ""91"", ""category"": ""特惠快车"", ""carModel"": ""享道出行"", ""price"": 12.5},
                {""index"": ""92"", ""category"": ""特惠快车"", ""carModel"": ""曹操出行"", ""price"": 13.8},
                {""index"": ""93"", ""category"": ""特惠快车"", ""carModel"": ""鞍马出行"", ""price"": 13.4},
                {""index"": ""94"", ""category"": ""特惠快车"", ""carModel"": ""风韵出行"", ""price"": 12.9},
                {""index"": ""95"", ""category"": ""特惠快车"", ""carModel"": ""有序出行"", ""price"": 12.6},
                {""index"": ""96"", ""category"": ""特惠快车"", ""carModel"": ""腾飞出行"", ""price"": 12.8},
                {""index"": ""97"", ""category"": ""特惠快车"", ""carModel"": ""阳光出行"", ""price"": 13},
                {""index"": ""98"", ""category"": ""特惠快车"", ""carModel"": ""叮叮出行"", ""price"": 12.2},
                {""index"": ""99"", ""category"": ""特惠快车"", ""carModel"": ""神州专车"", ""price"": 12.5},
                {""index"": ""100"", ""category"": ""特惠快车"", ""carModel"": ""迪尔出行"", ""price"": 12.6},
                {""index"": ""101"", ""category"": ""特惠快车"", ""carModel"": ""及时用车"", ""price"": 12.5},
                {""index"": ""102"", ""category"": ""特惠快车"", ""carModel"": ""有滴出行"", ""price"": 13.4},
                {""index"": ""103"", ""category"": ""特惠快车"", ""carModel"": ""环旅出行"", ""price"": 13.2},
                {""index"": ""104"", ""category"": ""特惠快车"", ""carModel"": ""沛途出行"", ""price"": 12},
                {""index"": ""105"", ""category"": ""特惠快车"", ""carModel"": ""聚优出行"", ""price"": 14},
                {""index"": ""106"", ""category"": ""特惠快车"", ""carModel"": ""南京出租"", ""price"": 16},
                {""index"": ""107"", ""category"": ""特惠快车"", ""carModel"": ""365约车"", ""price"": 12.5},
                {""index"": ""108"", ""category"": ""特惠快车"", ""carModel"": ""腾飞新出租"", ""price"": 12.3},
                {""index"": ""109"", ""category"": ""特惠快车"", ""carModel"": ""妥妥E行"", ""price"": 13},
                {""index"": ""110"", ""category"": ""特惠快车"", ""carModel"": ""聚的新出租"", ""price"": 11.8},
                {""index"": ""111"", ""category"": ""经济型"", ""carModel"": ""妥妥E行"", ""price"": 14},
                {""index"": ""112"", ""category"": ""优享型"", ""carModel"": ""365约车"", ""price"": 15},
                {""index"": ""113"", ""category"": ""品质专车"", ""carModel"": ""有序出行"", ""price"": 48},
                {""index"": ""114"", ""category"": ""六座商务"", ""carModel"": ""特价专车"", ""price"": 40},
                {""index"": ""115"", ""category"": ""特惠快车"", ""carModel"": ""旅程约车"", ""price"": 16},
                {""index"": ""116"", ""category"": ""特惠快车"", ""carModel"": ""聚优出租"", ""price"": 17},
                {""index"": ""117"", ""category"": ""特惠快车"", ""carModel"": ""聚的出租车"", ""price"": 17.9},
                {""index"": ""118"", ""category"": ""品质专车"", ""carModel"": ""享道出行"", ""price"": 38}
        ]
}",分别打一个高德和滴滴从药科大地铁站1号口坐特惠快车去义乌小商品城,滴滴车列表,sessionId20250606lhx3002,"{'appName': '高德地图', 'carModelRelated': False, 'categoryRelated': True, 'fastRelated': False, 'priceRelated': False}","[{""content"":""# 用户需求：\n分别打一个高德和滴滴从药科大地铁站1号口坐特惠快车去义乌小商品城\n\n# 用户提供示例：\n\n\n**如果用户需求与用户提供示例相同时，必须输出用户提供的结果**"",""exts"":""{\""userHistoryInputContent\"":\""分别打一个高德和滴滴从药科大地铁站1号口坐特惠快车去义乌小商品城\""}""}]","```json
[{""app"": ""高德地图"", ""category"": ""特惠快车"", ""mode"": ""无"", ""price"": false, ""price_min"": 0, ""price_max"": 0, ""fast"": false}, {""app"": ""滴滴"", ""category"": ""特惠快车"", ""mode"": ""无"", ""price"": false, ""price_min"": 0, ""price_max"": 0, ""fast"": false}]
```","```json
[{""app"": ""高德地图"", ""category"": ""特惠快车"", ""mode"": ""无"", ""price"": false, ""price_min"": 0, ""price_max"": 0, ""fast"": false}, {""app"": ""滴滴"", ""category"": ""特惠快车"", ""mode"": ""无"", ""price"": false, ""price_min"": 0, ""price_max"": 0, ""fast"": false}]
```","['2', '7']","['2','7']",1,1,1,1,1,1,1,1,
,,中天荟·小龙湾南侧去金鹰国际购物中心（江宁店），用高德和滴滴，需要经济车,滴滴车列表,sessionId20250606lhx3003,"{'appName': '高德地图', 'carModelRelated': False, 'categoryRelated': True, 'fastRelated': False, 'priceRelated': False}","[{""content"":""# 用户需求：\n中天荟·小龙湾南侧去金鹰国际购物中心（江宁店），用高德和滴滴，需要经济车\n\n# 用户提供示例：\n\n\n**如果用户需求与用户提供示例相同时，必须输出用户提供的结果**"",""exts"":""{\""userHistoryInputContent\"":\""中天荟·小龙湾南侧去金鹰国际购物中心（江宁店），用高德和滴滴，需要经济车\""}""}]","```json
[{""app"": ""高德地图"", ""category"": ""经济车"", ""mode"": ""无"", ""price"": false, ""price_min"": 0, ""price_max"": 0, ""fast"": false}, {""app"": ""滴滴"", ""category"": ""经济车"", ""mode"": ""无"", ""price"": false, ""price_min"": 0, ""price_max"": 0, ""fast"": false}]
```","```json
[{""app"": ""高德地图"", ""category"": ""经济车"", ""mode"": ""无"", ""price"": false, ""price_min"": 0, ""price_max"": 0, ""fast"": false}, {""app"": ""滴滴"", ""category"": ""经济车"", ""mode"": ""无"", ""price"": false, ""price_min"": 0, ""price_max"": 0, ""fast"": false}]
```","['1', '2', '4', '6', '7']","['2','4','7','22''29']
",1,1,1,1,1,1,0,0.75,
,,金证南京科技园南门拼车去南京南站（南进站口），滴滴和高德都可以,滴滴车列表,sessionId20250606lhx3004,"{'appName': '高德地图', 'carModelRelated': False, 'categoryRelated': True, 'fastRelated': False, 'priceRelated': False}","[{""content"":""# 用户需求：\n金证南京科技园南门拼车去南京南站（南进站口），滴滴和高德都可以\n\n# 用户提供示例：\n\n\n**如果用户需求与用户提供示例相同时，必须输出用户提供的结果**"",""exts"":""{\""userHistoryInputContent\"":\""金证南京科技园南门拼车去南京南站（南进站口），滴滴和高德都可以\""}""}]","```json
[{""app"": ""滴滴"", ""category"": ""拼车"", ""mode"": ""无"", ""price"": false, ""price_min"": 0, ""price_max"": 0, ""fast"": false}, {""app"": ""高德地图"", ""category"": ""拼车"", ""mode"": ""无"", ""price"": false, ""price_min"": 0, ""price_max"": 0, ""fast"": false}]
```","```json
[{""app"": ""滴滴"", ""category"": ""拼车"", ""mode"": ""无"", ""price"": false, ""price_min"": 0, ""price_max"": 0, ""fast"": false}, {""app"": ""高德地图"", ""category"": ""拼车"", ""mode"": ""无"", ""price"": false, ""price_min"": 0, ""price_max"": 0, ""fast"": false}]
```","['1', '4', '5']","['1','4','5']
",1,1,1,1,1,1,1,1,
,,南京市第一医院南院（东南门）到中国银行（南京城南支行），滴滴拼车和高德特惠快车,滴滴车列表,sessionId20250606lhx3005,"{'appName': '高德地图', 'carModelRelated': False, 'categoryRelated': True, 'fastRelated': False, 'priceRelated': False}","[{""content"":""# 用户需求：\n南京市第一医院南院（东南门）到中国银行（南京城南支行），滴滴拼车和高德特惠快车\n\n# 用户提供示例：\n\n\n**如果用户需求与用户提供示例相同时，必须输出用户提供的结果**"",""exts"":""{\""userHistoryInputContent\"":\""南京市第一医院南院（东南门）到中国银行（南京城南支行），滴滴拼车和高德特惠快车\""}""}]","```json
[{""app"": ""滴滴"", ""category"": ""拼车"", ""mode"": ""无"", ""price"": false, ""price_min"": 0, ""price_max"": 0, ""fast"": false}, {""app"": ""高德地图"", ""category"": ""特惠快车"", ""mode"": ""无"", ""price"": false, ""price_min"": 0, ""price_max"": 0, ""fast"": false}]
```","```json
[{""app"": ""滴滴"", ""category"": ""拼车"", ""mode"": ""无"", ""price"": false, ""price_min"": 0, ""price_max"": 0, ""fast"": false}, {""app"": ""高德地图"", ""category"": ""特惠快车"", ""mode"": ""无"", ""price"": false, ""price_min"": 0, ""price_max"": 0, ""fast"": false}]
```","['1', '4', '5']","['1','4','5']
",1,1,1,1,1,1,1,1,
,,高德滴滴之类的出租车雨花台区实验小学（东北门）到大报恩寺遗址景区,滴滴车列表,sessionId20250606lhx3006,"{'appName': '高德地图', 'carModelRelated': False, 'categoryRelated': True, 'fastRelated': False, 'priceRelated': False}","[{""content"":""# 用户需求：\n高德滴滴之类的出租车雨花台区实验小学（东北门）到大报恩寺遗址景区\n\n# 用户提供示例：\n\n\n**如果用户需求与用户提供示例相同时，必须输出用户提供的结果**"",""exts"":""{\""userHistoryInputContent\"":\""高德滴滴之类的出租车雨花台区实验小学（东北门）到大报恩寺遗址景区\""}""}]","```json
[{""app"": ""高德地图"", ""category"": ""出租车"", ""mode"": ""无"", ""price"": false, ""price_min"": 0, ""price_max"": 0, ""fast"": false}, {""app"": ""滴滴"", ""category"": ""出租车"", ""mode"": ""无"", ""price"": false, ""price_min"": 0, ""price_max"": 0, ""fast"": false}]
```","```json
[{""app"": ""高德地图"", ""category"": ""出租车"", ""mode"": ""无"", ""price"": false, ""price_min"": 0, ""price_max"": 0, ""fast"": false}, {""app"": ""滴滴"", ""category"": ""出租车"", ""mode"": ""无"", ""price"": false, ""price_min"": 0, ""price_max"": 0, ""fast"": false}]
```","['10', '12']","['10','12']",1,1,1,1,1,1,1,1,
,,滴滴和高德，莫愁湖公园到固生堂南京建邺分院，要求拼车,滴滴车列表,sessionId20250606lhx3007,"{'appName': '高德地图', 'carModelRelated': False, 'categoryRelated': True, 'fastRelated': False, 'priceRelated': False}","[{""content"":""# 用户需求：\n滴滴和高德，莫愁湖公园到固生堂南京建邺分院，要求拼车\n\n# 用户提供示例：\n\n\n**如果用户需求与用户提供示例相同时，必须输出用户提供的结果**"",""exts"":""{\""userHistoryInputContent\"":\""滴滴和高德，莫愁湖公园到固生堂南京建邺分院，要求拼车\""}""}]","```json
[{""app"": ""滴滴"", ""category"": ""拼车"", ""mode"": ""无"", ""price"": false, ""price_min"": 0, ""price_max"": 0, ""fast"": false}, {""app"": ""高德地图"", ""category"": ""拼车"", ""mode"": ""无"", ""price"": false, ""price_min"": 0, ""price_max"": 0, ""fast"": false}]
```","```json
[{""app"": ""滴滴"", ""category"": ""拼车"", ""mode"": ""无"", ""price"": false, ""price_min"": 0, ""price_max"": 0, ""fast"": false}, {""app"": ""高德地图"", ""category"": ""拼车"", ""mode"": ""无"", ""price"": false, ""price_min"": 0, ""price_max"": 0, ""fast"": false}]
```","['1', '4', '5']","['1','4','5']",1,1,1,1,1,1,1,1,
,,侵华日军南京大屠杀遇难同胞纪念馆到万达广场（南京建邺店），高德滴滴均可，必须六座车,滴滴车列表,sessionId20250606lhx3008,"{'appName': '高德地图', 'carModelRelated': False, 'categoryRelated': True, 'fastRelated': False, 'priceRelated': False}","[{""content"":""# 用户需求：\n侵华日军南京大屠杀遇难同胞纪念馆到万达广场（南京建邺店），高德滴滴均可，必须六座车\n\n# 用户提供示例：\n\n\n**如果用户需求与用户提供示例相同时，必须输出用户提供的结果**"",""exts"":""{\""userHistoryInputContent\"":\""侵华日军南京大屠杀遇难同胞纪念馆到万达广场（南京建邺店），高德滴滴均可，必须六座车\""}""}]","```json
[{""app"": ""高德地图"", ""category"": ""六座车"", ""mode"": ""无"", ""price"": false, ""price_min"": 0, ""price_max"": 0, ""fast"": false}, {""app"": ""滴滴"", ""category"": ""六座车"", ""mode"": ""无"", ""price"": false, ""price_min"": 0, ""price_max"": 0, ""fast"": false}]
```","```json
[{""app"": ""高德地图"", ""category"": ""六座车"", ""mode"": ""无"", ""price"": false, ""price_min"": 0, ""price_max"": 0, ""fast"": false}, {""app"": ""滴滴"", ""category"": ""六座车"", ""mode"": ""无"", ""price"": false, ""price_min"": 0, ""price_max"": 0, ""fast"": false}]
```",['16'],['16'],1,1,1,1,1,1,1,1,
,,使用滴滴和高德，中共江苏省委员会拼车去马鞍山10号院,滴滴车列表,sessionId20250606lhx3009,"{'appName': '高德地图', 'carModelRelated': False, 'categoryRelated': True, 'fastRelated': False, 'priceRelated': False}","[{""content"":""# 用户需求：\n使用滴滴和高德，中共江苏省委员会拼车去马鞍山10号院\n\n# 用户提供示例：\n\n\n**如果用户需求与用户提供示例相同时，必须输出用户提供的结果**"",""exts"":""{\""userHistoryInputContent\"":\""使用滴滴和高德，中共江苏省委员会拼车去马鞍山10号院\""}""}]","```json
[{""app"": ""滴滴"", ""category"": ""拼车"", ""mode"": ""无"", ""price"": false, ""price_min"": 0, ""price_max"": 0, ""fast"": false}, {""app"": ""高德地图"", ""category"": ""拼车"", ""mode"": ""无"", ""price"": false, ""price_min"": 0, ""price_max"": 0, ""fast"": false}]
```","```json
[{""app"": ""滴滴"", ""category"": ""拼车"", ""mode"": ""无"", ""price"": false, ""price_min"": 0, ""price_max"": 0, ""fast"": false}, {""app"": ""高德地图"", ""category"": ""拼车"", ""mode"": ""无"", ""price"": false, ""price_min"": 0, ""price_max"": 0, ""fast"": false}]
```","['1', '4', '5']","['1','4','5']",1,1,1,1,1,1,1,1,
,,金证南京科技园（南门）出租车去南京南站（南进站口），滴滴，高德，百度,滴滴车列表,sessionId20250606lhx3010,"{'appName': '百度', 'carModelRelated': False, 'categoryRelated': True, 'fastRelated': False, 'priceRelated': False}","[{""content"":""# 用户需求：\n金证南京科技园（南门）出租车去南京南站（南进站口），滴滴，高德，百度\n\n# 用户提供示例：\n\n\n**如果用户需求与用户提供示例相同时，必须输出用户提供的结果**"",""exts"":""{\""userHistoryInputContent\"":\""金证南京科技园（南门）出租车去南京南站（南进站口），滴滴，高德，百度\""}""}]","```json
[{""app"": ""滴滴"", ""category"": ""出租车"", ""mode"": ""无"", ""price"": false, ""price_min"": 0, ""price_max"": 0, ""fast"": false}, {""app"": ""高德地图"", ""category"": ""出租车"", ""mode"": ""无"", ""price"": false, ""price_min"": 0, ""price_max"": 0, ""fast"": false}, {""app"": ""百度"", ""category"": ""出租车"", ""mode"": ""无"", ""price"": false, ""price_min"": 0, ""price_max"": 0, ""fast"": false}]
```","```json
[{""app"": ""滴滴"", ""category"": ""出租车"", ""mode"": ""无"", ""price"": false, ""price_min"": 0, ""price_max"": 0, ""fast"": false}, {""app"": ""高德地图"", ""category"": ""出租车"", ""mode"": ""无"", ""price"": false, ""price_min"": 0, ""price_max"": 0, ""fast"": false}, {""app"": ""百度"", ""category"": ""出租车"", ""mode"": ""无"", ""price"": false, ""price_min"": 0, ""price_max"": 0, ""fast"": false}]
```","['10', '12']","['10','12']",1,1,1,1,1,1,1,1,
,,金证南京科技园（南门）到玄武湖，特惠车，高德滴滴这些。,滴滴车列表,sessionId20250606lhx3011,"{'appName': '高德地图', 'carModelRelated': False, 'categoryRelated': True, 'fastRelated': False, 'priceRelated': False}","[{""content"":""# 用户需求：\n金证南京科技园（南门）到玄武湖，特惠车，高德滴滴这些。\n\n# 用户提供示例：\n\n\n**如果用户需求与用户提供示例相同时，必须输出用户提供的结果**"",""exts"":""{\""userHistoryInputContent\"":\""金证南京科技园（南门）到玄武湖，特惠车，高德滴滴这些。\""}""}]","```json
[{""app"": ""高德地图"", ""category"": ""特惠车"", ""mode"": ""无"", ""price"": false, ""price_min"": 0, ""price_max"": 0, ""fast"": false}, {""app"": ""滴滴"", ""category"": ""特惠车"", ""mode"": ""无"", ""price"": false, ""price_min"": 0, ""price_max"": 0, ""fast"": false}]
```","```json
[{""app"": ""高德地图"", ""category"": ""特惠车"", ""mode"": ""无"", ""price"": false, ""price_min"": 0, ""price_max"": 0, ""fast"": false}, {""app"": ""滴滴"", ""category"": ""特惠车"", ""mode"": ""无"", ""price"": false, ""price_min"": 0, ""price_max"": 0, ""fast"": false}]
```","['2', '7']","['2', '7']",1,1,1,1,1,1,1,1,
,,拼车从玄武湖到牛首山，用高德和百度,滴滴车列表,sessionId20250606lhx3012,"{'appName': '百度', 'carModelRelated': False, 'categoryRelated': True, 'fastRelated': False, 'priceRelated': False}","[{""content"":""# 用户需求：\n拼车从玄武湖到牛首山，用高德和百度\n\n# 用户提供示例：\n\n\n**如果用户需求与用户提供示例相同时，必须输出用户提供的结果**"",""exts"":""{\""userHistoryInputContent\"":\""拼车从玄武湖到牛首山，用高德和百度\""}""}]","```json
[{""app"": ""高德地图"", ""category"": ""拼车"", ""mode"": ""无"", ""price"": false, ""price_min"": 0, ""price_max"": 0, ""fast"": false}, {""app"": ""百度"", ""category"": ""拼车"", ""mode"": ""无"", ""price"": false, ""price_min"": 0, ""price_max"": 0, ""fast"": false}]
```","```json
[{""app"": ""高德地图"", ""category"": ""拼车"", ""mode"": ""无"", ""price"": false, ""price_min"": 0, ""price_max"": 0, ""fast"": false}, {""app"": ""百度"", ""category"": ""拼车"", ""mode"": ""无"", ""price"": false, ""price_min"": 0, ""price_max"": 0, ""fast"": false}]
```","['1', '4', '5']","['1', '4', '5']",1,1,1,1,1,1,1,1,
,,金证南京科技园（南门）到南京珍珠泉风景区（西大门），高德拼车或者滴滴经济车型,滴滴车列表,sessionId20250606lhx3013,"{'appName': '高德地图', 'carModelRelated': False, 'categoryRelated': True, 'fastRelated': False, 'priceRelated': False}","[{""content"":""# 用户需求：\n金证南京科技园（南门）到南京珍珠泉风景区（西大门），高德拼车或者滴滴经济车型\n\n# 用户提供示例：\n\n\n**如果用户需求与用户提供示例相同时，必须输出用户提供的结果**"",""exts"":""{\""userHistoryInputContent\"":\""金证南京科技园（南门）到南京珍珠泉风景区（西大门），高德拼车或者滴滴经济车型\""}""}]","```json
[{""app"": ""高德地图"", ""category"": ""拼车"", ""mode"": ""无"", ""price"": false, ""price_min"": 0, ""price_max"": 0, ""fast"": false}, {""app"": ""滴滴"", ""category"": ""经济车型"", ""mode"": ""无"", ""price"": false, ""price_min"": 0, ""price_max"": 0, ""fast"": false}]
```","```json
[{""app"": ""高德地图"", ""category"": ""拼车"", ""mode"": ""无"", ""price"": false, ""price_min"": 0, ""price_max"": 0, ""fast"": false}, {""app"": ""滴滴"", ""category"": ""经济车型"", ""mode"": ""无"", ""price"": false, ""price_min"": 0, ""price_max"": 0, ""fast"": false}]
```","['1', '2', '4', '6', '7']","['1', '2', '4', '6', '7']",1,1,1,1,1,1,1,1,
,,南京站到禄口国际机场，优享车，用滴滴或者高德,滴滴车列表,sessionId20250606lhx3014,"{'appName': '高德地图', 'carModelRelated': False, 'categoryRelated': True, 'fastRelated': False, 'priceRelated': False}","[{""content"":""# 用户需求：\n南京站到禄口国际机场，优享车，用滴滴或者高德\n\n# 用户提供示例：\n\n\n**如果用户需求与用户提供示例相同时，必须输出用户提供的结果**"",""exts"":""{\""userHistoryInputContent\"":\""南京站到禄口国际机场，优享车，用滴滴或者高德\""}""}]","```json
[{""app"": ""滴滴"", ""category"": ""优享车"", ""mode"": ""无"", ""price"": false, ""price_min"": 0, ""price_max"": 0, ""fast"": false}, {""app"": ""高德地图"", ""category"": ""优享车"", ""mode"": ""无"", ""price"": false, ""price_min"": 0, ""price_max"": 0, ""fast"": false}]
```","```json
[{""app"": ""滴滴"", ""category"": ""优享车"", ""mode"": ""无"", ""price"": false, ""price_min"": 0, ""price_max"": 0, ""fast"": false}, {""app"": ""高德地图"", ""category"": ""优享车"", ""mode"": ""无"", ""price"": false, ""price_min"": 0, ""price_max"": 0, ""fast"": false}]
```",[],[],1,1,1,1,1,1,1,1,
,,滴滴或者高德禄口国际机场到南京长江大桥，要六座商务车,滴滴车列表,sessionId20250606lhx3015,"{'appName': '高德地图', 'carModelRelated': False, 'categoryRelated': True, 'fastRelated': False, 'priceRelated': False}","[{""content"":""# 用户需求：\n滴滴或者高德禄口国际机场到南京长江大桥，要六座商务车\n\n# 用户提供示例：\n\n\n**如果用户需求与用户提供示例相同时，必须输出用户提供的结果**"",""exts"":""{\""userHistoryInputContent\"":\""滴滴或者高德禄口国际机场到南京长江大桥，要六座商务车\""}""}]","```json
[{""app"": ""滴滴"", ""category"": ""六座商务车"", ""mode"": ""无"", ""price"": false, ""price_min"": 0, ""price_max"": 0, ""fast"": false}, {""app"": ""高德地图"", ""category"": ""六座商务车"", ""mode"": ""无"", ""price"": false, ""price_min"": 0, ""price_max"": 0, ""fast"": false}]
```","```json
[{""app"": ""滴滴"", ""category"": ""六座商务车"", ""mode"": ""无"", ""price"": false, ""price_min"": 0, ""price_max"": 0, ""fast"": false}, {""app"": ""高德地图"", ""category"": ""六座商务车"", ""mode"": ""无"", ""price"": false, ""price_min"": 0, ""price_max"": 0, ""fast"": false}]
```",['16'],['16'],1,1,1,1,1,1,1,1,
,,金证南京科技园（南门）到南京市中医院（大明路院区），要求高德或者滴滴的特价车,滴滴车列表,sessionId20250606lhx3016,"{'appName': '高德地图', 'carModelRelated': False, 'categoryRelated': True, 'fastRelated': False, 'priceRelated': False}","[{""content"":""# 用户需求：\n金证南京科技园（南门）到南京市中医院（大明路院区），要求高德或者滴滴的特价车\n\n# 用户提供示例：\n\n\n**如果用户需求与用户提供示例相同时，必须输出用户提供的结果**"",""exts"":""{\""userHistoryInputContent\"":\""金证南京科技园（南门）到南京市中医院（大明路院区），要求高德或者滴滴的特价车\""}""}]","```json
[{""app"": ""高德地图"", ""category"": ""特价车"", ""mode"": ""无"", ""price"": false, ""price_min"": 0, ""price_max"": 0, ""fast"": false}, {""app"": ""滴滴"", ""category"": ""特价车"", ""mode"": ""无"", ""price"": false, ""price_min"": 0, ""price_max"": 0, ""fast"": false}]
```","```json
[{""app"": ""高德地图"", ""category"": ""特价车"", ""mode"": ""无"", ""price"": false, ""price_min"": 0, ""price_max"": 0, ""fast"": false}, {""app"": ""滴滴"", ""category"": ""特价车"", ""mode"": ""无"", ""price"": false, ""price_min"": 0, ""price_max"": 0, ""fast"": false}]
```","['2', '4', '6', '7', '22']","['2', '4', '6', '7', '22', '29']",1,1,1,1,1,1,1,0.83,
,,从南京南站北广场拼车到南京雨花台风景区，最好滴滴和高德,滴滴车列表,sessionId20250606lhx3017,"{'appName': '高德地图', 'carModelRelated': False, 'categoryRelated': True, 'fastRelated': False, 'priceRelated': False}","[{""content"":""# 用户需求：\n从南京南站北广场拼车到南京雨花台风景区，最好滴滴和高德\n\n# 用户提供示例：\n\n\n**如果用户需求与用户提供示例相同时，必须输出用户提供的结果**"",""exts"":""{\""userHistoryInputContent\"":\""从南京南站北广场拼车到南京雨花台风景区，最好滴滴和高德\""}""}]","```json
[{""app"": ""滴滴"", ""category"": ""拼车"", ""mode"": ""无"", ""price"": false, ""price_min"": 0, ""price_max"": 0, ""fast"": false}, {""app"": ""高德地图"", ""category"": ""拼车"", ""mode"": ""无"", ""price"": false, ""price_min"": 0, ""price_max"": 0, ""fast"": false}]
```","```json
[{""app"": ""滴滴"", ""category"": ""拼车"", ""mode"": ""无"", ""price"": false, ""price_min"": 0, ""price_max"": 0, ""fast"": false}, {""app"": ""高德地图"", ""category"": ""拼车"", ""mode"": ""无"", ""price"": false, ""price_min"": 0, ""price_max"": 0, ""fast"": false}]
```","['1', '4', '5']","['1','4','5']",1,1,1,1,1,1,1,1,
,,打个快车从金证南京科技园（南门）到南京雨花万象天地，滴滴和百度,滴滴车列表,sessionId20250606lhx3018,"{'appName': '百度', 'carModelRelated': False, 'categoryRelated': True, 'fastRelated': False, 'priceRelated': False}","[{""content"":""# 用户需求：\n打个快车从金证南京科技园（南门）到南京雨花万象天地，滴滴和百度\n\n# 用户提供示例：\n\n\n**如果用户需求与用户提供示例相同时，必须输出用户提供的结果**"",""exts"":""{\""userHistoryInputContent\"":\""打个快车从金证南京科技园（南门）到南京雨花万象天地，滴滴和百度\""}""}]","```json
[{""app"": ""滴滴"", ""category"": ""快车"", ""mode"": ""无"", ""price"": false, ""price_min"": 0, ""price_max"": 0, ""fast"": false}, {""app"": ""百度"", ""category"": ""快车"", ""mode"": ""无"", ""price"": false, ""price_min"": 0, ""price_max"": 0, ""fast"": false}]
```","```json
[{""app"": ""滴滴"", ""category"": ""快车"", ""mode"": ""无"", ""price"": false, ""price_min"": 0, ""price_max"": 0, ""fast"": false}, {""app"": ""百度"", ""category"": ""快车"", ""mode"": ""无"", ""price"": false, ""price_min"": 0, ""price_max"": 0, ""fast"": false}]
```","['2', '3', '7', '8', '9', '10', '11', '12', '13']","['2', '3', '7', '8', '9', '10', '11', '12', '13']",1,1,1,1,1,1,1,1,
,,从铁心桥地铁站3号口拼车到雨花万象天地，滴滴高德百度,滴滴车列表,sessionId20250606lhx3019,"{'appName': '百度', 'carModelRelated': False, 'categoryRelated': True, 'fastRelated': False, 'priceRelated': False}","[{""content"":""# 用户需求：\n从铁心桥地铁站3号口拼车到雨花万象天地，滴滴高德百度\n\n# 用户提供示例：\n\n\n**如果用户需求与用户提供示例相同时，必须输出用户提供的结果**"",""exts"":""{\""userHistoryInputContent\"":\""从铁心桥地铁站3号口拼车到雨花万象天地，滴滴高德百度\""}""}]","```json
[{""app"": ""滴滴"", ""category"": ""拼车"", ""mode"": ""无"", ""price"": false, ""price_min"": 0, ""price_max"": 0, ""fast"": false}, {""app"": ""高德地图"", ""category"": ""拼车"", ""mode"": ""无"", ""price"": false, ""price_min"": 0, ""price_max"": 0, ""fast"": false}, {""app"": ""百度"", ""category"": ""拼车"", ""mode"": ""无"", ""price"": false, ""price_min"": 0, ""price_max"": 0, ""fast"": false}]
```","```json
[{""app"": ""滴滴"", ""category"": ""拼车"", ""mode"": ""无"", ""price"": false, ""price_min"": 0, ""price_max"": 0, ""fast"": false}, {""app"": ""高德地图"", ""category"": ""拼车"", ""mode"": ""无"", ""price"": false, ""price_min"": 0, ""price_max"": 0, ""fast"": false}, {""app"": ""百度"", ""category"": ""拼车"", ""mode"": ""无"", ""price"": false, ""price_min"": 0, ""price_max"": 0, ""fast"": false}]
```","['1', '4', '5']","['1','4','5']",1,1,1,1,1,1,1,1,
,,从春江路地铁站打车到建邺区政务服务中心，特价车就行，滴滴或者百度,滴滴车列表,sessionId20250606lhx3020,"{'appName': '百度', 'carModelRelated': False, 'categoryRelated': True, 'fastRelated': False, 'priceRelated': False}","[{""content"":""# 用户需求：\n从春江路地铁站打车到建邺区政务服务中心，特价车就行，滴滴或者百度\n\n# 用户提供示例：\n\n\n**如果用户需求与用户提供示例相同时，必须输出用户提供的结果**"",""exts"":""{\""userHistoryInputContent\"":\""从春江路地铁站打车到建邺区政务服务中心，特价车就行，滴滴或者百度\""}""}]","```json
[{""app"": ""滴滴"", ""category"": ""特价车"", ""mode"": ""无"", ""price"": false, ""price_min"": 0, ""price_max"": 0, ""fast"": false}, {""app"": ""百度"", ""category"": ""特价车"", ""mode"": ""无"", ""price"": false, ""price_min"": 0, ""price_max"": 0, ""fast"": false}]
```","```json
[{""app"": ""滴滴"", ""category"": ""特价车"", ""mode"": ""无"", ""price"": false, ""price_min"": 0, ""price_max"": 0, ""fast"": false}, {""app"": ""百度"", ""category"": ""特价车"", ""mode"": ""无"", ""price"": false, ""price_min"": 0, ""price_max"": 0, ""fast"": false}]
```","['2', '4', '6', '7', '22']","['2', '4', '6', '7', '22','29']",1,1,1,1,1,1,1,0.83,
,,从金证科技园南门打车到雨花台风景区，用滴滴打快车，再用高德打一个出租车,滴滴车列表,sessionId20250606lhx3021,"{'appName': '高德地图', 'carModelRelated': False, 'categoryRelated': True, 'fastRelated': False, 'priceRelated': False}","[{""content"":""# 用户需求：\n从金证科技园南门打车到雨花台风景区，用滴滴打快车，再用高德打一个出租车\n\n# 用户提供示例：\n\n\n**如果用户需求与用户提供示例相同时，必须输出用户提供的结果**"",""exts"":""{\""userHistoryInputContent\"":\""从金证科技园南门打车到雨花台风景区，用滴滴打快车，再用高德打一个出租车\""}""}]","```json
[{""app"": ""滴滴"", ""category"": ""快车"", ""mode"": ""无"", ""price"": false, ""price_min"": 0, ""price_max"": 0, ""fast"": false}, {""app"": ""高德地图"", ""category"": ""出租车"", ""mode"": ""无"", ""price"": false, ""price_min"": 0, ""price_max"": 0, ""fast"": false}]
```","```json
[{""app"": ""滴滴"", ""category"": ""快车"", ""mode"": ""无"", ""price"": false, ""price_min"": 0, ""price_max"": 0, ""fast"": false}, {""app"": ""高德地图"", ""category"": ""出租车"", ""mode"": ""无"", ""price"": false, ""price_min"": 0, ""price_max"": 0, ""fast"": false}]
```","['2', '3', '7', '8', '9', '10', '11', '12', '13']","['2', '3', '7', '8', '9', '10', '11', '12', '13']",1,1,1,1,1,1,1,1,
,,从雨花台风景区打车到新街口步行街，用滴滴打出租车，再用高德打一辆快车,滴滴车列表,sessionId20250606lhx3022,"{'appName': '高德地图', 'carModelRelated': False, 'categoryRelated': True, 'fastRelated': False, 'priceRelated': False}","[{""content"":""# 用户需求：\n从雨花台风景区打车到新街口步行街，用滴滴打出租车，再用高德打一辆快车\n\n# 用户提供示例：\n\n\n**如果用户需求与用户提供示例相同时，必须输出用户提供的结果**"",""exts"":""{\""userHistoryInputContent\"":\""从雨花台风景区打车到新街口步行街，用滴滴打出租车，再用高德打一辆快车\""}""}]","```json
[{""app"": ""滴滴"", ""category"": ""出租车"", ""mode"": ""无"", ""price"": false, ""price_min"": 0, ""price_max"": 0, ""fast"": false}, {""app"": ""高德地图"", ""category"": ""快车"", ""mode"": ""无"", ""price"": false, ""price_min"": 0, ""price_max"": 0, ""fast"": false}]
```","```json
[{""app"": ""滴滴"", ""category"": ""出租车"", ""mode"": ""无"", ""price"": false, ""price_min"": 0, ""price_max"": 0, ""fast"": false}, {""app"": ""高德地图"", ""category"": ""快车"", ""mode"": ""无"", ""price"": false, ""price_min"": 0, ""price_max"": 0, ""fast"": false}]
```","['10', '12']","['10','12']",1,1,1,1,1,1,1,1,
,,用滴滴打一辆快速车从新街口步行街到夫子庙，再用高德打一辆快车,滴滴车列表,sessionId20250606lhx3023,"{'appName': '高德地图', 'carModelRelated': False, 'categoryRelated': True, 'fastRelated': False, 'priceRelated': False}","[{""content"":""# 用户需求：\n用滴滴打一辆快速车从新街口步行街到夫子庙，再用高德打一辆快车\n\n# 用户提供示例：\n\n\n**如果用户需求与用户提供示例相同时，必须输出用户提供的结果**"",""exts"":""{\""userHistoryInputContent\"":\""用滴滴打一辆快速车从新街口步行街到夫子庙，再用高德打一辆快车\""}""}]","```json
[{""app"": ""滴滴"", ""category"": ""快速车"", ""mode"": ""无"", ""price"": false, ""price_min"": 0, ""price_max"": 0, ""fast"": false}, {""app"": ""高德地图"", ""category"": ""快车"", ""mode"": ""无"", ""price"": false, ""price_min"": 0, ""price_max"": 0, ""fast"": false}]
```","```json
[{""app"": ""滴滴"", ""category"": ""快速车"", ""mode"": ""无"", ""price"": false, ""price_min"": 0, ""price_max"": 0, ""fast"": false}, {""app"": ""高德地图"", ""category"": ""快车"", ""mode"": ""无"", ""price"": false, ""price_min"": 0, ""price_max"": 0, ""fast"": false}]
```","['2', '3', '7', '8', '9', '10', '11', '12', '13']","['2', '3', '7', '8', '9', '10', '11', '12', '13']",1,1,1,1,1,1,1,1,
,,用高德打一辆出租车从红庙打车到南京站北广场，再用滴滴打一辆快车,滴滴车列表,sessionId20250606lhx3024,"{'appName': '高德地图', 'carModelRelated': False, 'categoryRelated': True, 'fastRelated': False, 'priceRelated': False}","[{""content"":""# 用户需求：\n用高德打一辆出租车从红庙打车到南京站北广场，再用滴滴打一辆快车\n\n# 用户提供示例：\n\n\n**如果用户需求与用户提供示例相同时，必须输出用户提供的结果**"",""exts"":""{\""userHistoryInputContent\"":\""用高德打一辆出租车从红庙打车到南京站北广场，再用滴滴打一辆快车\""}""}]","```json
[{""app"": ""高德地图"", ""category"": ""出租车"", ""mode"": ""无"", ""price"": false, ""price_min"": 0, ""price_max"": 0, ""fast"": false}, {""app"": ""滴滴"", ""category"": ""快车"", ""mode"": ""无"", ""price"": false, ""price_min"": 0, ""price_max"": 0, ""fast"": false}]
```","```json
[{""app"": ""高德地图"", ""category"": ""出租车"", ""mode"": ""无"", ""price"": false, ""price_min"": 0, ""price_max"": 0, ""fast"": false}, {""app"": ""滴滴"", ""category"": ""快车"", ""mode"": ""无"", ""price"": false, ""price_min"": 0, ""price_max"": 0, ""fast"": false}]
```","['2', '3', '7', '8', '9', '10', '11', '12', '13']","['2', '3', '7', '8', '9', '10', '11', '12', '13']",1,1,1,1,1,1,1,1,
,,用滴滴打一辆曹操出行从新街口步行街到紫金山登山道入口，再用高德打一辆专车,滴滴车列表,sessionId20250606lhx3025,"{'appName': '高德地图', 'carModelRelated': False, 'categoryRelated': True, 'fastRelated': False, 'priceRelated': False}","[{""content"":""# 用户需求：\n用滴滴打一辆曹操出行从新街口步行街到紫金山登山道入口，再用高德打一辆专车\n\n# 用户提供示例：\n\n\n**如果用户需求与用户提供示例相同时，必须输出用户提供的结果**"",""exts"":""{\""userHistoryInputContent\"":\""用滴滴打一辆曹操出行从新街口步行街到紫金山登山道入口，再用高德打一辆专车\""}""}]","```json
[{""app"": ""滴滴"", ""category"": ""无"", ""mode"": ""曹操出行"", ""price"": false, ""price_min"": 0, ""price_max"": 0, ""fast"": false}, {""app"": ""高德地图"", ""category"": ""专车"", ""mode"": ""无"", ""price"": false, ""price_min"": 0, ""price_max"": 0, ""fast"": false}]
```","```json
[{""app"": ""滴滴"", ""category"": ""无"", ""mode"": ""曹操出行"", ""price"": false, ""price_min"": 0, ""price_max"": 0, ""fast"": false}, {""app"": ""高德地图"", ""category"": ""专车"", ""mode"": ""无"", ""price"": false, ""price_min"": 0, ""price_max"": 0, ""fast"": false}]
```",['9'],['9'],1,1,1,1,1,1,1,1,
,,用滴滴打一辆快车，用高德打一辆出租车从春江路地铁站到红山森林动物园,滴滴车列表,sessionId20250606lhx3026,"{'appName': '高德地图', 'carModelRelated': False, 'categoryRelated': True, 'fastRelated': False, 'priceRelated': False}","[{""content"":""# 用户需求：\n用滴滴打一辆快车，用高德打一辆出租车从春江路地铁站到红山森林动物园\n\n# 用户提供示例：\n\n\n**如果用户需求与用户提供示例相同时，必须输出用户提供的结果**"",""exts"":""{\""userHistoryInputContent\"":\""用滴滴打一辆快车，用高德打一辆出租车从春江路地铁站到红山森林动物园\""}""}]","```json
[{""app"": ""滴滴"", ""category"": ""快车"", ""mode"": ""无"", ""price"": false, ""price_min"": 0, ""price_max"": 0, ""fast"": false}, {""app"": ""高德地图"", ""category"": ""出租车"", ""mode"": ""无"", ""price"": false, ""price_min"": 0, ""price_max"": 0, ""fast"": false}]
```","```json
[{""app"": ""滴滴"", ""category"": ""快车"", ""mode"": ""无"", ""price"": false, ""price_min"": 0, ""price_max"": 0, ""fast"": false}, {""app"": ""高德地图"", ""category"": ""出租车"", ""mode"": ""无"", ""price"": false, ""price_min"": 0, ""price_max"": 0, ""fast"": false}]
```","['2', '3', '7', '8', '9', '10', '11', '12', '13']","['2', '3', '7', '8', '9', '10', '11', '12', '13']",1,1,1,1,1,1,1,1,
,,用滴滴和高德分别打一辆出租车从城北万象汇B馆到贾西地铁站,滴滴车列表,sessionId20250606lhx3027,"{'appName': '高德地图', 'carModelRelated': False, 'categoryRelated': True, 'fastRelated': False, 'priceRelated': False}","[{""content"":""# 用户需求：\n用滴滴和高德分别打一辆出租车从城北万象汇B馆到贾西地铁站\n\n# 用户提供示例：\n\n\n**如果用户需求与用户提供示例相同时，必须输出用户提供的结果**"",""exts"":""{\""userHistoryInputContent\"":\""用滴滴和高德分别打一辆出租车从城北万象汇B馆到贾西地铁站\""}""}]","```json
[{""app"": ""滴滴"", ""category"": ""出租车"", ""mode"": ""无"", ""price"": false, ""price_min"": 0, ""price_max"": 0, ""fast"": false}, {""app"": ""高德地图"", ""category"": ""出租车"", ""mode"": ""无"", ""price"": false, ""price_min"": 0, ""price_max"": 0, ""fast"": false}]
```","```json
[{""app"": ""滴滴"", ""category"": ""出租车"", ""mode"": ""无"", ""price"": false, ""price_min"": 0, ""price_max"": 0, ""fast"": false}, {""app"": ""高德地图"", ""category"": ""出租车"", ""mode"": ""无"", ""price"": false, ""price_min"": 0, ""price_max"": 0, ""fast"": false}]
```","['10', '12']","['10','12']",1,1,1,1,1,1,1,1,
,,用滴滴打一辆专车，高德打一辆快车从南京国际博览中心4号门去瘦西湖东门价格400以内,滴滴车列表,sessionId20250606lhx3028,"{'appName': '高德地图', 'carModelRelated': False, 'categoryRelated': True, 'fastRelated': False, 'priceRelated': True}","[{""content"":""# 用户需求：\n用滴滴打一辆专车，高德打一辆快车从南京国际博览中心4号门去瘦西湖东门价格400以内\n\n# 用户提供示例：\n\n\n**如果用户需求与用户提供示例相同时，必须输出用户提供的结果**"",""exts"":""{\""userHistoryInputContent\"":\""用滴滴打一辆专车，高德打一辆快车从南京国际博览中心4号门去瘦西湖东门价格400以内\""}""}]","```json
[{""app"": ""滴滴"", ""category"": ""专车"", ""mode"": ""无"", ""price"": true, ""price_min"": 0, ""price_max"": 400, ""fast"": false}, {""app"": ""高德地图"", ""category"": ""快车"", ""mode"": ""无"", ""price"": true, ""price_min"": 0, ""price_max"": 400, ""fast"": false}]
```","```json
[{""app"": ""滴滴"", ""category"": ""专车"", ""mode"": ""无"", ""price"": true, ""price_min"": 0, ""price_max"": 400, ""fast"": false}, {""app"": ""高德地图"", ""category"": ""快车"", ""mode"": ""无"", ""price"": true, ""price_min"": 0, ""price_max"": 400, ""fast"": false}]
```","['14', '16']","['14','16','28']",1,1,1,1,1,1,1,0.67,
,,分别用滴滴打一辆出租车，用高德打一辆快车从雨花客厅去南京六合平山会议中心,滴滴车列表,sessionId20250606lhx3029,"{'appName': '高德地图', 'carModelRelated': False, 'categoryRelated': True, 'fastRelated': False, 'priceRelated': False}","[{""content"":""# 用户需求：\n分别用滴滴打一辆出租车，用高德打一辆快车从雨花客厅去南京六合平山会议中心\n\n# 用户提供示例：\n\n\n**如果用户需求与用户提供示例相同时，必须输出用户提供的结果**"",""exts"":""{\""userHistoryInputContent\"":\""分别用滴滴打一辆出租车，用高德打一辆快车从雨花客厅去南京六合平山会议中心\""}""}]","```json
[{""app"": ""滴滴"", ""category"": ""出租车"", ""mode"": ""无"", ""price"": false, ""price_min"": 0, ""price_max"": 0, ""fast"": false}, {""app"": ""高德地图"", ""category"": ""快车"", ""mode"": ""无"", ""price"": false, ""price_min"": 0, ""price_max"": 0, ""fast"": false}]
```","```json
[{""app"": ""滴滴"", ""category"": ""出租车"", ""mode"": ""无"", ""price"": false, ""price_min"": 0, ""price_max"": 0, ""fast"": false}, {""app"": ""高德地图"", ""category"": ""快车"", ""mode"": ""无"", ""price"": false, ""price_min"": 0, ""price_max"": 0, ""fast"": false}]
```","['10', '12']","['10','12']",1,1,1,1,1,1,1,1,
,,滴滴打一辆出租车从南京银杏湖乐园到汤山风景区，高德在打一辆专车,滴滴车列表,sessionId20250606lhx3030,"{'appName': '高德地图', 'carModelRelated': False, 'categoryRelated': True, 'fastRelated': False, 'priceRelated': False}","[{""content"":""# 用户需求：\n滴滴打一辆出租车从南京银杏湖乐园到汤山风景区，高德在打一辆专车\n\n# 用户提供示例：\n\n\n**如果用户需求与用户提供示例相同时，必须输出用户提供的结果**"",""exts"":""{\""userHistoryInputContent\"":\""滴滴打一辆出租车从南京银杏湖乐园到汤山风景区，高德在打一辆专车\""}""}]","```json
[{""app"": ""滴滴"", ""category"": ""出租车"", ""mode"": ""无"", ""price"": false, ""price_min"": 0, ""price_max"": 0, ""fast"": false}, {""app"": ""高德地图"", ""category"": ""专车"", ""mode"": ""无"", ""price"": false, ""price_min"": 0, ""price_max"": 0, ""fast"": false}]
```","```json
[{""app"": ""滴滴"", ""category"": ""出租车"", ""mode"": ""无"", ""price"": false, ""price_min"": 0, ""price_max"": 0, ""fast"": false}, {""app"": ""高德地图"", ""category"": ""专车"", ""mode"": ""无"", ""price"": false, ""price_min"": 0, ""price_max"": 0, ""fast"": false}]
```","['10', '12']","['10','12']",1,1,1,1,1,1,1,1,
,,百度打一辆特价车从三江学院打车到马群公寓，滴滴在打一辆出租车,滴滴车列表,sessionId20250606lhx3031,"{'appName': '百度', 'carModelRelated': False, 'categoryRelated': True, 'fastRelated': False, 'priceRelated': False}","[{""content"":""# 用户需求：\n百度打一辆特价车从三江学院打车到马群公寓，滴滴在打一辆出租车\n\n# 用户提供示例：\n\n\n**如果用户需求与用户提供示例相同时，必须输出用户提供的结果**"",""exts"":""{\""userHistoryInputContent\"":\""百度打一辆特价车从三江学院打车到马群公寓，滴滴在打一辆出租车\""}""}]","```json
[{""app"": ""百度"", ""category"": ""特价车"", ""mode"": ""无"", ""price"": false, ""price_min"": 0, ""price_max"": 0, ""fast"": false}, {""app"": ""滴滴"", ""category"": ""出租车"", ""mode"": ""无"", ""price"": false, ""price_min"": 0, ""price_max"": 0, ""fast"": false}]
```","```json
[{""app"": ""百度"", ""category"": ""特价车"", ""mode"": ""无"", ""price"": false, ""price_min"": 0, ""price_max"": 0, ""fast"": false}, {""app"": ""滴滴"", ""category"": ""出租车"", ""mode"": ""无"", ""price"": false, ""price_min"": 0, ""price_max"": 0, ""fast"": false}]
```","['10', '12']","['10','12']",1,1,1,1,1,1,1,1,
,,百度打一辆出租车从南京铁心桥小学渡江胜利纪念馆，高德在打一辆出租车,滴滴车列表,sessionId20250606lhx3032,"{'appName': '百度', 'carModelRelated': False, 'categoryRelated': True, 'fastRelated': False, 'priceRelated': False}","[{""content"":""# 用户需求：\n百度打一辆出租车从南京铁心桥小学渡江胜利纪念馆，高德在打一辆出租车\n\n# 用户提供示例：\n\n\n**如果用户需求与用户提供示例相同时，必须输出用户提供的结果**"",""exts"":""{\""userHistoryInputContent\"":\""百度打一辆出租车从南京铁心桥小学渡江胜利纪念馆，高德在打一辆出租车\""}""}]","```json
[{""app"": ""百度"", ""category"": ""出租车"", ""mode"": ""无"", ""price"": false, ""price_min"": 0, ""price_max"": 0, ""fast"": false}, {""app"": ""高德地图"", ""category"": ""出租车"", ""mode"": ""无"", ""price"": false, ""price_min"": 0, ""price_max"": 0, ""fast"": false}]
```","```json
[{""app"": ""百度"", ""category"": ""出租车"", ""mode"": ""无"", ""price"": false, ""price_min"": 0, ""price_max"": 0, ""fast"": false}, {""app"": ""高德地图"", ""category"": ""出租车"", ""mode"": ""无"", ""price"": false, ""price_min"": 0, ""price_max"": 0, ""fast"": false}]
```","['10', '12']","['10','12']",1,1,1,1,1,1,1,1,
,,百度打一辆经济型车从南京博物院南门西侧到江北新区中央商务区健康金融大厦，高德也打一辆出租车,滴滴车列表,sessionId20250606lhx3033,"{'appName': '百度', 'carModelRelated': False, 'categoryRelated': True, 'fastRelated': False, 'priceRelated': False}","[{""content"":""# 用户需求：\n百度打一辆经济型车从南京博物院南门西侧到江北新区中央商务区健康金融大厦，高德也打一辆出租车\n\n# 用户提供示例：\n\n\n**如果用户需求与用户提供示例相同时，必须输出用户提供的结果**"",""exts"":""{\""userHistoryInputContent\"":\""百度打一辆经济型车从南京博物院南门西侧到江北新区中央商务区健康金融大厦，高德也打一辆出租车\""}""}]","```json
[{""app"": ""百度"", ""category"": ""经济型车"", ""mode"": ""无"", ""price"": false, ""price_min"": 0, ""price_max"": 0, ""fast"": false}, {""app"": ""高德地图"", ""category"": ""出租车"", ""mode"": ""无"", ""price"": false, ""price_min"": 0, ""price_max"": 0, ""fast"": false}]
```","```json
[{""app"": ""百度"", ""category"": ""经济型车"", ""mode"": ""无"", ""price"": false, ""price_min"": 0, ""price_max"": 0, ""fast"": false}, {""app"": ""高德地图"", ""category"": ""出租车"", ""mode"": ""无"", ""price"": false, ""price_min"": 0, ""price_max"": 0, ""fast"": false}]
```","['1', '2', '3', '4', '5', '6', '7', '8', '9', '10', '11', '12', '13']","['1', '2', '3', '4', '5', '6', '7', '8', '9', '10', '11', '12', '13']",1,1,1,1,1,1,1,1,
,,百度打一辆快车金证南京科技园南门打车去镇江金山风景区，再用滴滴打一辆专车，价格140以内,滴滴车列表,sessionId20250606lhx3034,"{'appName': '百度', 'carModelRelated': False, 'categoryRelated': True, 'fastRelated': False, 'priceRelated': False}","[{""content"":""# 用户需求：\n百度打一辆快车金证南京科技园南门打车去镇江金山风景区，再用滴滴打一辆专车，价格140以内\n\n# 用户提供示例：\n\n\n**如果用户需求与用户提供示例相同时，必须输出用户提供的结果**"",""exts"":""{\""userHistoryInputContent\"":\""百度打一辆快车金证南京科技园南门打车去镇江金山风景区，再用滴滴打一辆专车，价格140以内\""}""}]","```json
[{""app"": ""百度"", ""category"": ""快车"", ""mode"": ""无"", ""price"": false, ""price_min"": 0, ""price_max"": 0, ""fast"": false}, {""app"": ""滴滴"", ""category"": ""专车"", ""mode"": ""无"", ""price"": true, ""price_min"": 0, ""price_max"": 140, ""fast"": false}]
```","```json
[{""app"": ""百度"", ""category"": ""快车"", ""mode"": ""无"", ""price"": false, ""price_min"": 0, ""price_max"": 0, ""fast"": false}, {""app"": ""滴滴"", ""category"": ""专车"", ""mode"": ""无"", ""price"": true, ""price_min"": 0, ""price_max"": 140, ""fast"": false}]
```","['14', '16']","['14', '16']",1,1,1,1,1,1,1,1,
,,用百度打一辆出租车从栖霞山风景名胜区南门到马鞍山东站，再用高德打一辆特快车,滴滴车列表,sessionId20250606lhx3035,"{'appName': '百度', 'carModelRelated': False, 'categoryRelated': True, 'fastRelated': False, 'priceRelated': False}","[{""content"":""# 用户需求：\n用百度打一辆出租车从栖霞山风景名胜区南门到马鞍山东站，再用高德打一辆特快车\n\n# 用户提供示例：\n\n\n**如果用户需求与用户提供示例相同时，必须输出用户提供的结果**"",""exts"":""{\""userHistoryInputContent\"":\""用百度打一辆出租车从栖霞山风景名胜区南门到马鞍山东站，再用高德打一辆特快车\""}""}]","```json
[{""app"": ""百度"", ""category"": ""出租车"", ""mode"": ""无"", ""price"": false, ""price_min"": 0, ""price_max"": 0, ""fast"": false}, {""app"": ""高德地图"", ""category"": ""特快车"", ""mode"": ""无"", ""price"": false, ""price_min"": 0, ""price_max"": 0, ""fast"": false}]
```","```json
[{""app"": ""百度"", ""category"": ""出租车"", ""mode"": ""无"", ""price"": false, ""price_min"": 0, ""price_max"": 0, ""fast"": false}, {""app"": ""高德地图"", ""category"": ""特快车"", ""mode"": ""无"", ""price"": false, ""price_min"": 0, ""price_max"": 0, ""fast"": false}]
```","['2', '7']","['2', '7']",1,1,1,1,1,1,1,1,
,,用百度打一辆拼车扬州东站打车到泰州凤城河风景区，再用高德打一辆出租车,滴滴车列表,sessionId20250606lhx3036,"{'appName': '百度', 'carModelRelated': False, 'categoryRelated': True, 'fastRelated': False, 'priceRelated': False}","[{""content"":""# 用户需求：\n用百度打一辆拼车扬州东站打车到泰州凤城河风景区，再用高德打一辆出租车\n\n# 用户提供示例：\n\n\n**如果用户需求与用户提供示例相同时，必须输出用户提供的结果**"",""exts"":""{\""userHistoryInputContent\"":\""用百度打一辆拼车扬州东站打车到泰州凤城河风景区，再用高德打一辆出租车\""}""}]","```json
[{""app"": ""百度"", ""category"": ""拼车"", ""mode"": ""无"", ""price"": false, ""price_min"": 0, ""price_max"": 0, ""fast"": false}, {""app"": ""高德地图"", ""category"": ""出租车"", ""mode"": ""无"", ""price"": false, ""price_min"": 0, ""price_max"": 0, ""fast"": false}]
```","```json
[{""app"": ""百度"", ""category"": ""拼车"", ""mode"": ""无"", ""price"": false, ""price_min"": 0, ""price_max"": 0, ""fast"": false}, {""app"": ""高德地图"", ""category"": ""出租车"", ""mode"": ""无"", ""price"": false, ""price_min"": 0, ""price_max"": 0, ""fast"": false}]
```","['1', '4', '5', '10', '12']","['1', '4', '5', '10', '12']",1,1,1,1,1,1,1,1,
,,从金证南京科技园-南门到蔚蓝星座，用百度打一辆专车，再用滴滴打一辆快车,滴滴车列表,sessionId20250606lhx3037,"{'appName': '百度', 'carModelRelated': False, 'categoryRelated': True, 'fastRelated': False, 'priceRelated': False}","[{""content"":""# 用户需求：\n从金证南京科技园-南门到蔚蓝星座，用百度打一辆专车，再用滴滴打一辆快车\n\n# 用户提供示例：\n\n\n**如果用户需求与用户提供示例相同时，必须输出用户提供的结果**"",""exts"":""{\""userHistoryInputContent\"":\""从金证南京科技园-南门到蔚蓝星座，用百度打一辆专车，再用滴滴打一辆快车\""}""}]","```json
[{""app"": ""百度"", ""category"": ""专车"", ""mode"": ""无"", ""price"": false, ""price_min"": 0, ""price_max"": 0, ""fast"": false}, {""app"": ""滴滴"", ""category"": ""快车"", ""mode"": ""无"", ""price"": false, ""price_min"": 0, ""price_max"": 0, ""fast"": false}]
```","```json
[{""app"": ""百度"", ""category"": ""专车"", ""mode"": ""无"", ""price"": false, ""price_min"": 0, ""price_max"": 0, ""fast"": false}, {""app"": ""滴滴"", ""category"": ""快车"", ""mode"": ""无"", ""price"": false, ""price_min"": 0, ""price_max"": 0, ""fast"": false}]
```","['2', '3', '7', '8', '9', '10', '11', '12', '13']","['2', '3', '7', '8', '9', '10', '11', '12', '13']",1,1,1,1,1,1,1,1,
,,用百度打一辆专车从蓝筹谷-3号楼到国资大厦，再用滴滴打一辆豪华车,滴滴车列表,sessionId20250606lhx3038,"{'appName': '百度', 'carModelRelated': False, 'categoryRelated': True, 'fastRelated': False, 'priceRelated': False}","[{""content"":""# 用户需求：\n用百度打一辆专车从蓝筹谷-3号楼到国资大厦，再用滴滴打一辆豪华车\n\n# 用户提供示例：\n\n\n**如果用户需求与用户提供示例相同时，必须输出用户提供的结果**"",""exts"":""{\""userHistoryInputContent\"":\""用百度打一辆专车从蓝筹谷-3号楼到国资大厦，再用滴滴打一辆豪华车\""}""}]","```json
[{""app"": ""百度"", ""category"": ""专车"", ""mode"": ""无"", ""price"": false, ""price_min"": 0, ""price_max"": 0, ""fast"": false}, {""app"": ""滴滴"", ""category"": ""豪华车"", ""mode"": ""无"", ""price"": false, ""price_min"": 0, ""price_max"": 0, ""fast"": false}]
```","```json
[{""app"": ""百度"", ""category"": ""专车"", ""mode"": ""无"", ""price"": false, ""price_min"": 0, ""price_max"": 0, ""fast"": false}, {""app"": ""滴滴"", ""category"": ""豪华车"", ""mode"": ""无"", ""price"": false, ""price_min"": 0, ""price_max"": 0, ""fast"": false}]
```",['15'],['15'],1,1,1,1,1,1,1,1,
,,用百度打一辆T3轻享从epark到南京市中医院，再用滴滴打一辆出租车,滴滴车列表,sessionId20250606lhx3039,"{'appName': '百度', 'carModelRelated': True, 'categoryRelated': False, 'fastRelated': False, 'priceRelated': False}","[{""content"":""# 用户需求：\n用百度打一辆T3轻享从epark到南京市中医院，再用滴滴打一辆出租车\n\n# 用户提供示例：\n\n\n**如果用户需求与用户提供示例相同时，必须输出用户提供的结果**"",""exts"":""{\""userHistoryInputContent\"":\""用百度打一辆T3轻享从epark到南京市中医院，再用滴滴打一辆出租车\""}""}]","```json
[{""app"": ""百度"", ""category"": ""无"", ""mode"": ""T3轻享"", ""price"": false, ""price_min"": 0, ""price_max"": 0, ""fast"": false}, {""app"": ""滴滴"", ""category"": ""出租车"", ""mode"": ""无"", ""price"": false, ""price_min"": 0, ""price_max"": 0, ""fast"": false}]
```","```json
[{""app"": ""百度"", ""category"": ""无"", ""mode"": ""T3轻享"", ""price"": false, ""price_min"": 0, ""price_max"": 0, ""fast"": false}, {""app"": ""滴滴"", ""category"": ""出租车"", ""mode"": ""无"", ""price"": false, ""price_min"": 0, ""price_max"": 0, ""fast"": false}]
```","['10', '12']","['10','12']",1,1,1,1,1,1,1,1,
,,用百度打一辆快车从沃尔玛（虹悦城店）到富颐活力广场，在用滴滴打一辆出租车，用高德打一辆拼车,滴滴车列表,sessionId20250606lhx3040,"{'appName': '百度', 'carModelRelated': False, 'categoryRelated': True, 'fastRelated': False, 'priceRelated': False}","[{""content"":""# 用户需求：\n用百度打一辆快车从沃尔玛（虹悦城店）到富颐活力广场，在用滴滴打一辆出租车，用高德打一辆拼车\n\n# 用户提供示例：\n\n\n**如果用户需求与用户提供示例相同时，必须输出用户提供的结果**"",""exts"":""{\""userHistoryInputContent\"":\""用百度打一辆快车从沃尔玛（虹悦城店）到富颐活力广场，在用滴滴打一辆出租车，用高德打一辆拼车\""}""}]","```json
[{""app"": ""百度"", ""category"": ""快车"", ""mode"": ""无"", ""price"": false, ""price_min"": 0, ""price_max"": 0, ""fast"": false}, {""app"": ""滴滴"", ""category"": ""出租车"", ""mode"": ""无"", ""price"": false, ""price_min"": 0, ""price_max"": 0, ""fast"": false}, {""app"": ""高德地图"", ""category"": ""拼车"", ""mode"": ""无"", ""price"": false, ""price_min"": 0, ""price_max"": 0, ""fast"": false}]
```","```json
[{""app"": ""百度"", ""category"": ""快车"", ""mode"": ""无"", ""price"": false, ""price_min"": 0, ""price_max"": 0, ""fast"": false}, {""app"": ""滴滴"", ""category"": ""出租车"", ""mode"": ""无"", ""price"": false, ""price_min"": 0, ""price_max"": 0, ""fast"": false}, {""app"": ""高德地图"", ""category"": ""拼车"", ""mode"": ""无"", ""price"": false, ""price_min"": 0, ""price_max"": 0, ""fast"": false}]
```","['10', '12']","['10','12']",1,1,1,1,1,1,1,1,
,,用百度打一辆叮叮出行从雨花市民中心-南门西侧到六合区平山林场，在分别用高德和滴滴一辆出租车,滴滴车列表,sessionId20250606lhx3041,"{'appName': '百度', 'carModelRelated': True, 'categoryRelated': False, 'fastRelated': False, 'priceRelated': False}","[{""content"":""# 用户需求：\n用百度打一辆叮叮出行从雨花市民中心-南门西侧到六合区平山林场，在分别用高德和滴滴一辆出租车\n\n# 用户提供示例：\n\n\n**如果用户需求与用户提供示例相同时，必须输出用户提供的结果**"",""exts"":""{\""userHistoryInputContent\"":\""用百度打一辆叮叮出行从雨花市民中心-南门西侧到六合区平山林场，在分别用高德和滴滴一辆出租车\""}""}]","```json
[{""app"": ""百度"", ""category"": ""无"", ""mode"": ""叮叮出行"", ""price"": false, ""price_min"": 0, ""price_max"": 0, ""fast"": false}, {""app"": ""高德地图"", ""category"": ""出租车"", ""mode"": ""无"", ""price"": false, ""price_min"": 0, ""price_max"": 0, ""fast"": false}, {""app"": ""滴滴"", ""category"": ""出租车"", ""mode"": ""无"", ""price"": false, ""price_min"": 0, ""price_max"": 0, ""fast"": false}]
```","```json
[{""app"": ""百度"", ""category"": ""无"", ""mode"": ""叮叮出行"", ""price"": false, ""price_min"": 0, ""price_max"": 0, ""fast"": false}, {""app"": ""高德地图"", ""category"": ""出租车"", ""mode"": ""无"", ""price"": false, ""price_min"": 0, ""price_max"": 0, ""fast"": false}, {""app"": ""滴滴"", ""category"": ""出租车"", ""mode"": ""无"", ""price"": false, ""price_min"": 0, ""price_max"": 0, ""fast"": false}]
```","['10', '12']","['10','12']",1,1,1,1,1,1,1,1,
,,用百度打一辆出租车从天隆寺到浦口科创广场，在用滴滴打一辆快车，用高德打一辆出租车,滴滴车列表,sessionId20250606lhx3042,"{'appName': '百度', 'carModelRelated': False, 'categoryRelated': True, 'fastRelated': False, 'priceRelated': False}","[{""content"":""# 用户需求：\n用百度打一辆出租车从天隆寺到浦口科创广场，在用滴滴打一辆快车，用高德打一辆出租车\n\n# 用户提供示例：\n\n\n**如果用户需求与用户提供示例相同时，必须输出用户提供的结果**"",""exts"":""{\""userHistoryInputContent\"":\""用百度打一辆出租车从天隆寺到浦口科创广场，在用滴滴打一辆快车，用高德打一辆出租车\""}""}]","```json
[{""app"": ""百度"", ""category"": ""出租车"", ""mode"": ""无"", ""price"": false, ""price_min"": 0, ""price_max"": 0, ""fast"": false}, {""app"": ""滴滴"", ""category"": ""快车"", ""mode"": ""无"", ""price"": false, ""price_min"": 0, ""price_max"": 0, ""fast"": false}, {""app"": ""高德地图"", ""category"": ""出租车"", ""mode"": ""无"", ""price"": false, ""price_min"": 0, ""price_max"": 0, ""fast"": false}]
```","```json
[{""app"": ""百度"", ""category"": ""出租车"", ""mode"": ""无"", ""price"": false, ""price_min"": 0, ""price_max"": 0, ""fast"": false}, {""app"": ""滴滴"", ""category"": ""快车"", ""mode"": ""无"", ""price"": false, ""price_min"": 0, ""price_max"": 0, ""fast"": false}, {""app"": ""高德地图"", ""category"": ""出租车"", ""mode"": ""无"", ""price"": false, ""price_min"": 0, ""price_max"": 0, ""fast"": false}]
```","['2', '3', '7', '8', '9', '10', '11', '12', '13']","['2', '3', '7', '8', '9', '10', '11', '12', '13']",1,1,1,1,1,1,1,1,
,,百度打一辆T3出行从江宁城建集团-东北门到玉桥商业广场，在用高德打一辆拼车，用滴滴打一辆出租车,滴滴车列表,sessionId20250606lhx3043,"{'appName': '百度', 'carModelRelated': True, 'categoryRelated': False, 'fastRelated': False, 'priceRelated': False}","[{""content"":""# 用户需求：\n百度打一辆T3出行从江宁城建集团-东北门到玉桥商业广场，在用高德打一辆拼车，用滴滴打一辆出租车\n\n# 用户提供示例：\n\n\n**如果用户需求与用户提供示例相同时，必须输出用户提供的结果**"",""exts"":""{\""userHistoryInputContent\"":\""百度打一辆T3出行从江宁城建集团-东北门到玉桥商业广场，在用高德打一辆拼车，用滴滴打一辆出租车\""}""}]","```json
[{""app"": ""百度"", ""category"": ""无"", ""mode"": ""T3出行"", ""price"": false, ""price_min"": 0, ""price_max"": 0, ""fast"": false}, {""app"": ""高德地图"", ""category"": ""拼车"", ""mode"": ""无"", ""price"": false, ""price_min"": 0, ""price_max"": 0, ""fast"": false}, {""app"": ""滴滴"", ""category"": ""出租车"", ""mode"": ""无"", ""price"": false, ""price_min"": 0, ""price_max"": 0, ""fast"": false}]
```","```json
[{""app"": ""百度"", ""category"": ""无"", ""mode"": ""T3出行"", ""price"": false, ""price_min"": 0, ""price_max"": 0, ""fast"": false}, {""app"": ""高德地图"", ""category"": ""拼车"", ""mode"": ""无"", ""price"": false, ""price_min"": 0, ""price_max"": 0, ""fast"": false}, {""app"": ""滴滴"", ""category"": ""出租车"", ""mode"": ""无"", ""price"": false, ""price_min"": 0, ""price_max"": 0, ""fast"": false}]
```","['10', '12']","['10','12']",1,1,1,1,1,1,1,1,
,,百度打一个经济型的车从永宁工业集中区到南大仙林校区（地铁站），滴滴打一个专车从永宁工业集中区到南大仙林校区（地铁站），高德打一个出租车从永宁工业集中区到南大仙林校区（地铁站）,滴滴车列表,sessionId20250606lhx3044,"{'appName': '百度', 'carModelRelated': False, 'categoryRelated': True, 'fastRelated': False, 'priceRelated': False}","[{""content"":""# 用户需求：\n百度打一个经济型的车从永宁工业集中区到南大仙林校区（地铁站），滴滴打一个专车从永宁工业集中区到南大仙林校区（地铁站），高德打一个出租车从永宁工业集中区到南大仙林校区（地铁站）\n\n# 用户提供示例：\n\n\n**如果用户需求与用户提供示例相同时，必须输出用户提供的结果**"",""exts"":""{\""userHistoryInputContent\"":\""百度打一个经济型的车从永宁工业集中区到南大仙林校区（地铁站），滴滴打一个专车从永宁工业集中区到南大仙林校区（地铁站），高德打一个出租车从永宁工业集中区到南大仙林校区（地铁站）\""}""}]","```json
[{""app"": ""百度"", ""category"": ""经济型"", ""mode"": ""无"", ""price"": false, ""price_min"": 0, ""price_max"": 0, ""fast"": false}, {""app"": ""滴滴"", ""category"": ""专车"", ""mode"": ""无"", ""price"": false, ""price_min"": 0, ""price_max"": 0, ""fast"": false}, {""app"": ""高德地图"", ""category"": ""出租车"", ""mode"": ""无"", ""price"": false, ""price_min"": 0, ""price_max"": 0, ""fast"": false}]
```","```json
[{""app"": ""百度"", ""category"": ""经济型"", ""mode"": ""无"", ""price"": false, ""price_min"": 0, ""price_max"": 0, ""fast"": false}, {""app"": ""滴滴"", ""category"": ""专车"", ""mode"": ""无"", ""price"": false, ""price_min"": 0, ""price_max"": 0, ""fast"": false}, {""app"": ""高德地图"", ""category"": ""出租车"", ""mode"": ""无"", ""price"": false, ""price_min"": 0, ""price_max"": 0, ""fast"": false}]
```","['14', '16']","['14','16','28']",1,1,1,1,1,1,1,0.67,
,,分别用滴滴打一个专车和一个百度打一个T3特惠车型从南京市现代农业园到万达广场（六合店）,滴滴车列表,sessionId20250606lhx3045,"{'appName': '百度', 'carModelRelated': False, 'categoryRelated': True, 'fastRelated': False, 'priceRelated': False}","[{""content"":""# 用户需求：\n分别用滴滴打一个专车和一个百度打一个T3特惠车型从南京市现代农业园到万达广场（六合店）\n\n# 用户提供示例：\n\n\n**如果用户需求与用户提供示例相同时，必须输出用户提供的结果**"",""exts"":""{\""userHistoryInputContent\"":\""分别用滴滴打一个专车和一个百度打一个T3特惠车型从南京市现代农业园到万达广场（六合店）\""}""}]","```json
[{""app"": ""滴滴"", ""category"": ""专车"", ""mode"": ""无"", ""price"": false, ""price_min"": 0, ""price_max"": 0, ""fast"": false}, {""app"": ""百度"", ""category"": ""T3特惠车型"", ""mode"": ""无"", ""price"": false, ""price_min"": 0, ""price_max"": 0, ""fast"": false}]
```","```json
[{""app"": ""滴滴"", ""category"": ""专车"", ""mode"": ""无"", ""price"": false, ""price_min"": 0, ""price_max"": 0, ""fast"": false}, {""app"": ""百度"", ""category"": ""T3特惠车型"", ""mode"": ""无"", ""price"": false, ""price_min"": 0, ""price_max"": 0, ""fast"": false}]
```","['14', '16']","['14','16','28']",1,1,1,1,1,1,1,0.67,
,,打一个高德拼车从金证科技园南门去南京航天医院,高德车列表,sessionId20250606lhx3046,"{'appName': '高德地图', 'carModelRelated': False, 'categoryRelated': True, 'fastRelated': False, 'priceRelated': False}","[{""content"":""# 用户需求：\n打一个高德拼车从金证科技园南门去南京航天医院\n\n# 用户提供示例：\n\n\n**如果用户需求与用户提供示例相同时，必须输出用户提供的结果**"",""exts"":""{\""userHistoryInputContent\"":\""打一个高德拼车从金证科技园南门去南京航天医院\""}""}]","```json
[{""app"": ""高德地图"", ""category"": ""拼车"", ""mode"": ""无"", ""price"": false, ""price_min"": 0, ""price_max"": 0, ""fast"": false}]
```","```json
[{""app"": ""高德地图"", ""category"": ""拼车"", ""mode"": ""无"", ""price"": false, ""price_min"": 0, ""price_max"": 0, ""fast"": false}]
```",['1'],"['1','45','47']",1,1,1,1,1,1,1,0.33,
,,打一个高德从药科大地铁站1号口坐特惠快车去义乌小商品城,高德车列表,sessionId20250606lhx3047,"{'appName': '高德地图', 'carModelRelated': False, 'categoryRelated': True, 'fastRelated': False, 'priceRelated': False}","[{""content"":""# 用户需求：\n打一个高德从药科大地铁站1号口坐特惠快车去义乌小商品城\n\n# 用户提供示例：\n\n\n**如果用户需求与用户提供示例相同时，必须输出用户提供的结果**"",""exts"":""{\""userHistoryInputContent\"":\""打一个高德从药科大地铁站1号口坐特惠快车去义乌小商品城\""}""}]","```json
[{""app"": ""高德地图"", ""category"": ""特惠快车"", ""mode"": ""无"", ""price"": false, ""price_min"": 0, ""price_max"": 0, ""fast"": false}]
```","```json
[{""app"": ""高德地图"", ""category"": ""特惠快车"", ""mode"": ""无"", ""price"": false, ""price_min"": 0, ""price_max"": 0, ""fast"": false}]
```",['2'],"['2','89','90','91','92','93','94','95','96','97','98','99','100','101','102','103','104','105','106','107','108','109','110','115','116','117']",1,1,1,1,1,1,1,0.04,
,,中天荟·小龙湾南侧去金鹰国际购物中心（江宁店），用高德，需要经济车,高德车列表,sessionId20250606lhx3048,"{'appName': '高德地图', 'carModelRelated': False, 'categoryRelated': True, 'fastRelated': False, 'priceRelated': False}","[{""content"":""# 用户需求：\n中天荟·小龙湾南侧去金鹰国际购物中心（江宁店），用高德，需要经济车\n\n# 用户提供示例：\n\n\n**如果用户需求与用户提供示例相同时，必须输出用户提供的结果**"",""exts"":""{\""userHistoryInputContent\"":\""中天荟·小龙湾南侧去金鹰国际购物中心（江宁店），用高德，需要经济车\""}""}]","```json
[{""app"": ""高德地图"", ""category"": ""经济车"", ""mode"": ""无"", ""price"": false, ""price_min"": 0, ""price_max"": 0, ""fast"": false}]
```","```json
[{""app"": ""高德地图"", ""category"": ""经济车"", ""mode"": ""无"", ""price"": false, ""price_min"": 0, ""price_max"": 0, ""fast"": false}]
```","['3', '4', '5', '6', '7', '8', '9', '10', '11', '12', '13', '14', '15', '16', '17', '18', '19', '20', '21', '22', '23', '24']","['3','4','5','6','7','8','9','10','11','12','13','14','15','16','17','18','19','20','21','22','23','24','48','49','50','51','52','53','54','55','56','57','58','59','60','61','62','63','64','65','66','67','68','69','72','74','111']",1,1,1,1,1,1,1,0.47,
,,金证南京科技园南门拼车去南京南站（南进站口），高德打车,高德车列表,sessionId20250606lhx3049,"{'appName': '高德地图', 'carModelRelated': False, 'categoryRelated': True, 'fastRelated': False, 'priceRelated': False}","[{""content"":""# 用户需求：\n金证南京科技园南门拼车去南京南站（南进站口），高德打车\n\n# 用户提供示例：\n\n\n**如果用户需求与用户提供示例相同时，必须输出用户提供的结果**"",""exts"":""{\""userHistoryInputContent\"":\""金证南京科技园南门拼车去南京南站（南进站口），高德打车\""}""}]","```json
[{""app"": ""高德地图"", ""category"": ""拼车"", ""mode"": ""无"", ""price"": false, ""price_min"": 0, ""price_max"": 0, ""fast"": false}]
```","```json
[{""app"": ""高德地图"", ""category"": ""拼车"", ""mode"": ""无"", ""price"": false, ""price_min"": 0, ""price_max"": 0, ""fast"": false}]
```","['1', '105']","['1','45','47']",1,1,1,1,1,1,0,0.33,
,,南京市第一医院南院（东南门）到中国银行（南京城南支行），高德特惠快车,高德车列表,sessionId20250606lhx3050,"{'appName': '高德地图', 'carModelRelated': False, 'categoryRelated': True, 'fastRelated': False, 'priceRelated': False}","[{""content"":""# 用户需求：\n南京市第一医院南院（东南门）到中国银行（南京城南支行），高德特惠快车\n\n# 用户提供示例：\n\n\n**如果用户需求与用户提供示例相同时，必须输出用户提供的结果**"",""exts"":""{\""userHistoryInputContent\"":\""南京市第一医院南院（东南门）到中国银行（南京城南支行），高德特惠快车\""}""}]","```json
[{""app"": ""高德地图"", ""category"": ""特惠快车"", ""mode"": ""无"", ""price"": false, ""price_min"": 0, ""price_max"": 0, ""fast"": false}]
```","```json
[{""app"": ""高德地图"", ""category"": ""特惠快车"", ""mode"": ""无"", ""price"": false, ""price_min"": 0, ""price_max"": 0, ""fast"": false}]
```",['2'],"['2','89','90','91','92','93','94','95','96','97','98','99','100','101','102','103','104','105','106','107','108','109','110','115','116','117']",1,1,1,1,1,1,1,0.04,
,,高德出租车雨花台区实验小学（东北门）到大报恩寺遗址景区,高德车列表,sessionId20250606lhx3051,"{'appName': '高德地图', 'carModelRelated': False, 'categoryRelated': True, 'fastRelated': False, 'priceRelated': False}","[{""content"":""# 用户需求：\n高德出租车雨花台区实验小学（东北门）到大报恩寺遗址景区\n\n# 用户提供示例：\n\n\n**如果用户需求与用户提供示例相同时，必须输出用户提供的结果**"",""exts"":""{\""userHistoryInputContent\"":\""高德出租车雨花台区实验小学（东北门）到大报恩寺遗址景区\""}""}]","```json
[{""app"": ""高德地图"", ""category"": ""出租车"", ""mode"": ""无"", ""price"": false, ""price_min"": 0, ""price_max"": 0, ""fast"": false}]
```","```json
[{""app"": ""高德地图"", ""category"": ""出租车"", ""mode"": ""无"", ""price"": false, ""price_min"": 0, ""price_max"": 0, ""fast"": false}]
```","['22', '26']","['85','15','22','23','24','26','66','67','68','69','75','106','108','110','116','117']",1,1,1,1,1,1,1,0.12,
,,高德，莫愁湖公园到固生堂南京建邺分院，要求拼车,高德车列表,sessionId20250606lhx3052,"{'appName': '高德地图', 'carModelRelated': False, 'categoryRelated': True, 'fastRelated': False, 'priceRelated': False}","[{""content"":""# 用户需求：\n高德，莫愁湖公园到固生堂南京建邺分院，要求拼车\n\n# 用户提供示例：\n\n\n**如果用户需求与用户提供示例相同时，必须输出用户提供的结果**"",""exts"":""{\""userHistoryInputContent\"":\""高德，莫愁湖公园到固生堂南京建邺分院，要求拼车\""}""}]","```json
[{""app"": ""高德地图"", ""category"": ""拼车"", ""mode"": ""无"", ""price"": false, ""price_min"": 0, ""price_max"": 0, ""fast"": false}]
```","```json
[{""app"": ""高德地图"", ""category"": ""拼车"", ""mode"": ""无"", ""price"": false, ""price_min"": 0, ""price_max"": 0, ""fast"": false}]
```","['1', '45']","['1','45','47']",1,1,1,1,1,1,1,0.67,
,,侵华日军南京大屠杀遇难同胞纪念馆到万达广场（南京建邺店），高德六座车,高德车列表,sessionId20250606lhx3053,"{'appName': '高德地图', 'carModelRelated': False, 'categoryRelated': True, 'fastRelated': False, 'priceRelated': False}","[{""content"":""# 用户需求：\n侵华日军南京大屠杀遇难同胞纪念馆到万达广场（南京建邺店），高德六座车\n\n# 用户提供示例：\n\n\n**如果用户需求与用户提供示例相同时，必须输出用户提供的结果**"",""exts"":""{\""userHistoryInputContent\"":\""侵华日军南京大屠杀遇难同胞纪念馆到万达广场（南京建邺店），高德六座车\""}""}]","```json
[{""app"": ""高德地图"", ""category"": ""六座车"", ""mode"": ""无"", ""price"": false, ""price_min"": 0, ""price_max"": 0, ""fast"": false}]
```","```json
[{""app"": ""高德地图"", ""category"": ""六座车"", ""mode"": ""无"", ""price"": false, ""price_min"": 0, ""price_max"": 0, ""fast"": false}]
```","['2', '4', '6', '8', '10', '12', '14', '16', '18', '20', '22', '24', '26', '28', '30', '32', '34', '36', '38', '40', '42', '44', '46', '48', '50', '52', '54', '56', '58', '60', '62', '64', '66', '68', '70', '72', '74', '76', '78', '80', '82', '84', '86', '88']","['42','83','84','86','87','88','114']",1,1,1,1,1,1,0,0.57,
,,使用高德，中共江苏省委员会拼车去马鞍山10号院,高德车列表,sessionId20250606lhx3054,"{'appName': '高德地图', 'carModelRelated': False, 'categoryRelated': True, 'fastRelated': False, 'priceRelated': False}","[{""content"":""# 用户需求：\n使用高德，中共江苏省委员会拼车去马鞍山10号院\n\n# 用户提供示例：\n\n\n**如果用户需求与用户提供示例相同时，必须输出用户提供的结果**"",""exts"":""{\""userHistoryInputContent\"":\""使用高德，中共江苏省委员会拼车去马鞍山10号院\""}""}]","```json
[{""app"": ""高德地图"", ""category"": ""拼车"", ""mode"": ""无"", ""price"": false, ""price_min"": 0, ""price_max"": 0, ""fast"": false}]
```","```json
[{""app"": ""高德地图"", ""category"": ""拼车"", ""mode"": ""无"", ""price"": false, ""price_min"": 0, ""price_max"": 0, ""fast"": false}]
```",['1'],"['1','45','47']",1,1,1,1,1,1,1,0.33,
,,金证南京科技园（南门）出租车去南京南站（南进站口），高德,高德车列表,sessionId20250606lhx3055,"{'appName': '高德地图', 'carModelRelated': False, 'categoryRelated': True, 'fastRelated': False, 'priceRelated': False}","[{""content"":""# 用户需求：\n金证南京科技园（南门）出租车去南京南站（南进站口），高德\n\n# 用户提供示例：\n\n\n**如果用户需求与用户提供示例相同时，必须输出用户提供的结果**"",""exts"":""{\""userHistoryInputContent\"":\""金证南京科技园（南门）出租车去南京南站（南进站口），高德\""}""}]","```json
[{""app"": ""高德地图"", ""category"": ""出租车"", ""mode"": ""无"", ""price"": false, ""price_min"": 0, ""price_max"": 0, ""fast"": false}]
```","```json
[{""app"": ""高德地图"", ""category"": ""出租车"", ""mode"": ""无"", ""price"": false, ""price_min"": 0, ""price_max"": 0, ""fast"": false}]
```","['22', '26']","['85','15','22','23','24','26','66','67','68','69','75','106','108','110','116','117']",1,1,1,1,1,1,1,0.12,
,,用高德金证南京科技园（南门）到玄武湖，特惠车,高德车列表,sessionId20250606lhx3056,"{'appName': '高德地图', 'carModelRelated': False, 'categoryRelated': True, 'fastRelated': False, 'priceRelated': False}","[{""content"":""# 用户需求：\n用高德金证南京科技园（南门）到玄武湖，特惠车\n\n# 用户提供示例：\n\n\n**如果用户需求与用户提供示例相同时，必须输出用户提供的结果**"",""exts"":""{\""userHistoryInputContent\"":\""用高德金证南京科技园（南门）到玄武湖，特惠车\""}""}]","```json
[{""app"": ""高德地图"", ""category"": ""特惠车"", ""mode"": ""无"", ""price"": false, ""price_min"": 0, ""price_max"": 0, ""fast"": false}]
```","```json
[{""app"": ""高德地图"", ""category"": ""特惠车"", ""mode"": ""无"", ""price"": false, ""price_min"": 0, ""price_max"": 0, ""fast"": false}]
```","['2', '98']","['2','89','90','91','92','93','94','95','96','97','98','99','100','101','102','103','104','105','106','107','108','109','110','115','116','117']",1,1,1,1,1,1,1,0.08,
,,拼车从玄武湖到牛首山，用高德,高德车列表,sessionId20250606lhx3057,"{'appName': '高德地图', 'carModelRelated': False, 'categoryRelated': True, 'fastRelated': False, 'priceRelated': False}","[{""content"":""# 用户需求：\n拼车从玄武湖到牛首山，用高德\n\n# 用户提供示例：\n\n\n**如果用户需求与用户提供示例相同时，必须输出用户提供的结果**"",""exts"":""{\""userHistoryInputContent\"":\""拼车从玄武湖到牛首山，用高德\""}""}]","```json
[{""app"": ""高德地图"", ""category"": ""拼车"", ""mode"": ""无"", ""price"": false, ""price_min"": 0, ""price_max"": 0, ""fast"": false}]
```","```json
[{""app"": ""高德地图"", ""category"": ""拼车"", ""mode"": ""无"", ""price"": false, ""price_min"": 0, ""price_max"": 0, ""fast"": false}]
```","['1', '45']","['1','45','47']",1,1,1,1,1,1,1,0.67,
,,金证南京科技园（南门）到南京珍珠泉风景区（西大门），高德拼车,高德车列表,sessionId20250606lhx3058,"{'appName': '高德地图', 'carModelRelated': False, 'categoryRelated': True, 'fastRelated': False, 'priceRelated': False}","[{""content"":""# 用户需求：\n金证南京科技园（南门）到南京珍珠泉风景区（西大门），高德拼车\n\n# 用户提供示例：\n\n\n**如果用户需求与用户提供示例相同时，必须输出用户提供的结果**"",""exts"":""{\""userHistoryInputContent\"":\""金证南京科技园（南门）到南京珍珠泉风景区（西大门），高德拼车\""}""}]","```json
[{""app"": ""高德地图"", ""category"": ""拼车"", ""mode"": ""无"", ""price"": false, ""price_min"": 0, ""price_max"": 0, ""fast"": false}]
```","```json
[{""app"": ""高德地图"", ""category"": ""拼车"", ""mode"": ""无"", ""price"": false, ""price_min"": 0, ""price_max"": 0, ""fast"": false}]
```","['1', '46', '47']","['1','45','47']",1,1,1,1,1,1,0,0.67,
,,南京站到禄口国际机场，优享车，用高德,高德车列表,sessionId20250606lhx3059,"{'appName': '高德地图', 'carModelRelated': False, 'categoryRelated': True, 'fastRelated': False, 'priceRelated': False}","[{""content"":""# 用户需求：\n南京站到禄口国际机场，优享车，用高德\n\n# 用户提供示例：\n\n\n**如果用户需求与用户提供示例相同时，必须输出用户提供的结果**"",""exts"":""{\""userHistoryInputContent\"":\""南京站到禄口国际机场，优享车，用高德\""}""}]","```json
[{""app"": ""高德地图"", ""category"": ""优享车"", ""mode"": ""无"", ""price"": false, ""price_min"": 0, ""price_max"": 0, ""fast"": false}]
```","```json
[{""app"": ""高德地图"", ""category"": ""优享车"", ""mode"": ""无"", ""price"": false, ""price_min"": 0, ""price_max"": 0, ""fast"": false}]
```","['27', '28', '29', '30', '31', '32', '33', '34', '35', '36', '37', '38', '39']","['27','28','29','30','31','32','33','34','35','36','37','38','39','40','70','73','112']",1,1,1,1,1,1,1,0.76,
,,高德禄口国际机场到南京长江大桥，要六座商务车,高德车列表,sessionId20250606lhx3060,"{'appName': '高德地图', 'carModelRelated': False, 'categoryRelated': True, 'fastRelated': False, 'priceRelated': False}","[{""content"":""# 用户需求：\n高德禄口国际机场到南京长江大桥，要六座商务车\n\n# 用户提供示例：\n\n\n**如果用户需求与用户提供示例相同时，必须输出用户提供的结果**"",""exts"":""{\""userHistoryInputContent\"":\""高德禄口国际机场到南京长江大桥，要六座商务车\""}""}]","```json
[{""app"": ""高德地图"", ""category"": ""六座商务车"", ""mode"": ""无"", ""price"": false, ""price_min"": 0, ""price_max"": 0, ""fast"": false}]
```","```json
[{""app"": ""高德地图"", ""category"": ""六座商务车"", ""mode"": ""无"", ""price"": false, ""price_min"": 0, ""price_max"": 0, ""fast"": false}]
```","['2', '42']","['42','83','84','86','87','88','114']",1,1,1,1,1,1,0,0.14,
,,金证南京科技园（南门）到南京市中医院（大明路院区），要求高德的特价车,高德车列表,sessionId20250606lhx3061,"{'appName': '高德地图', 'carModelRelated': False, 'categoryRelated': True, 'fastRelated': False, 'priceRelated': False}","[{""content"":""# 用户需求：\n金证南京科技园（南门）到南京市中医院（大明路院区），要求高德的特价车\n\n# 用户提供示例：\n\n\n**如果用户需求与用户提供示例相同时，必须输出用户提供的结果**"",""exts"":""{\""userHistoryInputContent\"":\""金证南京科技园（南门）到南京市中医院（大明路院区），要求高德的特价车\""}""}]","```json
[{""app"": ""高德地图"", ""category"": ""特价车"", ""mode"": ""无"", ""price"": false, ""price_min"": 0, ""price_max"": 0, ""fast"": false}]
```","```json
[{""app"": ""高德地图"", ""category"": ""特价车"", ""mode"": ""无"", ""price"": false, ""price_min"": 0, ""price_max"": 0, ""fast"": false}]
```","['2', '98']","['2','89','90','91','92','93','94','95','96','97','98','99','100','101','102','103','104','105','106','107','108','109','110','115','116','117']",1,1,1,1,1,1,1,0.08,
,,从南京南站北广场拼车到南京雨花台风景区，最好高德,高德车列表,sessionId20250606lhx3062,"{'appName': '高德地图', 'carModelRelated': False, 'categoryRelated': True, 'fastRelated': False, 'priceRelated': False}","[{""content"":""# 用户需求：\n从南京南站北广场拼车到南京雨花台风景区，最好高德\n\n# 用户提供示例：\n\n\n**如果用户需求与用户提供示例相同时，必须输出用户提供的结果**"",""exts"":""{\""userHistoryInputContent\"":\""从南京南站北广场拼车到南京雨花台风景区，最好高德\""}""}]","```json
[{""app"": ""高德地图"", ""category"": ""拼车"", ""mode"": ""无"", ""price"": false, ""price_min"": 0, ""price_max"": 0, ""fast"": false}]
```","```json
[{""app"": ""高德地图"", ""category"": ""拼车"", ""mode"": ""无"", ""price"": false, ""price_min"": 0, ""price_max"": 0, ""fast"": false}]
```","['1', '45']","['1','45','47']",1,1,1,1,1,1,1,0.67,
,,使用高德打个快车从金证南京科技园（南门）到南京雨花万象天地,高德车列表,sessionId20250606lhx3063,"{'appName': '高德地图', 'carModelRelated': False, 'categoryRelated': True, 'fastRelated': False, 'priceRelated': False}","[{""content"":""# 用户需求：\n使用高德打个快车从金证南京科技园（南门）到南京雨花万象天地\n\n# 用户提供示例：\n\n\n**如果用户需求与用户提供示例相同时，必须输出用户提供的结果**"",""exts"":""{\""userHistoryInputContent\"":\""使用高德打个快车从金证南京科技园（南门）到南京雨花万象天地\""}""}]","```json
[{""app"": ""高德地图"", ""category"": ""快车"", ""mode"": ""无"", ""price"": false, ""price_min"": 0, ""price_max"": 0, ""fast"": false}]
```","```json
[{""app"": ""高德地图"", ""category"": ""快车"", ""mode"": ""无"", ""price"": false, ""price_min"": 0, ""price_max"": 0, ""fast"": false}]
```","['2', '25']","['2','25','89','90','91','92','93','94','95','96','97','98','99','100','101','102','103','104','105','106','107','108','109','110','115','116','117']",1,1,1,1,1,1,1,0.07,
,,从铁心桥地铁站3号口拼车到雨花万象天地，高德就行了,高德车列表,sessionId20250606lhx3064,"{'appName': '高德地图', 'carModelRelated': False, 'categoryRelated': True, 'fastRelated': False, 'priceRelated': False}","[{""content"":""# 用户需求：\n从铁心桥地铁站3号口拼车到雨花万象天地，高德就行了\n\n# 用户提供示例：\n\n\n**如果用户需求与用户提供示例相同时，必须输出用户提供的结果**"",""exts"":""{\""userHistoryInputContent\"":\""从铁心桥地铁站3号口拼车到雨花万象天地，高德就行了\""}""}]","```json
[{""app"": ""高德地图"", ""category"": ""拼车"", ""mode"": ""无"", ""price"": false, ""price_min"": 0, ""price_max"": 0, ""fast"": false}]
```","```json
[{""app"": ""高德地图"", ""category"": ""拼车"", ""mode"": ""无"", ""price"": false, ""price_min"": 0, ""price_max"": 0, ""fast"": false}]
```","['1', '105']","['1','45','47']",1,1,1,1,1,1,0,0.33,
,,高德打车从春江路地铁站打车到建邺区政务服务中心，特价车就行,高德车列表,sessionId20250606lhx3065,"{'appName': '高德地图', 'carModelRelated': False, 'categoryRelated': True, 'fastRelated': False, 'priceRelated': False}","[{""content"":""# 用户需求：\n高德打车从春江路地铁站打车到建邺区政务服务中心，特价车就行\n\n# 用户提供示例：\n\n\n**如果用户需求与用户提供示例相同时，必须输出用户提供的结果**"",""exts"":""{\""userHistoryInputContent\"":\""高德打车从春江路地铁站打车到建邺区政务服务中心，特价车就行\""}""}]","```json
[{""app"": ""高德地图"", ""category"": ""特价车"", ""mode"": ""无"", ""price"": false, ""price_min"": 0, ""price_max"": 0, ""fast"": false}]
```","```json
[{""app"": ""高德地图"", ""category"": ""特价车"", ""mode"": ""无"", ""price"": false, ""price_min"": 0, ""price_max"": 0, ""fast"": false}]
```","['2', '98']","['2','89','90','91','92','93','94','95','96','97','98','99','100','101','102','103','104','105','106','107','108','109','110','115','116','117']",1,1,1,1,1,1,1,0.08,
,,从金证科技园南门打车到雨花台风景区，用高德打一个出租车,高德车列表,sessionId20250606lhx3066,"{'appName': '高德地图', 'carModelRelated': False, 'categoryRelated': True, 'fastRelated': False, 'priceRelated': False}","[{""content"":""# 用户需求：\n从金证科技园南门打车到雨花台风景区，用高德打一个出租车\n\n# 用户提供示例：\n\n\n**如果用户需求与用户提供示例相同时，必须输出用户提供的结果**"",""exts"":""{\""userHistoryInputContent\"":\""从金证科技园南门打车到雨花台风景区，用高德打一个出租车\""}""}]","```json
[{""app"": ""高德地图"", ""category"": ""出租车"", ""mode"": ""无"", ""price"": false, ""price_min"": 0, ""price_max"": 0, ""fast"": false}]
```","```json
[{""app"": ""高德地图"", ""category"": ""出租车"", ""mode"": ""无"", ""price"": false, ""price_min"": 0, ""price_max"": 0, ""fast"": false}]
```","['22', '26']","['85','15','22','23','24','26','66','67','68','69','75','106','108','110','116','117']",1,1,1,1,1,1,1,0.12,
,,从雨花台风景区打车到新街口步行街，用高德打一辆快车,高德车列表,sessionId20250606lhx3067,"{'appName': '高德地图', 'carModelRelated': False, 'categoryRelated': True, 'fastRelated': False, 'priceRelated': False}","[{""content"":""# 用户需求：\n从雨花台风景区打车到新街口步行街，用高德打一辆快车\n\n# 用户提供示例：\n\n\n**如果用户需求与用户提供示例相同时，必须输出用户提供的结果**"",""exts"":""{\""userHistoryInputContent\"":\""从雨花台风景区打车到新街口步行街，用高德打一辆快车\""}""}]","```json
[{""app"": ""高德地图"", ""category"": ""快车"", ""mode"": ""无"", ""price"": false, ""price_min"": 0, ""price_max"": 0, ""fast"": false}]
```","```json
[{""app"": ""高德地图"", ""category"": ""快车"", ""mode"": ""无"", ""price"": false, ""price_min"": 0, ""price_max"": 0, ""fast"": false}]
```","['2', '25']","['2','25','89','90','91','92','93','94','95','96','97','98','99','100','101','102','103','104','105','106','107','108','109','110','115','116','117']",1,1,1,1,1,1,1,0.07,
,,再用高德打一辆快车从新街口步行街到夫子庙,高德车列表,sessionId20250606lhx3068,"{'appName': '高德地图', 'carModelRelated': False, 'categoryRelated': True, 'fastRelated': False, 'priceRelated': False}","[{""content"":""# 用户需求：\n再用高德打一辆快车从新街口步行街到夫子庙\n\n# 用户提供示例：\n\n\n**如果用户需求与用户提供示例相同时，必须输出用户提供的结果**"",""exts"":""{\""userHistoryInputContent\"":\""再用高德打一辆快车从新街口步行街到夫子庙\""}""}]","```json
[{""app"": ""高德地图"", ""category"": ""快车"", ""mode"": ""无"", ""price"": false, ""price_min"": 0, ""price_max"": 0, ""fast"": false}]
```","```json
[{""app"": ""高德地图"", ""category"": ""快车"", ""mode"": ""无"", ""price"": false, ""price_min"": 0, ""price_max"": 0, ""fast"": false}]
```","['2', '25']","['2','25','89','90','91','92','93','94','95','96','97','98','99','100','101','102','103','104','105','106','107','108','109','110','115','116','117']",1,1,1,1,1,1,1,0.07,
,,用高德打一辆出租车从红庙打车到南京站北广场,高德车列表,sessionId20250606lhx3069,"{'appName': '高德地图', 'carModelRelated': False, 'categoryRelated': True, 'fastRelated': False, 'priceRelated': False}","[{""content"":""# 用户需求：\n用高德打一辆出租车从红庙打车到南京站北广场\n\n# 用户提供示例：\n\n\n**如果用户需求与用户提供示例相同时，必须输出用户提供的结果**"",""exts"":""{\""userHistoryInputContent\"":\""用高德打一辆出租车从红庙打车到南京站北广场\""}""}]","```json
[{""app"": ""高德地图"", ""category"": ""出租车"", ""mode"": ""无"", ""price"": false, ""price_min"": 0, ""price_max"": 0, ""fast"": false}]
```","```json
[{""app"": ""高德地图"", ""category"": ""出租车"", ""mode"": ""无"", ""price"": false, ""price_min"": 0, ""price_max"": 0, ""fast"": false}]
```","['11', '22', '26']","['15','22','23','24','26','66','67','68','69','75','85','106','108','110','116','117']",1,1,1,1,1,1,0,0.12,
,,高德打一辆曹操出行从新街口步行街到紫金山登山道入口,高德车列表,sessionId20250606lhx3070,"{'appName': '高德地图', 'carModelRelated': True, 'categoryRelated': False, 'fastRelated': False, 'priceRelated': False}","[{""content"":""# 用户需求：\n高德打一辆曹操出行从新街口步行街到紫金山登山道入口\n\n# 用户提供示例：\n\n\n**如果用户需求与用户提供示例相同时，必须输出用户提供的结果**"",""exts"":""{\""userHistoryInputContent\"":\""高德打一辆曹操出行从新街口步行街到紫金山登山道入口\""}""}]","```json
[{""app"": ""高德地图"", ""category"": ""无"", ""mode"": ""曹操出行"", ""price"": false, ""price_min"": 0, ""price_max"": 0, ""fast"": false}]
```","```json
[{""app"": ""高德地图"", ""category"": ""无"", ""mode"": ""曹操出行"", ""price"": false, ""price_min"": 0, ""price_max"": 0, ""fast"": false}]
```","['3', '27']","['3','27','48','92']",1,1,1,1,1,1,1,0.5,
,,用高德打一辆出租车从春江路地铁站到红山森林动物园,高德车列表,sessionId20250606lhx3071,"{'appName': '高德地图', 'carModelRelated': False, 'categoryRelated': True, 'fastRelated': False, 'priceRelated': False}","[{""content"":""# 用户需求：\n用高德打一辆出租车从春江路地铁站到红山森林动物园\n\n# 用户提供示例：\n\n\n**如果用户需求与用户提供示例相同时，必须输出用户提供的结果**"",""exts"":""{\""userHistoryInputContent\"":\""用高德打一辆出租车从春江路地铁站到红山森林动物园\""}""}]","```json
[{""app"": ""高德地图"", ""category"": ""出租车"", ""mode"": ""无"", ""price"": false, ""price_min"": 0, ""price_max"": 0, ""fast"": false}]
```","```json
[{""app"": ""高德地图"", ""category"": ""出租车"", ""mode"": ""无"", ""price"": false, ""price_min"": 0, ""price_max"": 0, ""fast"": false}]
```","['22', '26', '57', '66', '67', '68', '69', '75', '85']","['15','22','23','24','26','66','67','68','69','75','85','106','108','110','116','117']",1,1,1,1,1,1,0,0.5,
,,用高德打一辆出租车从城北万象汇B馆到贾西地铁站,高德车列表,sessionId20250606lhx3072,"{'appName': '高德地图', 'carModelRelated': False, 'categoryRelated': True, 'fastRelated': False, 'priceRelated': False}","[{""content"":""# 用户需求：\n用高德打一辆出租车从城北万象汇B馆到贾西地铁站\n\n# 用户提供示例：\n\n\n**如果用户需求与用户提供示例相同时，必须输出用户提供的结果**"",""exts"":""{\""userHistoryInputContent\"":\""用高德打一辆出租车从城北万象汇B馆到贾西地铁站\""}""}]","```json
[{""app"": ""高德地图"", ""category"": ""出租车"", ""mode"": ""无"", ""price"": false, ""price_min"": 0, ""price_max"": 0, ""fast"": false}]
```","```json
[{""app"": ""高德地图"", ""category"": ""出租车"", ""mode"": ""无"", ""price"": false, ""price_min"": 0, ""price_max"": 0, ""fast"": false}]
```","['22', '26', '57', '66', '67', '68', '69', '75', '85']","['15','22','23','24','26','66','67','68','69','75','85','106','108','110','116','117']",1,1,1,1,1,1,0,0.5,
,,高德打一辆快车从南京国际博览中心4号门去瘦西湖东门价格400以内,高德车列表,sessionId20250606lhx3073,"{'appName': '高德地图', 'carModelRelated': False, 'categoryRelated': True, 'fastRelated': False, 'priceRelated': True}","[{""content"":""# 用户需求：\n高德打一辆快车从南京国际博览中心4号门去瘦西湖东门价格400以内\n\n# 用户提供示例：\n\n\n**如果用户需求与用户提供示例相同时，必须输出用户提供的结果**"",""exts"":""{\""userHistoryInputContent\"":\""高德打一辆快车从南京国际博览中心4号门去瘦西湖东门价格400以内\""}""}]","```json
[{""app"": ""高德地图"", ""category"": ""快车"", ""mode"": ""无"", ""price"": true, ""price_min"": 0, ""price_max"": 400, ""fast"": false}]
```","```json
[{""app"": ""高德地图"", ""category"": ""快车"", ""mode"": ""无"", ""price"": true, ""price_min"": 0, ""price_max"": 400, ""fast"": false}]
```","['2', '25']","['2','25','89','90','91','92','93','94','95','96','97','98','99','100','101','102','103','104','105','106','107','108','109','110','115','116','117']",1,1,1,1,1,1,1,0.07,
,,用高德打一辆快车从雨花客厅去南京六合平山会议中心,高德车列表,sessionId20250606lhx3074,"{'appName': '高德地图', 'carModelRelated': False, 'categoryRelated': True, 'fastRelated': False, 'priceRelated': False}","[{""content"":""# 用户需求：\n用高德打一辆快车从雨花客厅去南京六合平山会议中心\n\n# 用户提供示例：\n\n\n**如果用户需求与用户提供示例相同时，必须输出用户提供的结果**"",""exts"":""{\""userHistoryInputContent\"":\""用高德打一辆快车从雨花客厅去南京六合平山会议中心\""}""}]","```json
[{""app"": ""高德地图"", ""category"": ""快车"", ""mode"": ""无"", ""price"": false, ""price_min"": 0, ""price_max"": 0, ""fast"": false}]
```","```json
[{""app"": ""高德地图"", ""category"": ""快车"", ""mode"": ""无"", ""price"": false, ""price_min"": 0, ""price_max"": 0, ""fast"": false}]
```","['2', '25']","['2','25','89','90','91','92','93','94','95','96','97','98','99','100','101','102','103','104','105','106','107','108','109','110','115','116','117']",1,1,1,1,1,1,1,0.07,
,,高德打一辆出租车从南京银杏湖乐园到汤山风景区，要求不超过30元,高德车列表,sessionId20250606lhx3075,"{'appName': '高德地图', 'carModelRelated': False, 'categoryRelated': True, 'fastRelated': False, 'priceRelated': True}","[{""content"":""# 用户需求：\n高德打一辆出租车从南京银杏湖乐园到汤山风景区，要求不超过30元\n\n# 用户提供示例：\n\n\n**如果用户需求与用户提供示例相同时，必须输出用户提供的结果**"",""exts"":""{\""userHistoryInputContent\"":\""高德打一辆出租车从南京银杏湖乐园到汤山风景区，要求不超过30元\""}""}]","```json
[{""app"": ""高德地图"", ""category"": ""出租车"", ""mode"": ""无"", ""price"": true, ""price_min"": 0, ""price_max"": 30, ""fast"": false}]
```","```json
[{""app"": ""高德地图"", ""category"": ""出租车"", ""mode"": ""无"", ""price"": true, ""price_min"": 0, ""price_max"": 30, ""fast"": false}]
```","['22', '26']","['85','15','22','23','24','26','66','67','68','69','75','106','108','110','116','117']",1,1,1,1,1,1,1,0.12,
,,高德打一辆特价车从三江学院打车到马群公寓，价格20到30元,高德车列表,sessionId20250606lhx3076,"{'appName': '高德地图', 'carModelRelated': False, 'categoryRelated': True, 'fastRelated': False, 'priceRelated': True}","[{""content"":""# 用户需求：\n高德打一辆特价车从三江学院打车到马群公寓，价格20到30元\n\n# 用户提供示例：\n\n\n**如果用户需求与用户提供示例相同时，必须输出用户提供的结果**"",""exts"":""{\""userHistoryInputContent\"":\""高德打一辆特价车从三江学院打车到马群公寓，价格20到30元\""}""}]","```json
[{""app"": ""高德地图"", ""category"": ""特价车"", ""mode"": ""无"", ""price"": true, ""price_min"": 20, ""price_max"": 30, ""fast"": false}]
```","```json
[{""app"": ""高德地图"", ""category"": ""特价车"", ""mode"": ""无"", ""price"": true, ""price_min"": 20, ""price_max"": 30, ""fast"": false}]
```",['2'],['2'],1,1,1,1,1,1,1,1,
,,高德打一辆出租车从南京铁心桥小学渡江胜利纪念馆，价格不超过33元,高德车列表,sessionId20250606lhx3077,"{'appName': '高德地图', 'carModelRelated': False, 'categoryRelated': True, 'fastRelated': False, 'priceRelated': True}","[{""content"":""# 用户需求：\n高德打一辆出租车从南京铁心桥小学渡江胜利纪念馆，价格不超过33元\n\n# 用户提供示例：\n\n\n**如果用户需求与用户提供示例相同时，必须输出用户提供的结果**"",""exts"":""{\""userHistoryInputContent\"":\""高德打一辆出租车从南京铁心桥小学渡江胜利纪念馆，价格不超过33元\""}""}]","```json
[{""app"": ""高德地图"", ""category"": ""出租车"", ""mode"": ""无"", ""price"": true, ""price_min"": 0, ""price_max"": 33, ""fast"": false}]
```","```json
[{""app"": ""高德地图"", ""category"": ""出租车"", ""mode"": ""无"", ""price"": true, ""price_min"": 0, ""price_max"": 33, ""fast"": false}]
```","['22', '26']","['85','15','22','23','24','26','66','67','68','69','75','106','108','110','116','117']",1,1,1,1,1,1,1,0.12,
,,高德打一辆经济型车从南京博物院南门西侧到江北新区中央商务区健康金融大厦，价格不限制,高德车列表,sessionId20250606lhx3078,"{'appName': '高德地图', 'carModelRelated': False, 'categoryRelated': True, 'fastRelated': False, 'priceRelated': False}","[{""content"":""# 用户需求：\n高德打一辆经济型车从南京博物院南门西侧到江北新区中央商务区健康金融大厦，价格不限制\n\n# 用户提供示例：\n\n\n**如果用户需求与用户提供示例相同时，必须输出用户提供的结果**"",""exts"":""{\""userHistoryInputContent\"":\""高德打一辆经济型车从南京博物院南门西侧到江北新区中央商务区健康金融大厦，价格不限制\""}""}]","```json
[{""app"": ""高德地图"", ""category"": ""经济型车"", ""mode"": ""无"", ""price"": false, ""price_min"": 0, ""price_max"": 0, ""fast"": false}]
```","```json
[{""app"": ""高德地图"", ""category"": ""经济型车"", ""mode"": ""无"", ""price"": false, ""price_min"": 0, ""price_max"": 0, ""fast"": false}]
```","['3', '4', '5', '6', '7', '8', '9', '10', '11', '12', '13', '14', '15', '16', '17', '18', '19', '20', '21', '22', '23', '24', '51', '52', '53', '54', '55', '56', '57', '58', '59', '60', '61', '62', '63', '64', '65', '66', '67', '68', '69']","['3','4','5','6','7','8','9','10','11','12','13','14','15','16','17','18','19','20','21','22','23','24','48','49','50','51','52','53','54','55','56','57','58','59','60','61','62','63','64','65','66','67','68','69','72','74','111']",1,1,1,1,1,1,1,0.87,
,,打一辆快车金证南京科技园南门打车去镇江金山风景区，高德，价格40以内,高德车列表,sessionId20250606lhx3079,"{'appName': '高德地图', 'carModelRelated': False, 'categoryRelated': True, 'fastRelated': False, 'priceRelated': True}","[{""content"":""# 用户需求：\n打一辆快车金证南京科技园南门打车去镇江金山风景区，高德，价格40以内\n\n# 用户提供示例：\n\n\n**如果用户需求与用户提供示例相同时，必须输出用户提供的结果**"",""exts"":""{\""userHistoryInputContent\"":\""打一辆快车金证南京科技园南门打车去镇江金山风景区，高德，价格40以内\""}""}]","```json
[{""app"": ""高德地图"", ""category"": ""快车"", ""mode"": ""无"", ""price"": true, ""price_min"": 0, ""price_max"": 40, ""fast"": false}]
```","```json
[{""app"": ""高德地图"", ""category"": ""快车"", ""mode"": ""无"", ""price"": true, ""price_min"": 0, ""price_max"": 40, ""fast"": false}]
```",['2'],"['2','25','89','90','91','92','93','94','95','96','97','98','99','100','101','102','103','104','105','106','107','108','109','110','115','116','117']",1,1,1,1,1,1,1,0.04,
,,打一辆出租车从栖霞山风景名胜区南门到马鞍山东站，高德打车就行了,高德车列表,sessionId20250606lhx3080,"{'appName': '高德地图', 'carModelRelated': False, 'categoryRelated': True, 'fastRelated': False, 'priceRelated': False}","[{""content"":""# 用户需求：\n打一辆出租车从栖霞山风景名胜区南门到马鞍山东站，高德打车就行了\n\n# 用户提供示例：\n\n\n**如果用户需求与用户提供示例相同时，必须输出用户提供的结果**"",""exts"":""{\""userHistoryInputContent\"":\""打一辆出租车从栖霞山风景名胜区南门到马鞍山东站，高德打车就行了\""}""}]","```json
[{""app"": ""高德地图"", ""category"": ""出租车"", ""mode"": ""无"", ""price"": false, ""price_min"": 0, ""price_max"": 0, ""fast"": false}]
```","```json
[{""app"": ""高德地图"", ""category"": ""出租车"", ""mode"": ""无"", ""price"": false, ""price_min"": 0, ""price_max"": 0, ""fast"": false}]
```","['11', '22', '26']","['15','22','23','24','26','66','67','68','69','75','85','106','108','110','116','117']",1,1,1,1,1,1,0,0.12,
,,用高德打一辆拼车扬州东站打车到泰州凤城河风景区,高德车列表,sessionId20250606lhx3081,"{'appName': '高德地图', 'carModelRelated': False, 'categoryRelated': True, 'fastRelated': False, 'priceRelated': False}","[{""content"":""# 用户需求：\n用高德打一辆拼车扬州东站打车到泰州凤城河风景区\n\n# 用户提供示例：\n\n\n**如果用户需求与用户提供示例相同时，必须输出用户提供的结果**"",""exts"":""{\""userHistoryInputContent\"":\""用高德打一辆拼车扬州东站打车到泰州凤城河风景区\""}""}]","```json
[{""app"": ""高德地图"", ""category"": ""拼车"", ""mode"": ""无"", ""price"": false, ""price_min"": 0, ""price_max"": 0, ""fast"": false}]
```","```json
[{""app"": ""高德地图"", ""category"": ""拼车"", ""mode"": ""无"", ""price"": false, ""price_min"": 0, ""price_max"": 0, ""fast"": false}]
```","['1', '25']","['1','45','47']",1,1,1,1,1,1,0,0.33,
,,从金证南京科技园-南门到蔚蓝星座，用高德打一辆专车,高德车列表,sessionId20250606lhx3082,"{'appName': '高德地图', 'carModelRelated': True, 'categoryRelated': False, 'fastRelated': False, 'priceRelated': False}","[{""content"":""# 用户需求：\n从金证南京科技园-南门到蔚蓝星座，用高德打一辆专车\n\n# 用户提供示例：\n\n\n**如果用户需求与用户提供示例相同时，必须输出用户提供的结果**"",""exts"":""{\""userHistoryInputContent\"":\""从金证南京科技园-南门到蔚蓝星座，用高德打一辆专车\""}""}]","```json
[{""app"": ""高德地图"", ""category"": ""无"", ""mode"": ""专车"", ""price"": false, ""price_min"": 0, ""price_max"": 0, ""fast"": false}]
```","```json
[{""app"": ""高德地图"", ""category"": ""无"", ""mode"": ""专车"", ""price"": false, ""price_min"": 0, ""price_max"": 0, ""fast"": false}]
```","['11', '36', '44', '64', '71', '73', '76', '77', '78', '79', '82']","['76','77','78','79','80','81','113','118','11','36','41','54','71','73','82','88','99','114']",1,1,1,1,1,1,0,0.5,
,,用高德打一辆专车从蓝筹谷-3号楼到国资大厦,高德车列表,sessionId20250606lhx3083,"{'appName': '高德地图', 'carModelRelated': True, 'categoryRelated': False, 'fastRelated': False, 'priceRelated': False}","[{""content"":""# 用户需求：\n用高德打一辆专车从蓝筹谷-3号楼到国资大厦\n\n# 用户提供示例：\n\n\n**如果用户需求与用户提供示例相同时，必须输出用户提供的结果**"",""exts"":""{\""userHistoryInputContent\"":\""用高德打一辆专车从蓝筹谷-3号楼到国资大厦\""}""}]","```json
[{""app"": ""高德地图"", ""category"": ""无"", ""mode"": ""专车"", ""price"": false, ""price_min"": 0, ""price_max"": 0, ""fast"": false}]
```","```json
[{""app"": ""高德地图"", ""category"": ""无"", ""mode"": ""专车"", ""price"": false, ""price_min"": 0, ""price_max"": 0, ""fast"": false}]
```","['11', '36', '44', '64', '71', '73', '76', '77', '78', '79', '82']","['76','77','78','79','80','81','113','118','11','36','41','54','71','73','82','88','99','114']",1,1,1,1,1,1,0,0.5,
,,用高德地图打一辆T3轻享从epark到南京市中医院，价格30元上下浮动5元,高德车列表,sessionId20250606lhx3084,"{'appName': '高德地图', 'carModelRelated': True, 'categoryRelated': False, 'fastRelated': False, 'priceRelated': True}","[{""content"":""# 用户需求：\n用高德地图打一辆T3轻享从epark到南京市中医院，价格30元上下浮动5元\n\n# 用户提供示例：\n\n\n**如果用户需求与用户提供示例相同时，必须输出用户提供的结果**"",""exts"":""{\""userHistoryInputContent\"":\""用高德地图打一辆T3轻享从epark到南京市中医院，价格30元上下浮动5元\""}""}]","```json
[{""app"": ""高德地图"", ""category"": ""无"", ""mode"": ""T3轻享"", ""price"": true, ""price_min"": 25, ""price_max"": 35, ""fast"": false}]
```","```json
[{""app"": ""高德地图"", ""category"": ""无"", ""mode"": ""T3轻享"", ""price"": true, ""price_min"": 25, ""price_max"": 35, ""fast"": false}]
```",['4'],[],1,1,1,1,1,1,0,0,
,,用高德地图打一辆快车从沃尔玛（虹悦城店）到富颐活力广场,高德车列表,sessionId20250606lhx3085,"{'appName': '高德地图', 'carModelRelated': False, 'categoryRelated': True, 'fastRelated': False, 'priceRelated': False}","[{""content"":""# 用户需求：\n用高德地图打一辆快车从沃尔玛（虹悦城店）到富颐活力广场\n\n# 用户提供示例：\n\n\n**如果用户需求与用户提供示例相同时，必须输出用户提供的结果**"",""exts"":""{\""userHistoryInputContent\"":\""用高德地图打一辆快车从沃尔玛（虹悦城店）到富颐活力广场\""}""}]","```json
[{""app"": ""高德地图"", ""category"": ""快车"", ""mode"": ""无"", ""price"": false, ""price_min"": 0, ""price_max"": 0, ""fast"": false}]
```","```json
[{""app"": ""高德地图"", ""category"": ""快车"", ""mode"": ""无"", ""price"": false, ""price_min"": 0, ""price_max"": 0, ""fast"": false}]
```","['2', '25']","['2','25','89','90','91','92','93','94','95','96','97','98','99','100','101','102','103','104','105','106','107','108','109','110','115','116','117']",1,1,1,1,1,1,1,0.07,
,,用高德打一辆叮叮出行从雨花市民中心-南门西侧到六合区平山林场,高德车列表,sessionId20250606lhx3086,"{'appName': '高德地图', 'carModelRelated': True, 'categoryRelated': False, 'fastRelated': False, 'priceRelated': False}","[{""content"":""# 用户需求：\n用高德打一辆叮叮出行从雨花市民中心-南门西侧到六合区平山林场\n\n# 用户提供示例：\n\n\n**如果用户需求与用户提供示例相同时，必须输出用户提供的结果**"",""exts"":""{\""userHistoryInputContent\"":\""用高德打一辆叮叮出行从雨花市民中心-南门西侧到六合区平山林场\""}""}]","```json
[{""app"": ""高德地图"", ""category"": ""无"", ""mode"": ""叮叮出行"", ""price"": false, ""price_min"": 0, ""price_max"": 0, ""fast"": false}]
```","```json
[{""app"": ""高德地图"", ""category"": ""无"", ""mode"": ""叮叮出行"", ""price"": false, ""price_min"": 0, ""price_max"": 0, ""fast"": false}]
```","['12', '38']","['12','38','63','78','86','98']",1,1,1,1,1,1,1,0.33,
,,用高德打一辆出租车从天隆寺到浦口科创广场，价格不高于40元,高德车列表,sessionId20250606lhx3087,"{'appName': '高德地图', 'carModelRelated': False, 'categoryRelated': True, 'fastRelated': False, 'priceRelated': True}","[{""content"":""# 用户需求：\n用高德打一辆出租车从天隆寺到浦口科创广场，价格不高于40元\n\n# 用户提供示例：\n\n\n**如果用户需求与用户提供示例相同时，必须输出用户提供的结果**"",""exts"":""{\""userHistoryInputContent\"":\""用高德打一辆出租车从天隆寺到浦口科创广场，价格不高于40元\""}""}]","```json
[{""app"": ""高德地图"", ""category"": ""出租车"", ""mode"": ""无"", ""price"": true, ""price_min"": 0, ""price_max"": 40, ""fast"": false}]
```","```json
[{""app"": ""高德地图"", ""category"": ""出租车"", ""mode"": ""无"", ""price"": true, ""price_min"": 0, ""price_max"": 40, ""fast"": false}]
```","['22', '26']","['85','15','22','23','24','26','66','67','68','69','75','106','108','110','116','117']",1,1,1,1,1,1,1,0.12,
,,高德打一辆T3出行从江宁城建集团-东北门到玉桥商业广场，速度要快,高德车列表,sessionId20250606lhx3088,"{'appName': '高德地图', 'carModelRelated': True, 'categoryRelated': False, 'fastRelated': True, 'priceRelated': False}","[{""content"":""# 用户需求：\n高德打一辆T3出行从江宁城建集团-东北门到玉桥商业广场，速度要快\n\n# 用户提供示例：\n\n\n**如果用户需求与用户提供示例相同时，必须输出用户提供的结果**"",""exts"":""{\""userHistoryInputContent\"":\""高德打一辆T3出行从江宁城建集团-东北门到玉桥商业广场，速度要快\""}""}]","```json
[{""app"": ""高德地图"", ""category"": ""无"", ""mode"": ""T3出行"", ""price"": false, ""price_min"": 0, ""price_max"": 0, ""fast"": true}]
```","```json
[{""app"": ""高德地图"", ""category"": ""无"", ""mode"": ""T3出行"", ""price"": false, ""price_min"": 0, ""price_max"": 0, ""fast"": true}]
```","['4', '14']","['4','29','49']",1,0,1,1,1,1,0,0.33,
,,高德打一个出租车从永宁工业集中区到南大仙林校区（地铁站），越快越好,高德车列表,sessionId20250606lhx3089,"{'appName': '高德地图', 'carModelRelated': False, 'categoryRelated': True, 'fastRelated': True, 'priceRelated': False}","[{""content"":""# 用户需求：\n高德打一个出租车从永宁工业集中区到南大仙林校区（地铁站），越快越好\n\n# 用户提供示例：\n\n\n**如果用户需求与用户提供示例相同时，必须输出用户提供的结果**"",""exts"":""{\""userHistoryInputContent\"":\""高德打一个出租车从永宁工业集中区到南大仙林校区（地铁站），越快越好\""}""}]","```json
[{""app"": ""高德地图"", ""category"": ""出租车"", ""mode"": ""无"", ""price"": false, ""price_min"": 0, ""price_max"": 0, ""fast"": true}]
```","```json
[{""app"": ""高德地图"", ""category"": ""出租车"", ""mode"": ""无"", ""price"": false, ""price_min"": 0, ""price_max"": 0, ""fast"": true}]
```","['22', '26']","['85','15','22','23','24','26','66','67','68','69','75','106','108','110','116','117']",1,0,1,1,1,1,1,0.12,
,,用高德打一个专车从南京市现代农业园到万达广场（六合店），尽快到达目的地,高德车列表,sessionId20250606lhx3090,"{'appName': '高德地图', 'carModelRelated': False, 'categoryRelated': True, 'fastRelated': True, 'priceRelated': False}","[{""content"":""# 用户需求：\n用高德打一个专车从南京市现代农业园到万达广场（六合店），尽快到达目的地\n\n# 用户提供示例：\n\n\n**如果用户需求与用户提供示例相同时，必须输出用户提供的结果**"",""exts"":""{\""userHistoryInputContent\"":\""用高德打一个专车从南京市现代农业园到万达广场（六合店），尽快到达目的地\""}""}]","```json
[{""app"": ""高德地图"", ""category"": ""专车"", ""mode"": ""无"", ""price"": false, ""price_min"": 0, ""price_max"": 0, ""fast"": true}]
```","```json
[{""app"": ""高德地图"", ""category"": ""专车"", ""mode"": ""无"", ""price"": false, ""price_min"": 0, ""price_max"": 0, ""fast"": true}]
```","['11', '36', '44', '64', '71', '73', '76', '77', '78', '79', '82', '88']","['76','77','78','79','80','81','113','118','11','36','41','54','71','73','82','88','99','114']",1,0,1,1,1,1,0,0.56,